timestamp,location,co,nh3,temperature,humidity,co2,voc,pm25,iaq
2025-11-25 12:00:27+05:30,1256,163.0,42.0,33.8,49.0,520,18,21,154.9
2025-11-25 12:01:30+05:30,1257,162.0,37.0,33.8,49.0,637,36,9,179.0
2025-11-25 12:02:32+05:30,1258,173.0,47.0,33.7,50.0,679,42,3,193.2
2025-11-25 12:03:34+05:30,1259,168.0,37.0,33.3,51.0,539,21,0,156.7
2025-11-25 12:04:36+05:30,1260,168.0,37.0,33.3,52.0,697,45,0,193.1
2025-11-25 12:05:37+05:30,1261,170.0,40.0,33.3,52.0,717,48,20,201.0
2025-11-25 12:06:39+05:30,1262,171.0,40.0,33.3,53.0,730,50,4,202.6
2025-11-25 12:07:40+05:30,1263,171.0,42.0,33.3,53.0,570,25,6,166.4
2025-11-25 12:08:42+05:30,1264,167.0,38.0,33.3,53.0,692,44,3,192.3
2025-11-25 12:09:44+05:30,1265,172.0,40.0,33.3,53.0,699,45,0,195.2
2025-11-25 12:10:45+05:30,1266,172.0,40.0,33.3,53.0,714,47,4,199.0
2025-11-25 12:11:47+05:30,1267,168.0,39.0,33.3,52.0,615,32,0,174.7
2025-11-25 12:12:48+05:30,1268,168.0,39.0,33.3,52.0,702,46,0,194.9
2025-11-25 12:13:50+05:30,1269,166.0,42.0,33.3,52.0,668,40,4,187.8
2025-11-25 12:14:51+05:30,1270,167.0,39.0,33.3,51.0,612,32,0,173.9
2025-11-25 12:15:53+05:30,1271,167.0,42.0,33.3,50.0,600,30,3,172.3
2025-11-25 12:16:55+05:30,1272,170.0,43.0,33.3,50.0,581,27,5,169.0
2025-11-25 12:17:56+05:30,1273,178.0,44.0,33.3,50.0,546,22,14,163.8
2025-11-25 12:18:58+05:30,1274,163.0,42.0,33.3,49.0,520,18,19,154.7
2025-11-25 12:20:00+05:30,1275,161.0,37.0,33.8,45.0,502,15,0,146.7
2025-11-25 12:21:01+05:30,1276,163.0,44.0,33.8,44.0,501,15,4,149.4
2025-11-25 12:22:03+05:30,1277,156.0,35.0,33.8,43.0,519,18,0,149.1
2025-11-25 12:23:05+05:30,1278,156.0,35.0,33.8,42.0,534,20,0,152.5
2025-11-25 12:24:06+05:30,1279,154.0,38.0,33.8,41.0,501,15,0,145.4
2025-11-25 12:25:08+05:30,1280,150.0,38.0,34.2,40.0,534,20,1,152.3
2025-11-25 12:26:10+05:30,1281,154.0,40.0,34.2,39.0,542,21,0,155.4
2025-11-25 12:27:11+05:30,1282,153.0,42.0,34.2,39.0,551,23,6,158.6
2025-11-25 12:28:13+05:30,1283,151.0,38.0,34.2,39.0,526,19,0,150.6
2025-11-25 12:29:14+05:30,1284,151.0,38.0,33.8,40.0,650,38,0,179.2
2025-11-25 12:30:16+05:30,1285,156.0,40.0,33.8,41.0,679,42,0,187.4
2025-11-25 12:31:18+05:30,1286,149.0,37.0,33.8,41.0,710,47,1,192.4
2025-11-25 12:32:19+05:30,1287,156.0,36.0,33.8,42.0,656,39,0,181.0
2025-11-25 12:33:20+05:30,1288,157.0,43.0,33.8,41.0,704,46,0,194.3
2025-11-25 12:34:22+05:30,1289,154.0,35.0,33.8,42.0,726,49,0,196.3
2025-11-25 12:35:23+05:30,1290,159.0,45.0,33.8,43.0,752,53,7,207.0
2025-11-25 12:36:25+05:30,1291,157.0,38.0,33.4,44.0,591,29,134,180.2
2025-11-25 12:37:27+05:30,1292,158.0,38.0,33.3,45.0,810,62,0,217.4
2025-11-25 12:38:28+05:30,1293,159.0,39.0,33.3,45.0,830,65,0,222.5
2025-11-25 12:39:30+05:30,1294,164.0,40.0,33.3,45.0,817,63,136,234.4
2025-11-25 12:40:31+05:30,1295,163.0,43.0,33.3,46.0,851,68,0,229.3
2025-11-25 12:41:33+05:30,1296,161.0,38.0,33.3,46.0,868,71,0,231.4
2025-11-25 12:42:35+05:30,1297,159.0,38.0,33.3,46.0,857,69,0,228.4
2025-11-25 12:43:36+05:30,1298,162.0,38.0,33.3,46.0,874,72,0,233.0
2025-11-25 12:44:39+05:30,1299,162.0,38.0,33.3,47.0,877,72,0,233.6
2025-11-25 12:45:40+05:30,1300,165.0,42.0,33.3,47.0,882,73,0,236.6
2025-11-25 12:46:42+05:30,1301,168.0,40.0,33.3,47.0,897,75,120,252.0
2025-11-25 12:47:44+05:30,1302,163.0,38.0,33.3,48.0,895,75,0,238.0
2025-11-25 12:48:45+05:30,1303,167.0,43.0,33.3,48.0,900,76,0,241.5
2025-11-25 12:49:47+05:30,1304,163.0,35.0,33.3,48.0,885,73,0,234.7
2025-11-25 12:50:49+05:30,1305,167.0,43.0,33.3,48.0,885,73,1,238.0
2025-11-25 12:51:51+05:30,1306,163.0,38.0,33.3,48.0,857,69,5,229.7
2025-11-25 12:52:52+05:30,1307,163.0,38.0,33.3,47.0,855,69,0,228.8
2025-11-25 12:53:53+05:30,1308,163.0,38.0,33.3,47.0,870,71,0,232.2
2025-11-25 12:54:55+05:30,1309,164.0,40.0,33.3,48.0,874,72,0,234.0
2025-11-25 12:55:56+05:30,1310,167.0,42.0,33.3,48.0,865,70,5,233.5
2025-11-25 12:56:57+05:30,1311,164.0,38.0,33.3,48.0,840,67,7,226.3
2025-11-25 12:57:59+05:30,1312,163.0,38.0,33.3,47.0,815,63,0,219.6
2025-11-25 12:59:00+05:30,1313,163.0,35.0,33.3,46.0,795,60,0,214.1
2025-11-25 13:00:02+05:30,1314,167.0,40.0,33.2,46.0,785,58,0,214.0
2025-11-25 13:01:03+05:30,1315,169.0,40.0,33.2,46.0,778,57,4,213.2
2025-11-25 13:02:05+05:30,1316,167.0,42.0,33.2,46.0,686,43,28,194.6
2025-11-25 13:03:06+05:30,1317,165.0,42.0,33.1,46.0,772,56,3,211.5
2025-11-25 13:04:09+05:30,1318,172.0,48.0,33.2,46.0,770,56,48,218.8
2025-11-25 13:05:11+05:30,1319,163.0,38.0,33.3,46.0,659,39,0,183.6
2025-11-25 13:06:13+05:30,1320,166.0,42.0,33.3,45.0,706,46,3,196.5
2025-11-25 13:07:14+05:30,1321,163.0,38.0,33.3,45.0,714,47,0,196.2
2025-11-25 13:08:18+05:30,1322,161.0,35.0,33.2,45.0,697,45,0,191.1
2025-11-25 13:09:21+05:30,1323,164.0,43.0,33.1,45.0,732,50,0,202.1
2025-11-25 13:10:22+05:30,1324,167.0,40.0,32.9,46.0,717,48,4,198.8
2025-11-25 13:11:24+05:30,1325,160.0,37.0,32.9,46.0,702,46,1,192.8
2025-11-25 13:12:26+05:30,1326,159.0,38.0,33.2,45.0,699,45,0,192.0
2025-11-25 13:13:26+05:30,1327,170.0,44.0,32.9,46.0,624,34,0,178.8
2025-11-25 13:14:29+05:30,1328,170.0,42.0,32.9,46.0,704,46,0,196.6
2025-11-25 13:15:30+05:30,1329,164.0,39.0,32.9,47.0,688,43,61,196.8
2025-11-25 13:16:32+05:30,1330,168.0,39.0,33.2,45.0,666,40,106,197.1
2025-11-25 13:17:34+05:30,1331,162.0,38.0,33.3,45.0,646,37,79,188.3
2025-11-25 13:18:35+05:30,1332,159.0,38.0,33.3,45.0,652,38,0,181.2
2025-11-25 13:19:37+05:30,1333,160.0,37.0,33.3,45.0,650,38,64,187.1
2025-11-25 13:20:39+05:30,1334,159.0,38.0,33.3,45.0,519,18,0,150.6
2025-11-25 13:21:41+05:30,1335,159.0,38.0,33.3,45.0,638,36,0,178.0
2025-11-25 13:22:43+05:30,1336,159.0,38.0,33.3,45.0,624,34,0,174.8
2025-11-25 13:23:45+05:30,1337,159.0,38.0,33.3,44.0,620,33,0,173.8
2025-11-25 13:24:46+05:30,1338,159.0,38.0,33.3,44.0,612,32,0,172.0
2025-11-25 13:25:48+05:30,1339,159.0,38.0,33.3,44.0,605,31,0,170.4
2025-11-25 13:26:50+05:30,1340,160.0,38.0,33.3,44.0,624,34,0,175.0
2025-11-25 13:27:51+05:30,1341,159.0,39.0,33.3,44.0,634,35,0,177.3
2025-11-25 13:28:53+05:30,1342,159.0,38.0,33.3,45.0,650,38,0,180.8
2025-11-25 13:29:56+05:30,1343,164.0,40.0,33.3,45.0,730,50,0,200.8
2025-11-25 13:30:58+05:30,1344,162.0,42.0,33.3,45.0,682,42,2,190.0
2025-11-25 13:31:59+05:30,1345,163.0,38.0,33.3,45.0,776,57,21,212.7
2025-11-25 13:33:01+05:30,1346,168.0,40.0,33.2,46.0,780,57,4,213.4
2025-11-25 13:34:03+05:30,1347,170.0,40.0,33.3,46.0,742,52,0,204.8
2025-11-25 13:35:04+05:30,1348,165.0,41.0,33.3,46.0,793,59,0,215.7
2025-11-25 13:36:07+05:30,1349,166.0,37.0,33.2,46.0,800,60,7,217.0
2025-11-25 13:37:08+05:30,1350,166.0,42.0,33.2,46.0,776,57,3,212.7
2025-11-25 13:38:12+05:30,1351,166.0,42.0,33.2,46.0,793,59,0,216.2
2025-11-25 13:39:14+05:30,1352,170.0,40.0,33.2,46.0,798,60,0,217.6
2025-11-25 13:40:17+05:30,1353,167.0,38.0,33.3,46.0,778,57,0,211.8
2025-11-25 13:41:18+05:30,1354,165.0,35.0,33.2,46.0,785,58,0,212.1
2025-11-25 13:42:21+05:30,1355,167.0,38.0,33.2,46.0,808,62,0,218.8
2025-11-25 13:43:22+05:30,1356,165.0,35.0,33.3,46.0,785,58,1,212.2
2025-11-25 13:44:24+05:30,1357,165.0,38.0,33.3,46.0,754,53,20,207.8
2025-11-25 13:45:26+05:30,1358,170.0,41.0,33.3,46.0,754,53,83,216.0
2025-11-25 13:46:31+05:30,1359,168.0,37.0,33.3,46.0,770,56,0,209.9
2025-11-25 13:47:33+05:30,1360,167.0,39.0,33.3,46.0,746,52,0,204.7
2025-11-25 13:48:40+05:30,1361,167.0,38.0,33.3,46.0,737,51,0,202.4
2025-11-25 13:49:41+05:30,1362,168.0,38.0,33.3,46.0,726,49,0,200.0
2025-11-25 13:50:43+05:30,1363,172.0,40.0,33.3,46.0,638,36,0,181.2
2025-11-25 13:51:45+05:30,1364,169.0,38.0,33.3,46.0,714,47,0,197.4
2025-11-25 13:52:46+05:30,1365,169.0,38.0,33.3,46.0,715,47,0,197.6
2025-11-25 13:53:48+05:30,1366,170.0,43.0,33.3,46.0,675,41,3,190.4
2025-11-25 13:54:50+05:30,1367,167.0,38.0,33.3,46.0,666,40,29,188.9
2025-11-25 13:55:51+05:30,1368,167.0,38.0,33.3,45.0,646,37,0,181.4
2025-11-25 13:57:58+05:30,1369,171.0,40.0,33.3,44.0,596,29,6,171.8
2025-11-25 13:59:00+05:30,1370,171.0,40.0,33.3,44.0,599,30,16,173.6
2025-11-25 14:00:02+05:30,1371,168.0,42.0,33.3,44.0,589,28,5,170.1
2025-11-25 14:01:04+05:30,1372,173.0,47.0,33.3,44.0,597,30,91,183.2
2025-11-25 14:02:06+05:30,1373,172.0,40.0,33.3,44.0,594,29,0,171.0
2025-11-25 14:03:07+05:30,1374,167.0,39.0,33.3,44.0,597,30,0,170.5
2025-11-25 14:04:08+05:30,1375,167.0,38.0,33.3,44.0,569,25,0,163.6
2025-11-25 14:05:09+05:30,1376,162.0,35.0,33.3,43.0,552,23,0,157.9
2025-11-25 14:06:11+05:30,1377,165.0,39.0,33.3,43.0,561,24,0,161.7
2025-11-25 14:07:12+05:30,1378,167.0,43.0,33.3,43.0,549,22,4,160.9
2025-11-25 14:08:13+05:30,1379,164.0,38.0,33.3,43.0,548,22,1,158.3
2025-11-25 14:09:15+05:30,1380,163.0,38.0,33.3,43.0,545,22,0,157.4
2025-11-25 14:10:18+05:30,1381,164.0,37.0,33.3,43.0,537,20,0,155.3
2025-11-25 14:11:19+05:30,1382,164.0,37.0,33.3,43.0,540,21,0,156.1
2025-11-25 14:12:20+05:30,1383,168.0,37.0,33.3,43.0,539,21,8,157.5
2025-11-25 14:13:22+05:30,1384,164.0,41.0,33.3,43.0,548,22,3,159.4
2025-11-25 14:14:23+05:30,1385,165.0,41.0,33.3,43.0,546,22,0,158.9
2025-11-25 14:15:24+05:30,1386,167.0,38.0,33.3,43.0,533,20,0,155.4
2025-11-25 14:16:27+05:30,1387,171.0,47.0,33.3,43.0,543,21,233,184.4
2025-11-25 14:17:28+05:30,1388,165.0,38.0,33.3,43.0,539,21,0,156.4
2025-11-25 14:18:30+05:30,1389,172.0,41.0,33.3,43.0,514,17,0,152.9
2025-11-25 14:19:31+05:30,1390,169.0,43.0,33.3,42.0,537,20,4,158.5
2025-11-25 14:20:33+05:30,1391,165.0,42.0,33.3,42.0,527,19,2,155.0
2025-11-25 14:21:35+05:30,1392,167.0,41.0,33.3,41.0,545,22,2,159.3
2025-11-25 14:22:36+05:30,1393,167.0,38.0,33.3,42.0,480,12,0,143.2
2025-11-25 14:23:38+05:30,1394,167.0,38.0,33.3,42.0,549,22,15,160.5
2025-11-25 14:24:40+05:30,1395,174.0,40.0,33.3,42.0,540,21,0,159.0
2025-11-25 14:25:41+05:30,1396,174.0,40.0,33.3,42.0,523,18,0,155.0
2025-11-25 14:26:44+05:30,1397,168.0,38.0,33.3,42.0,555,23,0,160.6
2025-11-25 14:27:46+05:30,1398,171.0,40.0,33.3,42.0,553,23,6,162.0
2025-11-25 14:28:47+05:30,1399,169.0,42.0,33.3,42.0,574,26,0,166.4
2025-11-25 14:29:49+05:30,1400,165.0,38.0,33.3,42.0,577,26,23,167.3
2025-11-25 14:30:50+05:30,1401,170.0,40.0,33.3,42.0,569,25,0,164.8
2025-11-25 14:31:52+05:30,1402,166.0,39.0,33.3,42.0,569,25,0,163.7
2025-11-25 14:32:54+05:30,1403,163.0,38.0,33.3,42.0,578,27,1,165.1
2025-11-25 14:33:56+05:30,1404,164.0,37.0,33.3,42.0,594,29,0,168.5
2025-11-25 14:34:57+05:30,1405,168.0,37.0,33.4,42.0,581,27,0,166.3
2025-11-25 14:35:59+05:30,1406,163.0,38.0,33.7,42.0,589,28,0,167.4
2025-11-25 14:37:01+05:30,1407,171.0,41.0,33.8,42.0,591,29,2,170.7
2025-11-25 14:38:02+05:30,1408,167.0,38.0,33.7,42.0,584,28,0,167.2
2025-11-25 14:39:04+05:30,1409,180.0,40.0,33.4,43.0,592,29,0,172.2
2025-11-25 14:40:06+05:30,1410,176.0,40.0,33.3,43.0,603,30,0,173.8
2025-11-25 14:41:07+05:30,1411,171.0,39.0,33.3,43.0,607,31,25,176.0
2025-11-25 14:42:09+05:30,1412,176.0,39.0,33.3,43.0,577,26,0,167.5
2025-11-25 14:43:11+05:30,1413,167.0,38.0,33.7,43.0,566,25,0,163.0
2025-11-25 14:44:12+05:30,1414,176.0,40.0,33.8,42.0,553,23,0,162.4
2025-11-25 14:45:14+05:30,1415,167.0,42.0,33.8,42.0,531,19,4,156.4
2025-11-25 14:46:35+05:30,1416,174.0,50.0,33.7,41.0,472,10,22,148.4
2025-11-25 14:47:37+05:30,1417,180.0,40.0,33.7,41.0,549,22,2,162.4
2025-11-25 14:48:38+05:30,1418,173.0,35.0,33.4,41.0,555,23,0,160.7
2025-11-25 14:49:40+05:30,1419,171.0,41.0,33.3,41.0,560,24,0,163.3
2025-11-25 14:50:41+05:30,1420,167.0,43.0,33.3,41.0,555,23,3,162.2
2025-11-25 14:51:44+05:30,1421,176.0,42.0,33.3,41.0,553,23,4,163.4
2025-11-25 14:52:46+05:30,1422,168.0,38.0,33.3,41.0,549,22,0,159.2
2025-11-25 14:53:47+05:30,1423,169.0,39.0,33.7,41.0,540,21,0,157.7
2025-11-25 14:54:49+05:30,1424,167.0,38.0,33.4,41.0,476,11,0,142.2
2025-11-25 14:55:51+05:30,1425,168.0,40.0,33.4,41.0,548,22,0,159.6
2025-11-25 14:56:53+05:30,1426,165.0,38.0,33.3,41.0,551,23,0,159.2
2025-11-25 14:57:54+05:30,1427,170.0,40.0,33.3,41.0,548,22,14,161.4
2025-11-25 14:58:56+05:30,1428,167.0,43.0,33.3,41.0,560,24,5,163.6
2025-11-25 14:59:57+05:30,1429,165.0,42.0,33.3,41.0,561,24,7,163.3
2025-11-25 15:00:59+05:30,1430,165.0,38.0,33.3,41.0,567,25,0,162.8
2025-11-25 15:02:00+05:30,1431,165.0,38.0,33.3,41.0,569,25,0,163.2
2025-11-25 15:03:02+05:30,1432,166.0,41.0,33.3,41.0,575,26,7,166.4
2025-11-25 15:04:04+05:30,1433,165.0,35.0,33.3,42.0,572,26,0,163.1
2025-11-25 15:05:05+05:30,1434,165.0,41.0,33.3,42.0,537,20,0,156.7
2025-11-25 15:06:07+05:30,1435,164.0,35.0,33.3,42.0,570,25,0,162.3
2025-11-25 15:07:08+05:30,1436,165.0,38.0,33.3,42.0,577,26,7,165.7
2025-11-25 15:08:10+05:30,1437,165.0,35.0,33.3,42.0,567,25,17,163.6
2025-11-25 15:09:12+05:30,1438,166.0,41.0,33.3,42.0,566,25,2,163.9
2025-11-25 15:10:13+05:30,1439,165.0,35.0,33.3,42.0,560,24,0,160.3
2025-11-25 15:11:15+05:30,1440,163.0,38.0,33.3,42.0,534,20,0,154.8
2025-11-25 15:12:16+05:30,1441,163.0,41.0,33.3,41.0,534,20,18,157.5
2025-11-25 15:13:18+05:30,1442,164.0,36.0,33.4,41.0,529,19,0,153.2
2025-11-25 15:14:20+05:30,1443,163.0,37.0,33.3,41.0,534,20,0,154.5
2025-11-25 15:15:22+05:30,1444,168.0,40.0,33.3,41.0,539,21,0,157.6
2025-11-25 15:16:23+05:30,1445,163.0,37.0,33.3,41.0,533,20,15,155.8
2025-11-25 15:17:25+05:30,1446,168.0,35.0,33.3,41.0,537,20,0,155.5
2025-11-25 15:18:26+05:30,1447,167.0,42.0,33.3,41.0,549,22,4,160.6
2025-11-25 15:19:28+05:30,1448,163.0,42.0,33.3,41.0,548,22,1,159.3
2025-11-25 15:20:30+05:30,1449,163.0,38.0,33.3,41.0,551,23,1,158.9
2025-11-25 15:21:31+05:30,1450,163.0,38.0,33.3,41.0,485,12,0,143.4
2025-11-25 15:22:33+05:30,1451,167.0,44.0,33.3,41.0,542,21,26,161.8
2025-11-25 15:23:35+05:30,1452,163.0,38.0,33.3,41.0,540,21,0,156.2
2025-11-25 15:24:37+05:30,1453,159.0,38.0,33.3,41.0,542,21,0,155.8
2025-11-25 15:25:38+05:30,1454,159.0,38.0,33.4,41.0,548,22,1,157.3
2025-11-25 15:26:40+05:30,1455,161.0,41.0,33.4,41.0,400,0,2,124.7
2025-11-25 15:27:42+05:30,1456,164.0,40.0,33.4,41.0,536,20,0,156.0
2025-11-25 15:28:43+05:30,1457,161.0,38.0,33.3,41.0,537,20,0,155.0
2025-11-25 15:29:45+05:30,1458,160.0,35.0,33.4,41.0,540,21,1,154.8
2025-11-25 15:30:47+05:30,1459,160.0,35.0,33.5,41.0,552,23,0,157.5
2025-11-25 15:31:48+05:30,1460,160.0,36.0,33.7,41.0,551,23,0,157.6
2025-11-25 15:32:50+05:30,1461,170.0,48.0,33.7,41.0,531,19,9,159.3
2025-11-25 15:33:52+05:30,1462,164.0,42.0,33.7,41.0,543,21,3,158.5
2025-11-25 15:34:53+05:30,1463,162.0,41.0,33.4,41.0,546,22,1,158.4
2025-11-25 15:35:55+05:30,1464,165.0,42.0,33.4,41.0,549,22,6,160.4
2025-11-25 15:36:57+05:30,1465,163.0,42.0,33.3,41.0,555,23,3,161.1
2025-11-25 15:37:58+05:30,1466,167.0,42.0,33.3,41.0,566,25,4,164.6
2025-11-25 15:39:00+05:30,1467,163.0,38.0,33.3,41.0,564,24,0,161.6
2025-11-25 15:40:02+05:30,1468,163.0,38.0,33.4,41.0,548,22,0,158.0
2025-11-25 15:41:04+05:30,1469,162.0,38.0,33.7,41.0,540,21,0,156.0
2025-11-25 15:42:05+05:30,1470,159.0,38.0,33.8,41.0,546,22,41,160.9
2025-11-25 15:43:07+05:30,1471,159.0,41.0,33.8,41.0,527,19,7,154.0
2025-11-25 15:44:10+05:30,1472,164.0,42.0,33.8,41.0,485,12,3,145.1
2025-11-25 15:45:14+05:30,1473,162.0,38.0,33.8,41.0,536,20,1,155.1
2025-11-25 15:46:16+05:30,1474,162.0,38.0,33.7,41.0,539,21,0,155.8
2025-11-25 15:47:18+05:30,1475,168.0,40.0,33.7,41.0,519,18,0,153.0
2025-11-25 15:48:20+05:30,1476,168.0,41.0,33.4,41.0,548,22,88,168.7
2025-11-25 15:49:24+05:30,1477,167.0,40.0,33.4,41.0,552,23,4,160.8
2025-11-25 15:50:26+05:30,1478,163.0,38.0,33.3,41.0,551,23,0,158.8
2025-11-25 15:51:28+05:30,1479,164.0,41.0,33.3,41.0,551,23,4,160.3
2025-11-25 15:52:29+05:30,1480,163.0,38.0,33.3,41.0,556,23,0,159.8
2025-11-25 15:53:31+05:30,1481,164.0,38.0,33.4,41.0,555,23,1,159.9
2025-11-25 15:54:32+05:30,1482,168.0,40.0,33.4,41.0,502,15,0,149.0
2025-11-25 15:55:34+05:30,1483,168.0,40.0,33.4,41.0,542,21,0,158.2
2025-11-25 15:56:36+05:30,1484,165.0,44.0,33.7,41.0,533,20,3,157.1
2025-11-25 15:57:39+05:30,1485,159.0,38.0,33.8,41.0,527,19,0,152.4
2025-11-25 15:58:40+05:30,1486,161.0,38.0,33.8,41.0,545,22,9,157.9
2025-11-25 15:59:42+05:30,1487,160.0,35.0,33.8,41.0,575,26,0,162.7
2025-11-25 16:00:43+05:30,1488,159.0,37.0,33.8,41.0,542,21,0,155.5
2025-11-25 16:01:45+05:30,1489,165.0,46.0,33.8,41.0,403,0,1,127.5
2025-11-25 16:02:48+05:30,1490,161.0,35.0,33.8,41.0,414,2,25,128.4
2025-11-25 16:03:50+05:30,1491,163.0,38.0,33.8,41.0,543,21,0,156.8
2025-11-25 16:04:52+05:30,1492,164.0,36.0,33.7,41.0,575,26,0,163.8
2025-11-25 16:05:53+05:30,1493,163.0,38.0,33.7,41.0,581,27,2,165.8
2025-11-25 16:06:55+05:30,1494,166.0,42.0,33.4,41.0,592,29,4,170.4
2025-11-25 16:07:57+05:30,1495,164.0,38.0,33.7,41.0,591,29,0,168.2
2025-11-25 16:08:58+05:30,1496,164.0,38.0,33.7,41.0,597,30,1,169.7
2025-11-25 16:10:00+05:30,1497,163.0,38.0,33.7,41.0,594,29,0,168.6
2025-11-25 16:11:02+05:30,1498,162.0,38.0,33.8,41.0,592,29,0,168.0
2025-11-25 16:12:04+05:30,1499,164.0,37.0,33.8,42.0,594,29,0,168.5
2025-11-25 16:13:05+05:30,1500,162.0,38.0,33.8,42.0,567,25,0,162.2
2025-11-25 16:14:07+05:30,1501,162.0,35.0,33.8,42.0,556,23,0,158.7
2025-11-25 16:15:09+05:30,1502,164.0,40.0,33.8,42.0,574,26,0,164.8
2025-11-25 16:16:10+05:30,1503,163.0,37.0,33.8,42.0,564,24,0,161.3
2025-11-25 16:17:12+05:30,1504,166.0,40.0,33.8,42.0,570,25,4,164.6
2025-11-25 16:18:13+05:30,1505,163.0,38.0,33.8,42.0,556,23,0,159.8
2025-11-25 16:19:15+05:30,1506,163.0,37.0,33.8,42.0,556,23,2,159.7
2025-11-25 16:20:17+05:30,1507,166.0,40.0,33.8,42.0,537,20,0,156.6
2025-11-25 16:21:18+05:30,1508,164.0,37.0,33.8,43.0,566,25,0,162.1
2025-11-25 16:22:20+05:30,1509,170.0,40.0,33.8,43.0,575,26,0,166.2
2025-11-25 16:23:21+05:30,1510,166.0,38.0,33.8,43.0,556,23,0,160.4
2025-11-25 16:24:24+05:30,1511,168.0,40.0,33.8,43.0,584,28,0,168.0
2025-11-25 16:25:25+05:30,1512,165.0,38.0,33.8,43.0,589,28,2,168.0
2025-11-25 16:26:27+05:30,1513,169.0,42.0,33.8,44.0,552,23,3,161.7
2025-11-25 16:27:28+05:30,1514,161.0,38.0,33.8,44.0,470,10,0,139.6
2025-11-25 16:28:30+05:30,1515,169.0,41.0,33.8,44.0,614,32,0,175.3
2025-11-25 16:29:32+05:30,1516,171.0,42.0,33.7,44.0,581,27,6,169.0
2025-11-25 16:30:33+05:30,1517,166.0,38.0,33.8,44.0,623,33,14,177.2
2025-11-25 16:31:35+05:30,1518,170.0,40.0,33.7,44.0,620,33,4,177.0
2025-11-25 16:32:37+05:30,1519,172.0,42.0,33.8,44.0,603,30,3,173.9
2025-11-25 16:33:39+05:30,1520,172.0,42.0,33.7,44.0,594,29,2,171.8
2025-11-25 16:34:41+05:30,1521,167.0,40.0,33.8,44.0,596,29,1,170.5
2025-11-25 16:35:43+05:30,1522,167.0,38.0,33.7,44.0,581,27,0,166.4
2025-11-25 16:36:44+05:30,1523,172.0,40.0,33.7,44.0,594,29,0,171.0
2025-11-25 16:37:49+05:30,1524,167.0,38.0,33.7,45.0,584,28,0,167.2
2025-11-25 16:38:50+05:30,1525,161.0,35.0,33.8,45.0,603,30,0,169.3
2025-11-25 16:39:52+05:30,1526,166.0,46.0,33.8,45.0,441,6,5,136.9
2025-11-25 16:40:53+05:30,1527,168.0,40.0,33.8,45.0,574,26,0,165.6
2025-11-25 16:41:55+05:30,1528,168.0,35.0,33.8,45.0,552,23,0,159.1
2025-11-25 16:42:56+05:30,1529,168.0,38.0,33.8,45.0,526,19,0,154.0
2025-11-25 16:43:58+05:30,1530,168.0,38.0,33.8,45.0,545,22,0,158.4
2025-11-25 16:44:59+05:30,1531,168.0,41.0,33.7,45.0,543,21,0,158.7
2025-11-25 16:46:00+05:30,1532,172.0,40.0,33.7,45.0,531,19,28,159.2
2025-11-25 16:47:02+05:30,1533,170.0,42.0,33.7,45.0,531,19,4,157.0
2025-11-25 16:48:03+05:30,1534,177.0,46.0,33.8,45.0,537,20,3,160.9
2025-11-25 16:49:05+05:30,1535,167.0,38.0,33.7,45.0,531,19,0,154.8
2025-11-25 16:50:06+05:30,1536,167.0,38.0,33.7,45.0,540,21,0,157.0
2025-11-25 16:51:08+05:30,1537,167.0,41.0,33.7,45.0,540,21,0,157.9
2025-11-25 16:52:10+05:30,1538,167.0,38.0,33.4,45.0,545,22,0,158.2
2025-11-25 16:53:12+05:30,1539,167.0,41.0,33.4,45.0,548,22,0,159.7
2025-11-25 16:54:13+05:30,1540,168.0,37.0,33.4,45.0,548,22,0,158.7
2025-11-25 16:55:15+05:30,1541,171.0,42.0,33.7,45.0,534,20,4,158.0
2025-11-25 16:56:18+05:30,1542,168.0,35.0,33.7,45.0,518,17,0,151.1
2025-11-25 16:57:20+05:30,1543,167.0,38.0,33.7,45.0,567,25,15,164.7
2025-11-25 16:58:22+05:30,1544,168.0,38.0,33.7,45.0,566,25,0,163.2
2025-11-25 16:59:23+05:30,1545,169.0,38.0,33.7,45.0,556,23,0,161.0
2025-11-25 17:00:26+05:30,1546,169.0,38.0,33.7,45.0,580,27,0,166.6
2025-11-25 17:01:27+05:30,1547,170.0,38.0,33.6,46.0,580,27,0,166.8
2025-11-25 17:02:29+05:30,1548,171.0,42.0,33.4,46.0,581,27,3,168.7
2025-11-25 17:03:30+05:30,1549,167.0,38.0,33.4,46.0,588,28,0,168.0
2025-11-25 17:04:32+05:30,1550,172.0,42.0,33.4,46.0,584,28,4,169.8
2025-11-25 17:05:33+05:30,1551,173.0,42.0,33.4,46.0,592,29,4,171.8
2025-11-25 17:06:35+05:30,1552,174.0,42.0,33.4,46.0,545,22,4,161.2
2025-11-25 17:07:37+05:30,1553,171.0,41.0,33.4,46.0,588,28,0,169.7
2025-11-25 17:08:38+05:30,1554,171.0,38.0,33.7,46.0,575,26,0,165.8
2025-11-25 17:09:40+05:30,1555,170.0,41.0,33.7,46.0,561,24,4,163.7
2025-11-25 17:10:41+05:30,1556,170.0,37.0,33.8,46.0,561,24,0,162.1
2025-11-25 17:11:43+05:30,1557,170.0,39.0,33.8,45.0,551,23,2,160.7
2025-11-25 17:12:44+05:30,1558,173.0,44.0,33.8,45.0,500,15,4,151.2
2025-11-25 17:13:46+05:30,1559,167.0,38.0,33.8,45.0,560,24,0,161.6
2025-11-25 17:14:47+05:30,1560,167.0,38.0,33.8,45.0,543,21,0,157.6
2025-11-25 17:15:49+05:30,1561,167.0,38.0,33.8,45.0,527,19,0,154.0
2025-11-25 17:16:50+05:30,1562,173.0,43.0,33.8,45.0,548,22,0,161.5
2025-11-25 17:17:52+05:30,1563,170.0,40.0,33.8,45.0,572,26,4,166.0
2025-11-25 17:18:53+05:30,1564,162.0,35.0,33.8,45.0,570,25,0,161.9
2025-11-25 17:19:55+05:30,1565,166.0,39.0,33.8,45.0,543,21,0,157.7
2025-11-25 17:20:56+05:30,1566,168.0,35.0,33.8,45.0,530,19,0,153.9
2025-11-25 17:21:59+05:30,1567,168.0,36.0,33.8,45.0,536,20,0,155.6
2025-11-25 17:23:00+05:30,1568,167.0,38.0,33.8,45.0,536,20,0,156.0
2025-11-25 17:24:02+05:30,1569,167.0,41.0,33.8,45.0,536,20,1,157.0
2025-11-25 17:25:03+05:30,1570,168.0,41.0,33.8,45.0,536,20,3,157.4
2025-11-25 17:26:05+05:30,1571,168.0,35.0,33.8,45.0,476,11,1,141.6
2025-11-25 17:27:06+05:30,1572,167.0,38.0,33.8,45.0,527,19,0,154.0
2025-11-25 17:28:08+05:30,1573,167.0,38.0,33.7,45.0,533,20,0,155.4
2025-11-25 17:29:09+05:30,1574,167.0,38.0,33.7,45.0,523,18,1,153.1
2025-11-25 17:30:11+05:30,1575,167.0,38.0,33.7,44.0,537,20,3,156.5
2025-11-25 17:31:12+05:30,1576,167.0,38.0,33.8,44.0,543,21,0,157.6
2025-11-25 17:32:14+05:30,1577,169.0,39.0,33.8,44.0,551,23,0,160.3
2025-11-25 17:33:15+05:30,1578,168.0,41.0,33.8,44.0,542,21,2,158.7
2025-11-25 17:34:17+05:30,1579,168.0,40.0,33.8,44.0,546,22,0,159.2
2025-11-25 17:35:19+05:30,1580,172.0,41.0,33.8,44.0,551,23,0,161.5
2025-11-25 17:36:53+05:30,1581,164.0,45.0,33.8,44.0,486,13,3,146.4
2025-11-25 17:37:55+05:30,1582,171.0,39.0,33.8,44.0,552,23,0,160.9
2025-11-25 17:38:57+05:30,1583,168.0,41.0,33.8,44.0,555,23,0,161.5
2025-11-25 17:39:58+05:30,1584,167.0,38.0,33.8,44.0,542,21,0,157.4
2025-11-25 17:41:00+05:30,1585,167.0,38.0,33.8,44.0,542,21,0,157.4
2025-11-25 17:42:02+05:30,1586,168.0,37.0,33.8,44.0,548,22,0,158.7
2025-11-25 17:43:54+05:30,1587,170.0,43.0,33.8,44.0,483,12,1,146.0
2025-11-25 17:44:56+05:30,1588,173.0,39.0,33.8,44.0,561,24,0,163.3
2025-11-25 17:45:58+05:30,1589,167.0,38.0,33.8,44.0,560,24,1,161.7
2025-11-25 17:46:59+05:30,1590,172.0,42.0,33.8,44.0,551,23,3,162.1
2025-11-25 17:48:01+05:30,1591,169.0,38.0,33.7,44.0,478,11,0,143.0
2025-11-25 17:49:03+05:30,1592,168.0,37.0,33.7,44.0,549,22,0,158.9
2025-11-25 17:50:05+05:30,1593,171.0,42.0,33.7,44.0,546,22,9,161.3
2025-11-25 17:51:06+05:30,1594,169.0,38.0,33.7,44.0,533,20,0,155.8
2025-11-25 17:52:08+05:30,1595,168.0,37.0,33.8,44.0,542,21,0,157.3
2025-11-25 17:53:09+05:30,1596,171.0,44.0,33.8,44.0,545,22,3,161.1
2025-11-25 17:54:11+05:30,1597,167.0,38.0,33.8,44.0,497,14,0,147.0
2025-11-25 17:55:13+05:30,1598,172.0,40.0,33.8,44.0,527,19,0,155.6
2025-11-25 17:56:14+05:30,1599,172.0,43.0,33.8,44.0,526,19,33,159.6
2025-11-25 17:57:16+05:30,1600,172.0,40.0,33.8,44.0,518,17,8,154.2
2025-11-25 17:58:18+05:30,1601,168.0,37.0,33.8,44.0,536,20,0,155.9
2025-11-25 17:59:19+05:30,1602,168.0,36.0,33.8,44.0,553,23,0,159.6
2025-11-25 18:00:21+05:30,1603,169.0,41.0,33.8,44.0,560,24,1,163.0
2025-11-25 18:01:23+05:30,1604,169.0,38.0,33.7,44.0,567,25,0,163.6
2025-11-25 18:02:24+05:30,1605,169.0,38.0,33.7,44.0,570,25,1,164.3
2025-11-25 18:03:26+05:30,1606,174.0,40.0,33.7,44.0,570,25,0,165.8
2025-11-25 18:04:28+05:30,1607,169.0,35.0,33.7,44.0,552,23,0,159.3
2025-11-25 18:05:30+05:30,1608,169.0,35.0,33.7,44.0,577,26,0,164.9
2025-11-25 18:06:32+05:30,1609,168.0,40.0,33.7,45.0,591,29,0,169.6
2025-11-25 18:07:34+05:30,1610,175.0,40.0,33.4,45.0,591,29,8,171.8
2025-11-25 18:08:57+05:30,1611,165.0,43.0,33.4,45.0,527,19,0,155.1
2025-11-25 18:09:59+05:30,1612,177.0,43.0,33.4,45.0,605,31,3,175.8
2025-11-25 18:11:01+05:30,1613,178.0,40.0,33.4,45.0,611,32,4,176.6
2025-11-25 18:12:02+05:30,1614,173.0,39.0,33.4,45.0,615,32,0,175.7
2025-11-25 18:13:03+05:30,1615,180.0,48.0,33.4,45.0,614,32,9,180.5
2025-11-25 18:14:05+05:30,1616,176.0,40.0,33.4,45.0,476,11,0,144.6
2025-11-25 18:15:07+05:30,1617,176.0,40.0,33.3,45.0,617,33,0,177.2
2025-11-25 18:16:09+05:30,1618,174.0,40.0,33.4,45.0,620,33,0,177.4
2025-11-25 18:17:10+05:30,1619,177.0,42.0,33.4,45.0,603,30,4,175.0
2025-11-25 18:18:13+05:30,1620,177.0,42.0,33.4,45.0,464,9,5,143.1
2025-11-25 18:19:14+05:30,1621,174.0,39.0,33.4,45.0,631,35,0,179.7
2025-11-25 18:20:16+05:30,1622,174.0,41.0,33.4,45.0,643,37,0,183.1
2025-11-25 18:21:18+05:30,1623,176.0,35.0,33.4,45.0,640,36,9,181.8
2025-11-25 18:22:20+05:30,1624,178.0,40.0,33.7,46.0,465,9,4,142.8
2025-11-25 18:23:22+05:30,1625,176.0,37.0,33.7,46.0,649,37,0,183.5
2025-11-25 18:24:23+05:30,1626,178.0,43.0,33.5,46.0,572,26,10,169.1
2025-11-25 18:25:25+05:30,1627,178.0,43.0,33.4,46.0,631,35,6,182.3
2025-11-25 18:26:27+05:30,1628,176.0,40.0,33.4,46.0,629,34,16,181.4
2025-11-25 18:27:28+05:30,1629,178.0,42.0,33.4,46.0,633,35,4,182.2
2025-11-25 18:28:30+05:30,1630,176.0,40.0,33.4,46.0,645,37,0,183.6
2025-11-25 18:29:32+05:30,1631,179.0,44.0,33.4,46.0,643,37,3,185.3
2025-11-25 18:30:33+05:30,1632,176.0,37.0,33.4,46.0,627,34,0,178.5
2025-11-25 18:31:35+05:30,1633,175.0,39.0,33.4,46.0,641,36,0,182.1
2025-11-25 18:32:37+05:30,1634,175.0,39.0,33.4,46.0,640,36,0,181.9
2025-11-25 18:33:38+05:30,1635,179.0,42.0,33.4,46.0,643,37,4,184.8
2025-11-25 18:34:40+05:30,1636,173.0,39.0,33.4,46.0,589,28,2,169.9
2025-11-25 18:35:59+05:30,1637,180.0,43.0,33.3,46.0,565,25,0,166.9
2025-11-25 18:37:01+05:30,1638,187.0,43.0,33.4,46.0,643,37,0,186.3
2025-11-25 18:38:02+05:30,1639,179.0,42.0,33.3,46.0,633,35,0,182.0
2025-11-25 18:39:04+05:30,1640,181.0,40.0,33.4,46.0,631,35,0,181.4
2025-11-25 18:40:05+05:30,1641,177.0,39.0,33.4,46.0,597,30,0,172.5
2025-11-25 18:41:07+05:30,1642,180.0,44.0,33.4,46.0,565,25,4,167.6
2025-11-25 18:42:09+05:30,1643,175.0,39.0,33.5,46.0,634,35,0,180.5
2025-11-25 18:43:10+05:30,1644,182.0,40.0,33.7,46.0,626,34,0,180.4
2025-11-25 18:44:12+05:30,1645,175.0,39.0,33.6,46.0,483,12,0,145.7
2025-11-25 18:45:14+05:30,1646,177.0,41.0,33.6,46.0,633,35,1,181.4
2025-11-25 18:46:15+05:30,1647,179.0,42.0,33.6,46.0,627,34,3,180.9
2025-11-25 18:47:17+05:30,1648,180.0,43.0,33.4,46.0,629,34,4,181.9
2025-11-25 18:48:18+05:30,1649,178.0,39.0,33.4,46.0,626,34,0,179.3
2025-11-25 18:49:20+05:30,1650,177.0,39.0,33.4,46.0,602,30,0,173.5
2025-11-25 18:50:22+05:30,1651,180.0,44.0,33.7,46.0,588,28,4,172.8
2025-11-25 18:51:23+05:30,1652,176.0,35.0,33.8,46.0,584,28,0,168.1
2025-11-25 18:52:25+05:30,1653,181.0,44.0,33.8,46.0,575,26,3,169.9
2025-11-25 18:53:26+05:30,1654,175.0,39.0,33.8,46.0,581,27,0,168.3
2025-11-25 18:54:29+05:30,1655,177.0,37.0,33.8,45.0,744,52,0,205.7
2025-11-25 18:55:30+05:30,1656,181.0,39.0,33.8,45.0,749,53,0,208.3
2025-11-25 18:56:32+05:30,1657,179.0,39.0,33.8,45.0,748,53,0,207.7
2025-11-25 18:57:34+05:30,1658,181.0,39.0,33.8,45.0,717,48,0,200.9
2025-11-25 18:58:35+05:30,1659,180.0,39.0,33.8,45.0,683,43,0,192.9
2025-11-25 18:59:38+05:30,1660,180.0,39.0,33.8,45.0,650,38,6,185.9
2025-11-25 19:00:39+05:30,1661,179.0,43.0,33.8,45.0,574,26,2,168.9
2025-11-25 19:01:41+05:30,1662,176.0,39.0,33.8,45.0,614,32,0,176.1
2025-11-25 19:02:43+05:30,1663,181.0,44.0,33.8,45.0,592,29,3,173.9
2025-11-25 19:03:44+05:30,1664,177.0,42.0,33.8,44.0,508,16,0,152.8
2025-11-25 19:04:46+05:30,1665,175.0,39.0,33.8,44.0,527,19,0,155.9
2025-11-25 19:05:48+05:30,1666,172.0,37.0,33.8,44.0,534,20,0,156.3
2025-11-25 19:06:50+05:30,1667,174.0,41.0,33.8,43.0,492,14,0,148.3
2025-11-25 19:08:03+05:30,1668,175.0,39.0,33.8,44.0,448,7,0,137.7
2025-11-25 19:09:04+05:30,1669,181.0,42.0,33.8,43.0,487,13,10,149.8
2025-11-25 19:10:06+05:30,1670,175.0,42.0,33.8,43.0,515,17,0,154.0
2025-11-25 19:11:07+05:30,1671,176.0,40.0,33.8,43.0,524,18,0,155.6
2025-11-25 19:12:09+05:30,1672,173.0,41.0,33.8,43.0,520,18,0,154.5
2025-11-25 19:13:10+05:30,1673,173.0,38.0,33.8,43.0,531,19,0,156.0
2025-11-25 19:14:12+05:30,1674,173.0,39.0,33.8,43.0,534,20,0,157.1
2025-11-25 19:15:02+05:30,1675,169.0,48.0,33.8,43.0,459,8,5,142.1
2025-11-25 19:16:05+05:30,1676,175.0,38.0,33.8,43.0,530,19,1,156.3
2025-11-25 19:17:06+05:30,1677,176.0,35.0,33.8,43.0,400,0,0,125.7
2025-11-25 19:18:08+05:30,1678,173.0,38.0,33.8,43.0,418,2,0,130.0
2025-11-25 19:19:09+05:30,1679,175.0,38.0,33.8,43.0,552,23,0,161.4
2025-11-25 19:20:11+05:30,1680,177.0,39.0,33.8,43.0,565,25,0,165.1
2025-11-25 19:21:14+05:30,1681,179.0,43.0,33.8,43.0,575,26,0,168.9
2025-11-25 19:23:21+05:30,1682,175.0,39.0,33.8,43.0,686,43,0,192.5
2025-11-25 19:24:22+05:30,1683,181.0,40.0,33.8,44.0,692,44,0,195.4
2025-11-25 19:25:23+05:30,1684,175.0,39.0,33.8,44.0,712,47,0,198.5
2025-11-25 19:26:24+05:30,1685,175.0,39.0,33.8,44.0,712,47,0,198.5
2025-11-25 19:27:26+05:30,1686,175.0,39.0,33.8,44.0,668,40,0,188.3
2025-11-25 19:28:28+05:30,1687,176.0,41.0,33.8,43.0,746,52,2,207.3
2025-11-25 19:29:29+05:30,1688,176.0,41.0,33.8,44.0,746,52,1,207.2
2025-11-25 19:30:31+05:30,1689,175.0,38.0,33.8,44.0,640,36,0,181.6
2025-11-25 19:32:05+05:30,1690,179.0,43.0,33.8,44.0,678,42,1,192.8
2025-11-25 19:33:06+05:30,1691,183.0,39.0,33.8,44.0,715,47,0,200.7
2025-11-25 19:34:08+05:30,1692,184.0,37.0,33.8,44.0,776,57,0,214.5
2025-11-25 19:35:09+05:30,1693,182.0,42.0,33.8,44.0,737,51,1,206.7
2025-11-25 19:36:11+05:30,1694,181.0,39.0,33.8,44.0,638,36,0,182.7
2025-11-25 19:37:12+05:30,1695,182.0,41.0,33.8,44.0,715,47,0,201.1
2025-11-25 19:38:15+05:30,1696,181.0,42.0,33.8,44.0,726,49,3,204.1
2025-11-25 19:39:17+05:30,1697,186.0,40.0,33.8,44.0,671,41,0,191.6
2025-11-25 19:40:18+05:30,1698,184.0,42.0,33.8,44.0,710,47,4,201.2
2025-11-25 19:41:20+05:30,1699,181.0,41.0,33.8,44.0,700,45,0,197.5
2025-11-25 19:42:22+05:30,1700,186.0,40.0,33.8,44.0,672,41,0,191.8
2025-11-25 19:43:24+05:30,1701,180.0,37.0,33.8,44.0,697,45,0,195.5
2025-11-25 19:44:25+05:30,1702,184.0,37.0,33.8,44.0,697,45,0,196.3
2025-11-25 19:45:27+05:30,1703,181.0,41.0,33.8,44.0,690,44,0,195.3
2025-11-25 19:46:29+05:30,1704,180.0,41.0,33.8,43.0,686,43,2,194.3
2025-11-25 19:48:07+05:30,1705,177.0,43.0,33.8,44.0,600,30,0,174.3
2025-11-25 19:49:09+05:30,1706,183.0,41.0,33.8,44.0,683,43,27,196.8
2025-11-25 19:50:10+05:30,1707,181.0,44.0,33.8,44.0,682,42,34,197.6
2025-11-25 19:51:12+05:30,1708,181.0,38.0,33.8,44.0,679,42,1,191.9
2025-11-25 19:52:13+05:30,1709,181.0,42.0,33.8,44.0,683,43,13,195.3
2025-11-25 19:53:15+05:30,1710,180.0,39.0,33.8,44.0,690,44,0,194.5
2025-11-25 19:54:17+05:30,1711,179.0,39.0,33.8,45.0,706,46,0,197.9
2025-11-25 19:55:19+05:30,1712,181.0,39.0,33.8,45.0,710,47,0,199.3
2025-11-25 19:56:20+05:30,1713,182.0,39.0,33.8,45.0,708,46,0,198.9
2025-11-25 19:57:22+05:30,1714,185.0,43.0,33.8,45.0,714,47,4,202.5
2025-11-25 19:58:23+05:30,1715,183.0,39.0,33.8,45.0,730,50,0,204.3
2025-11-25 19:59:25+05:30,1716,184.0,37.0,33.8,46.0,754,53,0,209.3
2025-11-25 20:01:07+05:30,1717,184.0,41.0,33.8,46.0,690,44,0,195.9
2025-11-25 20:02:09+05:30,1718,191.0,43.0,33.8,47.0,825,64,3,229.2
2025-11-25 20:03:11+05:30,1719,188.0,40.0,33.8,47.0,830,65,0,228.6
2025-11-25 20:04:13+05:30,1720,186.0,39.0,33.8,48.0,834,66,0,228.9
2025-11-25 20:05:15+05:30,1721,192.0,41.0,33.8,48.0,832,65,64,236.5
2025-11-25 20:06:16+05:30,1722,185.0,39.0,33.8,48.0,832,65,0,228.1
2025-11-25 20:07:18+05:30,1723,186.0,39.0,33.8,49.0,853,69,1,233.4
2025-11-25 20:08:09+05:30,1724,186.0,43.0,33.8,49.0,759,54,0,212.7
2025-11-25 20:09:12+05:30,1725,192.0,39.0,33.8,49.0,865,70,0,237.1
2025-11-25 20:10:13+05:30,1726,194.0,40.0,33.8,49.0,891,74,0,243.8
2025-11-25 20:11:16+05:30,1727,192.0,43.0,33.8,49.0,891,74,0,244.3
2025-11-25 20:12:18+05:30,1728,187.0,39.0,33.8,50.0,900,76,1,244.4
2025-11-25 20:13:19+05:30,1729,191.0,43.0,33.8,50.0,918,78,6,250.9
2025-11-25 20:14:09+05:30,1730,182.0,43.0,33.8,50.0,783,58,0,217.5
2025-11-25 20:15:10+05:30,1731,192.0,39.0,33.8,50.0,909,77,1,247.4
2025-11-25 20:16:12+05:30,1732,194.0,44.0,33.8,51.0,920,79,4,252.2
2025-11-25 20:17:14+05:30,1733,189.0,39.0,33.8,51.0,907,77,1,246.4
2025-11-25 20:18:16+05:30,1734,190.0,43.0,33.8,51.0,872,71,13,240.8
2025-11-25 20:19:18+05:30,1735,189.0,39.0,33.8,51.0,887,74,0,241.7
2025-11-25 20:20:19+05:30,1736,191.0,45.0,33.8,51.0,880,73,1,242.4
2025-11-25 20:21:22+05:30,1737,189.0,39.0,33.8,51.0,857,69,0,234.7
2025-11-25 20:22:24+05:30,1738,189.0,39.0,33.8,52.0,834,66,1,229.6
2025-11-25 20:23:25+05:30,1739,188.0,39.0,33.8,52.0,840,67,0,230.7
2025-11-25 20:24:27+05:30,1740,189.0,42.0,33.8,52.0,819,63,0,226.8
2025-11-25 20:25:29+05:30,1741,188.0,39.0,33.8,52.0,848,68,0,232.5
2025-11-25 20:26:31+05:30,1742,190.0,39.0,33.8,53.0,887,74,0,241.9
2025-11-25 20:27:32+05:30,1743,190.0,39.0,33.8,53.0,865,70,0,236.7
2025-11-25 20:28:34+05:30,1744,191.0,42.0,33.8,53.0,889,74,0,243.4
2025-11-25 20:29:37+05:30,1745,191.0,42.0,33.8,53.0,897,75,11,246.3
2025-11-25 20:30:38+05:30,1746,195.0,43.0,33.8,54.0,802,61,6,225.1
2025-11-25 20:31:40+05:30,1747,192.0,39.0,33.8,54.0,895,75,1,244.2
2025-11-25 20:32:41+05:30,1748,198.0,40.0,33.8,54.0,909,77,0,248.8
2025-11-25 20:33:43+05:30,1749,188.0,37.0,33.8,54.0,920,79,0,248.5
2025-11-25 20:34:45+05:30,1750,192.0,39.0,33.8,55.0,907,77,11,248.0
2025-11-25 20:35:47+05:30,1751,192.0,39.0,33.8,55.0,882,73,0,241.1
2025-11-25 20:36:48+05:30,1752,192.0,39.0,33.8,55.0,902,76,1,245.8
2025-11-25 20:37:52+05:30,1753,191.0,41.0,33.8,55.0,920,79,2,250.5
2025-11-25 20:38:53+05:30,1754,192.0,37.0,33.8,55.0,909,77,0,246.7
2025-11-25 20:39:11+05:30,1755,179.0,43.0,33.8,55.0,770,56,1,214.0
2025-11-25 20:40:13+05:30,1756,194.0,43.0,33.8,55.0,923,79,3,252.4
2025-11-25 20:41:14+05:30,1757,194.0,37.0,33.8,56.0,817,63,1,226.0
2025-11-25 20:42:16+05:30,1758,195.0,39.0,33.8,56.0,907,77,5,248.0
2025-11-25 20:43:18+05:30,1759,197.0,39.0,33.8,56.0,905,76,0,247.3
2025-11-25 20:44:19+05:30,1760,191.0,41.0,33.8,56.0,902,76,1,246.2
2025-11-25 20:45:12+05:30,1761,213.0,47.0,33.8,56.0,793,59,0,227.1
2025-11-25 20:46:14+05:30,1762,205.0,37.0,33.8,56.0,927,80,0,253.5
2025-11-25 20:47:15+05:30,1763,200.0,37.0,33.8,56.0,923,79,0,251.5
2025-11-25 20:48:17+05:30,1764,199.0,43.0,33.8,56.0,925,79,18,255.3
2025-11-25 20:49:19+05:30,1765,196.0,37.0,33.8,56.0,855,69,0,235.1
2025-11-25 20:50:20+05:30,1766,201.0,43.0,33.8,56.0,930,80,15,256.6
2025-11-25 20:51:22+05:30,1767,195.0,43.0,33.8,56.0,927,80,2,253.5
2025-11-25 20:52:23+05:30,1768,197.0,43.0,33.8,56.0,918,78,4,251.9
2025-11-25 20:53:25+05:30,1769,194.0,39.0,33.8,56.0,923,79,0,250.9
2025-11-25 20:54:27+05:30,1770,194.0,39.0,33.8,56.0,909,77,0,247.7
2025-11-25 20:55:28+05:30,1771,195.0,39.0,33.8,57.0,874,72,0,239.9
2025-11-25 20:56:30+05:30,1772,196.0,40.0,33.8,57.0,872,71,0,239.8
2025-11-25 20:57:32+05:30,1773,193.0,39.0,33.8,57.0,785,58,0,218.9
2025-11-25 20:58:35+05:30,1774,194.0,43.0,33.8,57.0,848,68,3,235.2
2025-11-25 20:59:37+05:30,1775,194.0,39.0,33.8,57.0,834,66,0,230.5
2025-11-25 21:00:39+05:30,1776,193.0,39.0,33.8,57.0,853,69,0,234.7
2025-11-25 21:01:40+05:30,1777,194.0,39.0,33.8,57.0,844,67,0,232.7
2025-11-25 21:02:42+05:30,1778,200.0,40.0,33.8,57.0,830,65,0,231.0
2025-11-25 21:03:44+05:30,1779,198.0,40.0,33.8,57.0,848,68,4,235.2
2025-11-25 21:04:45+05:30,1780,198.0,40.0,33.8,57.0,836,66,0,232.0
2025-11-25 21:05:15+05:30,1781,187.0,43.0,33.8,58.0,715,47,0,202.7
2025-11-25 21:06:17+05:30,1782,198.0,39.0,33.8,58.0,844,67,0,233.5
2025-11-25 21:07:18+05:30,1783,196.0,39.0,33.8,58.0,838,66,0,231.7
2025-11-25 21:08:19+05:30,1784,200.0,40.0,33.8,58.0,838,66,4,233.2
2025-11-25 21:09:21+05:30,1785,199.0,44.0,33.8,58.0,855,69,5,238.3
2025-11-25 21:10:23+05:30,1786,199.0,44.0,33.8,58.0,851,68,3,237.1
2025-11-25 21:11:24+05:30,1787,197.0,40.0,33.8,58.0,880,73,3,242.3
2025-11-25 21:12:26+05:30,1788,199.0,43.0,33.8,58.0,848,68,3,236.2
2025-11-25 21:13:27+05:30,1789,196.0,37.0,33.8,58.0,715,47,17,204.4
2025-11-25 21:14:29+05:30,1790,195.0,39.0,33.8,58.0,804,61,0,223.7
2025-11-25 21:15:31+05:30,1791,200.0,44.0,33.8,59.0,821,64,4,230.6
2025-11-25 21:16:32+05:30,1792,201.0,40.0,33.8,59.0,857,69,8,238.2
2025-11-25 21:17:34+05:30,1793,198.0,39.0,33.8,59.0,817,63,9,228.2
2025-11-25 21:19:16+05:30,1794,198.0,43.0,33.8,59.0,683,43,0,197.7
2025-11-25 21:20:18+05:30,1795,205.0,44.0,33.8,59.0,785,58,3,223.1
2025-11-25 21:21:18+05:30,1796,202.0,44.0,33.8,60.0,672,41,0,196.2
2025-11-25 21:22:20+05:30,1797,212.0,41.0,33.8,60.0,754,53,0,216.1
2025-11-25 21:23:22+05:30,1798,196.0,39.0,33.8,60.0,730,50,0,206.9
2025-11-25 21:24:24+05:30,1799,189.0,40.0,33.8,60.0,672,41,0,192.4
2025-11-25 21:25:25+05:30,1800,186.0,39.0,33.8,60.0,732,50,4,205.7
2025-11-25 21:26:16+05:30,1801,177.0,43.0,33.8,61.0,640,36,0,183.5
2025-11-25 21:27:18+05:30,1802,198.0,40.0,33.8,61.0,730,50,0,207.6
2025-11-25 21:28:20+05:30,1803,200.0,39.0,33.8,61.0,740,51,0,209.9
2025-11-25 21:29:21+05:30,1804,205.0,37.0,33.8,61.0,757,54,0,214.3
2025-11-25 21:30:23+05:30,1805,203.0,43.0,33.8,61.0,757,54,0,215.7
2025-11-25 21:31:25+05:30,1806,204.0,37.0,33.8,61.0,737,51,0,209.5
2025-11-25 21:32:27+05:30,1807,204.0,40.0,33.8,61.0,733,50,0,209.4
2025-11-25 21:33:28+05:30,1808,206.0,39.0,33.8,61.0,742,52,93,221.0
2025-11-25 21:34:31+05:30,1809,209.0,44.0,33.8,61.0,748,53,4,215.6
2025-11-25 21:35:32+05:30,1810,208.0,39.0,33.8,61.0,674,41,51,201.4
2025-11-25 21:36:36+05:30,1811,208.0,37.0,33.8,61.0,717,48,0,205.7
2025-11-25 21:37:38+05:30,1812,212.0,43.0,33.8,61.0,708,46,9,207.0
2025-11-25 21:38:40+05:30,1813,207.0,39.0,33.8,61.0,704,46,0,203.1
2025-11-25 21:39:42+05:30,1814,208.0,39.0,33.8,61.0,715,47,0,205.7
2025-11-25 21:40:44+05:30,1815,208.0,39.0,33.8,62.0,744,52,0,212.5
2025-11-25 21:41:45+05:30,1816,210.0,40.0,33.8,62.0,744,52,12,214.4
2025-11-25 21:42:47+05:30,1817,208.0,39.0,33.8,62.0,746,52,1,213.0
2025-11-25 21:43:48+05:30,1818,209.0,44.0,33.8,62.0,659,39,3,194.9
2025-11-25 21:44:50+05:30,1819,206.0,43.0,33.8,61.0,754,53,3,215.8
2025-11-25 21:45:52+05:30,1820,205.0,39.0,33.8,62.0,737,51,7,211.0
2025-11-25 21:46:54+05:30,1821,204.0,43.0,33.8,61.0,733,50,0,210.3
2025-11-25 21:47:56+05:30,1822,205.0,39.0,33.8,61.0,765,55,11,217.8
2025-11-25 21:48:22+05:30,1823,199.0,44.0,33.8,61.0,656,39,0,192.0
2025-11-25 21:49:24+05:30,1824,211.0,46.0,33.8,61.0,737,51,5,214.1
2025-11-25 21:50:26+05:30,1825,207.0,41.0,33.8,61.0,692,44,0,200.9
2025-11-25 21:51:20+05:30,1826,206.0,44.0,33.8,61.0,600,30,0,180.4
2025-11-25 21:52:21+05:30,1827,214.0,40.0,33.8,61.0,678,42,0,198.8
2025-11-25 21:53:19+05:30,1828,211.0,44.0,33.8,61.0,574,26,59,181.3
2025-11-25 21:54:20+05:30,1829,218.0,40.0,33.8,61.0,652,38,0,193.6
2025-11-25 21:55:22+05:30,1830,207.0,40.0,33.8,61.0,666,40,0,194.6
2025-11-25 21:56:23+05:30,1831,207.0,41.0,33.8,61.0,620,33,1,184.4
2025-11-25 21:57:25+05:30,1832,209.0,40.0,33.8,61.0,611,32,0,182.4
2025-11-25 21:58:20+05:30,1833,204.0,43.0,33.8,61.0,527,19,0,162.9
2025-11-25 21:59:22+05:30,1834,207.0,40.0,33.8,61.0,552,23,0,168.4
2025-11-25 22:00:24+05:30,1835,204.0,37.0,33.8,61.0,566,25,1,170.2
2025-11-25 22:01:25+05:30,1836,203.0,39.0,33.8,61.0,564,24,0,169.9
2025-11-25 22:02:27+05:30,1837,207.0,41.0,33.8,61.0,549,22,0,167.9
2025-11-25 22:03:29+05:30,1838,193.0,39.0,33.7,61.0,548,22,41,168.4
2025-11-25 22:04:30+05:30,1839,191.0,40.0,33.7,61.0,531,19,6,160.8
2025-11-25 22:05:31+05:30,1840,185.0,39.0,33.4,61.0,549,22,0,162.9
2025-11-25 22:06:20+05:30,1841,185.0,47.0,33.4,61.0,470,10,1,147.2
2025-11-25 22:07:22+05:30,1842,186.0,42.0,33.7,61.0,526,19,2,159.0
2025-11-25 22:08:24+05:30,1843,183.0,39.0,33.6,61.0,543,21,120,173.1
2025-11-25 22:09:27+05:30,1844,181.0,39.0,33.7,61.0,546,22,0,161.5
2025-11-25 22:10:21+05:30,1845,176.0,41.0,33.7,61.0,466,10,56,148.3
2025-11-25 22:11:22+05:30,1846,183.0,39.0,33.7,61.0,574,26,0,168.3
2025-11-25 22:12:23+05:30,1847,181.0,38.0,33.8,61.0,564,24,0,165.2
2025-11-25 22:13:24+05:30,1848,181.0,39.0,33.7,61.0,566,25,2,166.3
2025-11-25 22:14:26+05:30,1849,186.0,40.0,33.8,61.0,566,25,0,167.4
2025-11-25 22:15:28+05:30,1850,179.0,39.0,33.7,61.0,556,23,0,163.3
2025-11-25 22:16:29+05:30,1851,179.0,39.0,33.8,61.0,555,23,0,163.1
2025-11-25 22:17:31+05:30,1852,183.0,44.0,33.7,61.0,555,23,3,165.7
2025-11-25 22:19:22+05:30,1853,184.0,43.0,33.7,61.0,473,11,0,146.5
2025-11-25 22:20:24+05:30,1854,184.0,39.0,33.7,61.0,543,21,19,163.2
2025-11-25 22:21:25+05:30,1855,181.0,42.0,33.7,61.0,487,13,1,148.9
2025-11-25 22:22:27+05:30,1856,184.0,40.0,33.8,61.0,536,20,0,160.0
2025-11-25 22:23:28+05:30,1857,179.0,39.0,33.8,61.0,551,23,0,162.3
2025-11-25 22:24:30+05:30,1858,179.0,39.0,33.8,61.0,536,20,2,158.9
2025-11-25 22:25:31+05:30,1859,178.0,37.0,33.7,61.0,553,23,0,161.9
2025-11-25 22:26:33+05:30,1860,178.0,37.0,33.7,61.0,530,19,8,157.3
2025-11-25 22:27:35+05:30,1861,178.0,39.0,33.7,61.0,566,25,0,165.5
2025-11-25 22:28:36+05:30,1862,177.0,37.0,33.7,61.0,546,22,0,160.1
2025-11-25 22:29:38+05:30,1863,177.0,42.0,33.7,61.0,497,14,1,150.3
2025-11-25 22:30:40+05:30,1864,177.0,37.0,33.7,60.0,524,18,0,154.9
2025-11-25 22:31:42+05:30,1865,177.0,39.0,33.7,60.0,536,20,0,158.3
2025-11-25 22:32:43+05:30,1866,177.0,41.0,33.7,60.0,530,19,0,157.5
2025-11-25 22:33:46+05:30,1867,177.0,39.0,33.8,60.0,542,21,0,159.7
2025-11-25 22:34:29+05:30,1868,174.0,46.0,33.8,60.0,413,1,4,131.8
2025-11-25 22:35:31+05:30,1869,181.0,43.0,33.8,60.0,531,19,2,159.3
2025-11-25 22:36:32+05:30,1870,176.0,42.0,33.7,60.0,529,19,3,157.7
2025-11-25 22:37:35+05:30,1871,184.0,35.0,33.7,60.0,508,16,0,152.1
2025-11-25 22:38:37+05:30,1872,187.0,35.0,33.7,60.0,529,19,0,157.5
2025-11-25 22:39:39+05:30,1873,191.0,40.0,33.7,59.0,531,19,0,160.2
2025-11-25 22:40:40+05:30,1874,194.0,39.0,33.5,59.0,534,20,22,163.5
2025-11-25 22:41:43+05:30,1875,194.0,43.0,33.8,59.0,543,21,3,164.8
2025-11-25 22:42:45+05:30,1876,189.0,39.0,33.6,59.0,543,21,0,162.3
2025-11-25 22:43:47+05:30,1877,194.0,39.0,33.7,59.0,542,21,0,163.1
2025-11-25 22:44:24+05:30,1878,192.0,48.0,33.5,59.0,463,9,2,147.4
2025-11-25 22:45:26+05:30,1879,200.0,37.0,33.4,59.0,537,20,11,163.6
2025-11-25 22:46:28+05:30,1880,197.0,39.0,33.4,59.0,546,22,0,164.7
2025-11-25 22:47:30+05:30,1881,197.0,39.0,33.4,59.0,542,21,3,164.0
2025-11-25 22:48:31+05:30,1882,196.0,43.0,33.7,59.0,534,20,5,163.4
2025-11-25 22:49:33+05:30,1883,196.0,37.0,33.5,59.0,543,21,0,163.1
2025-11-25 22:50:35+05:30,1884,199.0,44.0,33.4,58.0,553,23,51,173.3
2025-11-25 22:51:37+05:30,1885,199.0,44.0,33.3,58.0,553,23,0,168.2
2025-11-25 22:52:39+05:30,1886,196.0,40.0,33.3,58.0,556,23,0,167.0
2025-11-25 22:53:42+05:30,1887,195.0,39.0,33.3,58.0,454,8,23,145.4
2025-11-25 22:54:43+05:30,1888,199.0,40.0,33.4,58.0,561,24,4,169.2
2025-11-25 22:55:45+05:30,1889,195.0,39.0,33.7,58.0,565,25,0,168.7
2025-11-25 22:56:25+05:30,1890,188.0,42.0,33.8,58.0,477,11,0,147.8
2025-11-25 22:57:27+05:30,1891,199.0,41.0,33.7,58.0,581,27,0,173.7
2025-11-25 22:58:29+05:30,1892,200.0,37.0,33.7,58.0,578,27,0,172.1
2025-11-25 22:59:30+05:30,1893,198.0,43.0,33.7,58.0,591,29,0,176.5
2025-11-25 23:00:32+05:30,1894,202.0,44.0,33.8,58.0,618,33,5,184.3
2025-11-25 23:01:34+05:30,1895,195.0,39.0,33.8,58.0,637,36,2,185.5
2025-11-25 23:02:35+05:30,1896,198.0,40.0,33.8,58.0,553,23,0,166.8
2025-11-25 23:03:26+05:30,1897,188.0,43.0,33.8,58.0,586,28,0,173.3
2025-11-25 23:04:28+05:30,1898,199.0,39.0,33.8,58.0,697,45,0,199.9
2025-11-25 23:05:30+05:30,1899,194.0,39.0,33.8,59.0,692,44,183,216.0
2025-11-25 23:06:32+05:30,1900,199.0,39.0,33.8,59.0,714,47,3,204.0
2025-11-25 23:07:34+05:30,1901,199.0,39.0,33.8,59.0,712,47,0,203.3
2025-11-25 23:08:36+05:30,1902,199.0,39.0,33.8,59.0,740,51,0,209.7
2025-11-25 23:09:37+05:30,1903,201.0,39.0,33.8,59.0,754,53,0,213.3
2025-11-25 23:10:39+05:30,1904,199.0,39.0,33.8,59.0,715,47,0,203.9
2025-11-25 23:11:40+05:30,1905,200.0,43.0,33.8,60.0,752,53,29,216.8
2025-11-25 23:12:42+05:30,1906,204.0,40.0,33.8,60.0,783,58,4,221.4
2025-11-25 23:13:44+05:30,1907,200.0,37.0,33.8,60.0,800,60,0,223.1
2025-11-25 23:14:45+05:30,1908,201.0,43.0,33.8,60.0,763,55,19,218.6
2025-11-25 23:15:46+05:30,1909,206.0,40.0,33.7,60.0,710,47,4,205.0
2025-11-25 23:16:48+05:30,1910,201.0,39.0,33.7,60.0,692,44,7,199.8
2025-11-25 23:17:49+05:30,1911,205.0,44.0,33.7,59.0,715,47,20,208.6
2025-11-25 23:18:51+05:30,1912,202.0,39.0,33.7,59.0,732,50,1,208.6
2025-11-25 23:19:52+05:30,1913,203.0,39.0,33.7,59.0,737,51,0,209.9
2025-11-25 23:20:54+05:30,1914,205.0,44.0,33.8,59.0,742,52,3,213.3
2025-11-25 23:21:55+05:30,1915,208.0,40.0,33.7,59.0,757,54,0,215.8
2025-11-25 23:22:57+05:30,1916,204.0,39.0,33.6,60.0,748,53,0,212.7
2025-11-25 23:23:59+05:30,1917,205.0,43.0,33.4,60.0,754,53,1,215.4
2025-11-25 23:25:01+05:30,1918,208.0,40.0,33.6,60.0,778,57,2,220.8
2025-11-25 23:26:03+05:30,1919,205.0,43.0,33.3,60.0,752,53,2,215.1
2025-11-25 23:27:04+05:30,1920,206.0,40.0,33.3,60.0,726,49,0,208.2
2025-11-25 23:28:06+05:30,1921,204.0,39.0,33.3,61.0,774,56,0,218.5
2025-11-25 23:29:08+05:30,1922,205.0,39.0,33.3,61.0,772,56,23,220.6
2025-11-25 23:30:10+05:30,1923,210.0,42.0,33.3,61.0,717,48,0,207.6
2025-11-25 23:30:29+05:30,1924,197.0,47.0,33.3,61.0,668,40,2,195.3
2025-11-25 23:31:31+05:30,1925,209.0,39.0,33.3,61.0,783,58,0,221.7
2025-11-25 23:32:32+05:30,1926,212.0,40.0,33.3,61.0,783,58,2,222.8
2025-11-25 23:33:34+05:30,1927,212.0,40.0,33.3,62.0,763,55,4,218.4
2025-11-25 23:34:36+05:30,1928,209.0,44.0,33.3,62.0,772,56,4,221.0
2025-11-25 23:35:37+05:30,1929,210.0,44.0,33.3,62.0,765,55,4,219.6
2025-11-25 23:36:40+05:30,1930,208.0,40.0,33.3,62.0,748,53,0,213.8
2025-11-25 23:37:41+05:30,1931,216.0,40.0,33.3,62.0,746,52,0,214.8
2025-11-25 23:38:43+05:30,1932,208.0,40.0,33.3,62.0,754,53,0,215.0
2025-11-25 23:39:44+05:30,1933,205.0,43.0,33.3,62.0,746,52,5,214.0
2025-11-25 23:40:47+05:30,1934,207.0,44.0,33.3,62.0,732,50,4,211.4
2025-11-25 23:41:48+05:30,1935,203.0,44.0,33.3,62.0,719,48,1,207.3
2025-11-25 23:42:50+05:30,1936,202.0,39.0,33.3,62.0,757,54,0,214.3
2025-11-25 23:43:51+05:30,1937,207.0,42.0,33.3,63.0,780,57,4,221.8
2025-11-25 23:44:53+05:30,1938,212.0,40.0,33.3,63.0,770,56,8,220.4
2025-11-25 23:45:54+05:30,1939,209.0,39.0,33.3,63.0,776,57,0,220.1
2025-11-25 23:46:56+05:30,1940,215.0,46.0,33.3,63.0,776,57,4,223.8
2025-11-25 23:47:58+05:30,1941,212.0,37.0,33.3,63.0,783,58,0,221.7
2025-11-25 23:48:59+05:30,1942,211.0,44.0,33.3,63.0,772,56,8,221.8
2025-11-25 23:50:01+05:30,1943,215.0,46.0,33.3,63.0,763,55,4,220.8
2025-11-25 23:51:03+05:30,1944,209.0,39.0,33.3,63.0,778,57,0,220.5
2025-11-25 23:52:04+05:30,1945,211.0,40.0,33.3,63.0,776,57,0,220.8
2025-11-25 23:53:06+05:30,1946,208.0,37.0,33.3,63.0,763,55,10,217.3
2025-11-25 23:54:08+05:30,1947,219.0,40.0,33.3,63.0,763,55,4,219.8
2025-11-25 23:55:09+05:30,1948,222.0,40.0,33.3,63.0,763,55,4,220.4
2025-11-25 23:56:10+05:30,1949,215.0,40.0,33.3,63.0,715,47,4,207.8
2025-11-25 23:57:12+05:30,1950,203.0,41.0,33.3,63.0,712,47,0,204.7
2025-11-25 23:58:14+05:30,1951,198.0,39.0,33.3,63.0,710,47,0,202.7
2025-11-25 23:59:15+05:30,1952,194.0,39.0,33.3,63.0,700,45,0,199.5
2025-11-26 00:00:18+05:30,1953,196.0,43.0,33.3,63.0,710,47,1,203.6
2025-11-26 00:01:19+05:30,1954,201.0,44.0,33.3,64.0,732,50,10,210.8
2025-11-26 00:02:21+05:30,1955,200.0,37.0,33.3,64.0,742,52,0,209.9
2025-11-26 00:03:35+05:30,1956,187.0,43.0,33.3,64.0,710,47,2,201.9
2025-11-26 00:04:37+05:30,1957,208.0,40.0,33.3,64.0,817,63,0,229.6
2025-11-26 00:05:38+05:30,1958,212.0,43.0,33.3,64.0,798,60,79,234.8
2025-11-26 00:06:39+05:30,1959,208.0,39.0,33.3,64.0,772,56,0,218.9
2025-11-26 00:07:41+05:30,1960,206.0,40.0,33.3,64.0,791,59,0,223.2
2025-11-26 00:08:42+05:30,1961,204.0,37.0,33.3,65.0,772,56,17,219.2
2025-11-26 00:10:49+05:30,1962,208.0,40.0,33.3,65.0,733,50,8,211.0
2025-11-26 00:11:33+05:30,1963,200.0,43.0,33.2,65.0,643,37,33,192.2
2025-11-26 00:12:34+05:30,1964,211.0,43.0,33.2,65.0,708,46,2,206.1
2025-11-26 00:13:36+05:30,1965,208.0,39.0,32.8,66.0,694,44,1,201.0
2025-11-26 00:14:37+05:30,1966,207.0,42.0,33.3,65.0,702,46,6,204.2
2025-11-26 00:15:38+05:30,1967,203.0,43.0,33.2,65.0,700,45,0,202.5
2025-11-26 00:17:38+05:30,1968,208.0,45.0,32.8,66.0,560,24,3,172.2
2025-11-26 00:21:34+05:30,1969,223.0,48.0,32.3,67.0,675,41,4,202.6
2025-11-26 00:22:35+05:30,1970,201.0,39.0,32.4,67.0,759,54,0,214.5
2025-11-26 00:27:34+05:30,1971,218.0,48.0,32.8,67.0,656,39,127,209.7
2025-11-26 00:29:34+05:30,1972,217.0,45.0,32.8,67.0,672,41,128,212.3
2025-11-26 00:30:35+05:30,1973,214.0,46.0,32.8,67.0,686,43,1,202.5
2025-11-26 00:31:37+05:30,1974,210.0,40.0,32.8,67.0,772,56,28,222.4
2025-11-26 00:32:38+05:30,1975,199.0,43.0,32.8,67.0,717,48,4,206.1
2025-11-26 00:33:35+05:30,1976,206.0,44.0,32.8,67.0,690,44,0,201.2
2025-11-26 00:34:36+05:30,1977,199.0,39.0,32.8,67.0,783,58,0,219.7
2025-11-26 00:35:38+05:30,1978,195.0,39.0,32.8,67.0,757,54,0,212.9
2025-11-26 00:36:39+05:30,1979,193.0,42.0,32.8,67.0,752,53,5,212.7
2025-11-26 00:37:40+05:30,1980,194.0,42.0,32.8,67.0,749,53,5,212.3
2025-11-26 00:38:42+05:30,1981,191.0,42.0,32.8,67.0,749,53,4,211.6
2025-11-26 00:39:43+05:30,1982,191.0,38.0,32.8,68.0,740,51,27,210.5
2025-11-26 00:40:44+05:30,1983,190.0,41.0,32.8,67.0,746,52,2,210.1
2025-11-26 00:41:46+05:30,1984,193.0,42.0,32.8,67.0,827,65,2,229.8
2025-11-26 00:42:47+05:30,1985,192.0,36.0,32.8,67.0,806,61,0,222.6
2025-11-26 00:43:49+05:30,1986,196.0,40.0,32.8,68.0,733,50,4,208.2
2025-11-26 00:44:51+05:30,1987,195.0,43.0,32.8,68.0,785,58,45,225.0
2025-11-26 00:45:52+05:30,1988,191.0,42.0,32.8,68.0,763,55,2,214.6
2025-11-26 00:46:53+05:30,1989,189.0,39.0,32.8,68.0,763,55,0,213.1
2025-11-26 00:47:54+05:30,1990,191.0,40.0,32.8,68.0,759,54,4,213.2
2025-11-26 00:48:55+05:30,1991,190.0,40.0,32.8,68.0,757,54,0,212.2
2025-11-26 00:49:56+05:30,1992,188.0,40.0,32.8,68.0,740,51,0,207.8
2025-11-26 00:50:58+05:30,1993,187.0,41.0,32.8,68.0,740,51,0,207.9
2025-11-26 00:51:59+05:30,1994,187.0,38.0,32.8,68.0,763,55,3,212.7
2025-11-26 00:53:00+05:30,1995,187.0,38.0,32.8,68.0,749,53,12,210.4
2025-11-26 00:54:03+05:30,1996,187.0,38.0,32.8,68.0,704,46,0,198.8
2025-11-26 00:55:04+05:30,1997,191.0,40.0,32.8,68.0,765,55,0,214.2
2025-11-26 00:56:05+05:30,1998,184.0,35.0,32.8,68.0,763,55,55,216.4
2025-11-26 00:57:07+05:30,1999,189.0,42.0,32.8,68.0,752,53,3,211.7
2025-11-26 00:58:09+05:30,2000,188.0,41.0,32.8,68.0,761,54,1,213.0
2025-11-26 00:59:10+05:30,2001,189.0,38.0,32.8,68.0,772,56,0,214.8
2025-11-26 01:00:11+05:30,2002,187.0,38.0,32.8,68.0,770,56,0,214.0
2025-11-26 01:01:13+05:30,2003,188.0,37.0,32.8,68.0,735,51,0,205.9
2025-11-26 01:02:15+05:30,2004,187.0,38.0,32.8,68.0,754,53,0,210.2
2025-11-26 01:03:16+05:30,2005,191.0,40.0,32.8,68.0,752,53,4,211.6
2025-11-26 01:04:18+05:30,2006,187.0,35.0,32.8,68.0,735,51,0,205.1
2025-11-26 01:05:19+05:30,2007,188.0,36.0,32.8,68.0,730,50,0,204.4
2025-11-26 01:06:20+05:30,2008,187.0,38.0,32.8,68.0,730,50,0,204.8
2025-11-26 01:07:22+05:30,2009,188.0,37.0,32.8,68.0,730,50,0,204.7
2025-11-26 01:08:23+05:30,2010,191.0,43.0,32.8,68.0,726,49,2,206.3
2025-11-26 01:09:24+05:30,2011,191.0,42.0,32.8,68.0,697,45,4,199.6
2025-11-26 01:10:26+05:30,2012,187.0,38.0,32.8,69.0,679,42,1,193.1
2025-11-26 01:11:27+05:30,2013,190.0,40.0,32.8,69.0,633,35,0,183.6
2025-11-26 01:12:30+05:30,2014,190.0,42.0,32.8,69.0,686,43,4,196.8
2025-11-26 01:13:39+05:30,2015,183.0,42.0,32.8,69.0,574,26,7,169.9
2025-11-26 01:14:40+05:30,2016,189.0,35.0,32.8,69.0,679,42,0,192.5
2025-11-26 01:15:42+05:30,2017,188.0,38.0,32.8,69.0,679,42,0,193.2
2025-11-26 01:16:43+05:30,2018,187.0,40.0,32.8,68.0,678,42,0,193.4
2025-11-26 01:17:45+05:30,2019,185.0,38.0,32.8,68.0,645,37,0,184.8
2025-11-26 01:18:46+05:30,2020,190.0,40.0,32.8,68.0,675,41,4,193.6
2025-11-26 01:19:47+05:30,2021,187.0,37.0,32.7,68.0,674,41,0,191.5
2025-11-26 01:20:49+05:30,2022,188.0,40.0,32.7,68.0,672,41,0,192.2
2025-11-26 01:21:51+05:30,2023,190.0,42.0,32.7,68.0,679,42,3,195.1
2025-11-26 01:22:52+05:30,2024,187.0,38.0,32.7,68.0,699,45,0,197.6
2025-11-26 01:23:40+05:30,2025,191.0,48.0,32.8,68.0,602,30,4,179.4
2025-11-26 01:24:40+05:30,2026,186.0,41.0,32.7,68.0,594,29,0,174.1
2025-11-26 01:25:42+05:30,2027,195.0,40.0,32.8,68.0,694,44,4,199.0
2025-11-26 01:26:44+05:30,2028,188.0,37.0,32.8,68.0,694,44,0,196.3
2025-11-26 01:27:46+05:30,2029,188.0,36.0,32.8,68.0,597,30,0,173.8
2025-11-26 01:28:40+05:30,2030,182.0,46.0,32.8,68.0,581,27,26,174.4
2025-11-26 01:30:41+05:30,2031,195.0,43.0,32.4,68.0,605,31,0,179.1
2025-11-26 01:31:42+05:30,2032,195.0,42.0,32.4,68.0,682,42,1,196.5
2025-11-26 01:32:41+05:30,2033,188.0,40.0,32.4,68.0,584,28,0,172.0
2025-11-26 01:33:42+05:30,2034,192.0,40.0,32.4,68.0,660,39,0,190.2
2025-11-26 01:34:42+05:30,2035,183.0,42.0,32.4,68.0,580,27,0,170.6
2025-11-26 01:35:43+05:30,2036,192.0,35.0,32.4,68.0,679,42,0,193.1
2025-11-26 01:36:44+05:30,2037,185.0,47.0,32.4,68.0,564,24,2,168.9
2025-11-26 01:37:46+05:30,2038,193.0,43.0,32.4,68.0,660,39,0,191.3
2025-11-26 01:38:47+05:30,2039,187.0,38.0,32.4,68.0,675,41,3,192.3
2025-11-26 01:39:48+05:30,2040,188.0,38.0,32.4,68.0,672,41,0,191.6
2025-11-26 01:40:50+05:30,2041,187.0,38.0,32.4,68.0,674,41,0,191.8
2025-11-26 01:41:51+05:30,2042,188.0,37.0,32.4,68.0,666,40,0,189.9
2025-11-26 01:42:52+05:30,2043,186.0,38.0,32.4,68.0,666,40,0,189.8
2025-11-26 01:43:54+05:30,2044,187.0,41.0,32.3,68.0,665,40,2,190.9
2025-11-26 01:44:56+05:30,2045,186.0,38.0,32.3,68.0,617,33,0,178.6
2025-11-26 01:46:42+05:30,2046,187.0,42.0,32.3,68.0,597,30,0,175.4
2025-11-26 01:47:46+05:30,2047,198.0,44.0,32.3,68.0,657,39,22,194.2
2025-11-26 01:48:48+05:30,2048,188.0,38.0,32.3,68.0,660,39,0,188.8
2025-11-26 01:49:49+05:30,2049,185.0,35.0,32.3,68.0,659,39,17,188.8
2025-11-26 01:50:50+05:30,2050,186.0,37.0,32.3,68.0,659,39,0,187.9
2025-11-26 01:51:51+05:30,2051,185.0,35.0,32.3,68.0,652,38,11,186.6
2025-11-26 01:52:53+05:30,2052,185.0,35.0,32.3,67.0,660,39,17,189.0
2025-11-26 01:53:54+05:30,2053,185.0,38.0,32.3,67.0,650,38,0,186.0
2025-11-26 01:54:55+05:30,2054,185.0,39.0,32.3,67.0,633,35,1,182.4
2025-11-26 01:55:56+05:30,2055,185.0,38.0,32.3,67.0,637,36,0,183.0
2025-11-26 01:56:58+05:30,2056,185.0,38.0,32.3,67.0,629,34,2,181.2
2025-11-26 01:57:59+05:30,2057,184.0,35.0,32.3,67.0,634,35,16,182.7
2025-11-26 01:59:01+05:30,2058,184.0,35.0,32.3,67.0,574,26,0,167.3
2025-11-26 02:00:02+05:30,2059,190.0,40.0,32.3,67.0,712,47,0,201.8
2025-11-26 02:01:04+05:30,2060,187.0,38.0,32.3,67.0,690,44,7,196.3
2025-11-26 02:02:06+05:30,2061,186.0,41.0,32.3,67.0,668,40,0,191.1
2025-11-26 02:03:08+05:30,2062,186.0,38.0,32.3,67.0,672,41,0,191.2
2025-11-26 02:04:09+05:30,2063,189.0,42.0,32.3,67.0,653,38,3,188.9
2025-11-26 02:05:10+05:30,2064,189.0,40.0,32.3,67.0,640,36,0,185.0
2025-11-26 02:06:11+05:30,2065,195.0,44.0,32.3,67.0,634,35,4,186.4
2025-11-26 02:07:13+05:30,2066,186.0,38.0,32.3,67.0,623,33,0,179.8
2025-11-26 02:08:14+05:30,2067,185.0,38.0,32.3,67.0,607,31,0,176.0
2025-11-26 02:09:16+05:30,2068,189.0,42.0,32.3,67.0,603,30,0,177.0
2025-11-26 02:13:54+05:30,2069,185.0,38.0,32.3,67.0,566,25,0,166.6
2025-11-26 02:14:45+05:30,2070,182.0,40.0,32.3,67.0,492,14,0,149.6
2025-11-26 02:15:46+05:30,2071,186.0,38.0,32.3,67.0,551,23,0,163.4
2025-11-26 02:16:47+05:30,2072,190.0,43.0,32.3,67.0,561,24,0,167.9
2025-11-26 02:17:49+05:30,2073,183.0,37.0,32.3,67.0,577,26,0,168.3
2025-11-26 02:18:45+05:30,2074,182.0,44.0,32.3,67.0,496,14,8,152.4
2025-11-26 02:19:46+05:30,2075,185.0,35.0,32.3,67.0,570,25,0,166.5
2025-11-26 02:20:47+05:30,2076,188.0,40.0,32.3,67.0,574,26,0,169.6
2025-11-26 02:22:46+05:30,2077,192.0,39.0,32.3,67.0,518,17,0,157.1
2025-11-26 02:23:47+05:30,2078,193.0,42.0,32.3,67.0,586,28,3,174.3
2025-11-26 02:24:49+05:30,2079,187.0,35.0,32.3,67.0,586,28,0,170.7
2025-11-26 02:25:50+05:30,2080,186.0,38.0,32.3,67.0,577,26,0,169.2
2025-11-26 02:26:51+05:30,2081,188.0,37.0,32.3,67.0,584,28,0,171.1
2025-11-26 02:27:52+05:30,2082,188.0,42.0,32.3,67.0,589,28,4,174.0
2025-11-26 02:28:54+05:30,2083,185.0,41.0,32.3,67.0,594,29,3,174.2
2025-11-26 02:29:55+05:30,2084,185.0,40.0,32.3,67.0,594,29,0,173.6
2025-11-26 02:30:46+05:30,2085,181.0,42.0,32.3,67.0,520,18,0,156.4
2025-11-26 02:31:48+05:30,2086,188.0,35.0,32.3,67.0,603,30,0,174.7
2025-11-26 02:32:47+05:30,2087,186.0,44.0,32.3,67.0,533,20,0,161.0
2025-11-26 02:33:48+05:30,2088,192.0,42.0,32.3,67.0,627,34,3,183.5
2025-11-26 02:34:49+05:30,2089,188.0,40.0,32.3,67.0,627,34,0,181.8
2025-11-26 02:35:51+05:30,2090,186.0,39.0,32.3,67.0,633,35,0,182.5
2025-11-26 02:36:52+05:30,2091,189.0,42.0,32.3,67.0,603,30,2,177.2
2025-11-26 02:37:53+05:30,2092,186.0,35.0,32.3,67.0,640,36,0,182.9
2025-11-26 02:38:54+05:30,2093,185.0,35.0,32.3,67.0,637,36,2,182.3
2025-11-26 02:39:56+05:30,2094,187.0,38.0,32.3,67.0,646,37,1,185.5
2025-11-26 02:40:57+05:30,2095,187.0,38.0,32.3,67.0,589,28,1,172.3
2025-11-26 02:41:58+05:30,2096,188.0,35.0,32.3,67.0,659,39,8,188.5
2025-11-26 02:43:00+05:30,2097,187.0,38.0,32.3,67.0,683,43,0,194.0
2025-11-26 02:44:01+05:30,2098,187.0,38.0,32.3,67.0,674,41,3,192.1
2025-11-26 02:45:02+05:30,2099,188.0,37.0,32.3,67.0,682,42,0,193.5
2025-11-26 02:46:03+05:30,2100,188.0,38.0,32.3,67.0,672,41,0,191.6
2025-11-26 02:47:05+05:30,2101,188.0,35.0,32.3,67.0,678,42,0,192.1
2025-11-26 02:48:06+05:30,2102,189.0,41.0,32.3,67.0,678,42,6,194.7
2025-11-26 02:49:07+05:30,2103,187.0,35.0,32.3,67.0,675,41,7,191.8
2025-11-26 02:50:08+05:30,2104,187.0,38.0,32.3,67.0,675,41,1,192.1
2025-11-26 02:51:09+05:30,2105,188.0,38.0,32.3,67.0,674,41,11,193.1
2025-11-26 02:52:10+05:30,2106,188.0,36.0,32.3,67.0,668,40,0,190.0
2025-11-26 02:52:49+05:30,2107,184.0,41.0,32.3,67.0,577,26,0,169.7
2025-11-26 02:53:50+05:30,2108,192.0,37.0,32.3,67.0,668,40,0,191.1
2025-11-26 02:54:51+05:30,2109,192.0,40.0,31.9,67.0,617,33,0,180.4
2025-11-26 02:55:53+05:30,2110,188.0,35.0,32.2,67.0,650,38,0,185.7
2025-11-26 02:56:55+05:30,2111,188.0,36.0,32.3,67.0,660,39,0,188.2
2025-11-26 02:57:56+05:30,2112,194.0,47.0,32.3,67.0,491,13,2,153.9
2025-11-26 02:58:57+05:30,2113,187.0,37.0,32.3,67.0,495,14,0,150.3
2025-11-26 02:59:58+05:30,2114,188.0,35.0,32.3,67.0,652,38,1,186.2
2025-11-26 03:00:49+05:30,2115,184.0,40.0,32.3,67.0,556,23,0,164.6
2025-11-26 03:01:51+05:30,2116,193.0,42.0,32.3,67.0,580,27,4,173.0
2025-11-26 03:02:53+05:30,2117,193.0,40.0,31.9,67.0,646,37,0,187.2
2025-11-26 03:03:54+05:30,2118,190.0,38.0,31.8,67.0,646,37,0,186.0
2025-11-26 03:04:56+05:30,2119,190.0,36.0,31.8,67.0,652,38,0,186.8
2025-11-26 03:05:57+05:30,2120,189.0,37.0,31.8,67.0,659,39,0,188.5
2025-11-26 03:06:58+05:30,2121,189.0,36.0,31.8,67.0,668,40,0,190.2
2025-11-26 03:07:59+05:30,2122,192.0,40.0,31.9,67.0,674,41,4,193.8
2025-11-26 03:09:01+05:30,2123,190.0,39.0,31.8,67.0,656,39,5,189.2
2025-11-26 03:10:02+05:30,2124,193.0,42.0,31.8,67.0,671,41,4,194.0
2025-11-26 03:10:51+05:30,2125,192.0,44.0,31.8,67.0,589,28,4,175.4
2025-11-26 03:11:52+05:30,2126,196.0,37.0,31.8,67.0,690,44,0,197.1
2025-11-26 03:12:51+05:30,2127,190.0,42.0,31.8,67.0,603,30,0,177.2
2025-11-26 03:13:52+05:30,2128,204.0,42.0,31.8,68.0,688,43,32,202.8
2025-11-26 03:14:54+05:30,2129,194.0,40.0,31.8,68.0,683,43,19,197.9
2025-11-26 03:15:55+05:30,2130,193.0,38.0,31.8,68.0,683,43,3,195.5
2025-11-26 03:16:56+05:30,2131,193.0,35.0,31.8,68.0,683,43,0,194.3
2025-11-26 03:17:58+05:30,2132,191.0,37.0,31.8,68.0,682,42,0,194.1
2025-11-26 03:18:59+05:30,2133,191.0,38.0,31.8,68.0,659,39,0,189.2
2025-11-26 03:20:00+05:30,2134,192.0,35.0,31.8,68.0,626,34,0,180.9
2025-11-26 03:20:52+05:30,2135,191.0,43.0,31.8,69.0,577,26,0,171.7
2025-11-26 03:21:53+05:30,2136,196.0,38.0,31.8,69.0,675,41,0,193.8
2025-11-26 03:22:54+05:30,2137,194.0,38.0,31.8,69.0,675,41,0,193.4
2025-11-26 03:24:52+05:30,2138,199.0,43.0,31.8,69.0,597,30,0,178.1
2025-11-26 03:25:53+05:30,2139,199.0,38.0,31.8,69.0,675,41,0,194.4
2025-11-26 03:26:55+05:30,2140,196.0,35.0,31.8,69.0,671,41,2,192.3
2025-11-26 03:27:56+05:30,2141,198.0,44.0,31.8,69.0,666,40,8,194.8
2025-11-26 03:28:53+05:30,2142,191.0,42.0,31.8,69.0,574,26,0,170.8
2025-11-26 03:29:54+05:30,2143,196.0,35.0,31.8,69.0,665,40,7,191.4
2025-11-26 03:30:55+05:30,2144,199.0,40.0,31.8,69.0,634,35,2,185.8
2025-11-26 03:32:53+05:30,2145,199.0,43.0,31.8,69.0,602,30,0,179.1
2025-11-26 03:33:54+05:30,2146,200.0,37.0,31.8,69.0,692,44,0,198.3
2025-11-26 03:34:56+05:30,2147,196.0,39.0,31.8,69.0,692,44,0,198.1
2025-11-26 03:35:58+05:30,2148,195.0,38.0,31.8,69.0,690,44,0,197.2
2025-11-26 03:37:00+05:30,2149,197.0,42.0,31.8,69.0,518,17,4,159.4
2025-11-26 03:38:02+05:30,2150,196.0,41.0,31.8,69.0,674,41,4,194.9
2025-11-26 03:39:04+05:30,2151,197.0,43.0,31.8,69.0,686,43,0,198.1
2025-11-26 03:40:06+05:30,2152,195.0,42.0,31.8,69.0,694,44,2,199.4
2025-11-26 03:41:07+05:30,2153,195.0,41.0,31.8,69.0,526,19,3,160.6
2025-11-26 03:42:08+05:30,2154,195.0,38.0,31.8,69.0,692,44,0,197.6
2025-11-26 03:43:11+05:30,2155,195.0,38.0,31.8,69.0,704,46,0,200.4
2025-11-26 03:44:13+05:30,2156,196.0,37.0,31.8,69.0,714,47,0,202.5
2025-11-26 03:45:14+05:30,2157,195.0,38.0,31.8,69.0,694,44,0,198.0
2025-11-26 03:46:16+05:30,2158,195.0,38.0,31.8,69.0,714,47,0,202.6
2025-11-26 03:47:17+05:30,2159,200.0,40.0,31.8,69.0,690,44,4,199.2
2025-11-26 03:48:19+05:30,2160,198.0,40.0,31.8,69.0,688,43,0,197.8
2025-11-26 03:49:20+05:30,2161,195.0,41.0,31.8,69.0,679,42,2,195.7
2025-11-26 03:50:22+05:30,2162,194.0,39.0,31.8,69.0,706,46,0,200.9
2025-11-26 03:51:24+05:30,2163,196.0,37.0,31.8,69.0,706,46,0,200.7
2025-11-26 03:52:25+05:30,2164,195.0,39.0,31.8,69.0,692,44,0,197.9
2025-11-26 03:53:26+05:30,2165,194.0,37.0,31.8,69.0,674,41,0,192.9
2025-11-26 03:54:55+05:30,2166,196.0,44.0,31.8,69.0,620,33,4,183.4
2025-11-26 03:55:57+05:30,2167,197.0,41.0,31.8,69.0,700,45,11,201.8
2025-11-26 03:56:58+05:30,2168,194.0,35.0,31.8,69.0,686,43,0,195.1
2025-11-26 03:57:59+05:30,2169,196.0,40.0,31.8,69.0,697,45,0,199.6
2025-11-26 03:58:56+05:30,2170,195.0,46.0,31.8,69.0,594,29,3,177.7
2025-11-26 03:59:57+05:30,2171,195.0,38.0,31.8,69.0,657,39,0,189.6
2025-11-26 04:00:58+05:30,2172,197.0,42.0,31.8,69.0,682,42,3,197.1
2025-11-26 04:01:59+05:30,2173,194.0,39.0,31.8,69.0,678,42,0,194.5
2025-11-26 04:03:00+05:30,2174,194.0,38.0,31.8,69.0,715,47,0,202.6
2025-11-26 04:04:02+05:30,2175,194.0,41.0,31.8,69.0,660,39,0,190.9
2025-11-26 04:05:03+05:30,2176,196.0,42.0,31.8,69.0,710,47,3,203.5
2025-11-26 04:06:04+05:30,2177,191.0,38.0,31.8,68.0,672,41,0,192.2
2025-11-26 04:07:05+05:30,2178,191.0,38.0,31.6,68.0,671,41,0,192.0
2025-11-26 04:08:56+05:30,2179,194.0,41.0,31.8,68.0,591,29,0,175.1
2025-11-26 04:09:58+05:30,2180,200.0,40.0,31.8,68.0,650,38,2,189.8
2025-11-26 04:10:59+05:30,2181,196.0,39.0,31.8,68.0,626,34,0,182.9
2025-11-26 04:12:57+05:30,2182,198.0,40.0,31.8,68.0,542,21,0,164.2
2025-11-26 04:13:58+05:30,2183,199.0,42.0,31.8,68.0,615,32,2,182.0
2025-11-26 04:15:00+05:30,2184,196.0,42.0,31.8,68.0,589,28,11,176.3
2025-11-26 04:16:01+05:30,2185,192.0,39.0,31.8,68.0,607,31,0,177.7
2025-11-26 04:16:57+05:30,2186,189.0,42.0,31.8,68.0,517,17,0,157.2
2025-11-26 04:17:59+05:30,2187,198.0,40.0,31.8,68.0,592,29,0,175.8
2025-11-26 04:19:00+05:30,2188,192.0,38.0,31.8,68.0,515,17,0,156.2
2025-11-26 04:20:01+05:30,2189,190.0,39.0,31.8,68.0,591,29,0,173.7
2025-11-26 04:20:58+05:30,2190,192.0,44.0,31.8,68.0,503,15,8,156.0
2025-11-26 04:21:59+05:30,2191,200.0,44.0,31.8,68.0,570,25,32,175.4
2025-11-26 04:23:00+05:30,2192,190.0,37.0,31.8,68.0,570,25,0,168.1
2025-11-26 04:23:58+05:30,2193,193.0,46.0,31.8,68.0,524,18,2,161.0
2025-11-26 04:25:00+05:30,2194,195.0,38.0,31.8,68.0,626,34,0,182.4
2025-11-26 04:26:02+05:30,2195,194.0,40.0,31.8,68.0,631,35,0,184.0
2025-11-26 04:26:58+05:30,2196,197.0,46.0,31.8,68.0,572,26,6,173.4
2025-11-26 04:27:59+05:30,2197,199.0,42.0,31.8,68.0,627,34,2,184.8
2025-11-26 04:29:01+05:30,2198,196.0,40.0,31.8,68.0,607,31,6,179.4
2025-11-26 04:29:59+05:30,2199,196.0,46.0,31.8,68.0,537,20,3,164.7
2025-11-26 04:31:00+05:30,2200,199.0,40.0,31.8,68.0,594,29,4,176.8
2025-11-26 04:32:02+05:30,2201,192.0,40.0,31.4,68.0,584,28,0,172.8
2025-11-26 04:32:59+05:30,2202,196.0,42.0,31.3,68.0,497,14,4,154.4
2025-11-26 04:34:00+05:30,2203,197.0,46.0,31.3,68.0,526,19,1,162.3
2025-11-26 04:34:59+05:30,2204,189.0,42.0,31.3,68.0,487,13,0,150.4
2025-11-26 04:36:00+05:30,2205,196.0,40.0,31.3,68.0,549,22,0,165.4
2025-11-26 04:37:01+05:30,2206,190.0,39.0,31.3,68.0,531,19,3,160.0
2025-11-26 04:38:03+05:30,2207,189.0,39.0,31.3,68.0,542,21,0,162.1
2025-11-26 04:39:04+05:30,2208,188.0,38.0,31.4,68.0,546,22,1,162.7
2025-11-26 04:39:59+05:30,2209,191.0,43.0,31.4,68.0,470,10,0,147.1
2025-11-26 04:41:00+05:30,2210,193.0,41.0,31.4,68.0,470,10,1,147.0
2025-11-26 04:42:01+05:30,2211,194.0,38.0,31.3,68.0,540,21,0,162.4
2025-11-26 04:43:00+05:30,2212,190.0,43.0,31.3,68.0,462,9,0,145.1
2025-11-26 04:44:01+05:30,2213,192.0,37.0,31.3,68.0,527,19,0,158.7
2025-11-26 04:45:00+05:30,2214,188.0,41.0,31.3,69.0,473,11,0,146.7
2025-11-26 04:46:01+05:30,2215,192.0,37.0,31.3,69.0,540,21,0,161.7
2025-11-26 04:47:03+05:30,2216,191.0,42.0,31.3,69.0,533,20,3,161.7
2025-11-26 04:49:00+05:30,2217,192.0,42.0,31.3,69.0,475,11,2,148.4
2025-11-26 04:50:02+05:30,2218,191.0,38.0,31.3,69.0,536,20,0,160.8
2025-11-26 04:51:03+05:30,2219,189.0,35.0,31.3,69.0,529,19,0,157.9
2025-11-26 04:52:04+05:30,2220,187.0,35.0,31.3,69.0,476,11,0,145.3
2025-11-26 04:53:01+05:30,2221,187.0,41.0,31.3,69.0,470,10,2,145.9
2025-11-26 04:54:02+05:30,2222,191.0,38.0,31.3,68.0,560,24,0,166.4
2025-11-26 04:55:01+05:30,2223,189.0,42.0,31.3,68.0,500,15,0,153.4
2025-11-26 04:56:03+05:30,2224,196.0,40.0,31.3,68.0,545,22,2,164.8
2025-11-26 04:57:01+05:30,2225,191.0,46.0,31.3,68.0,491,13,3,153.1
2025-11-26 04:58:04+05:30,2226,191.0,39.0,31.3,68.0,561,24,3,167.2
2025-11-26 04:59:02+05:30,2227,195.0,43.0,31.3,68.0,496,14,0,153.9
2025-11-26 05:00:03+05:30,2228,194.0,41.0,31.3,68.0,569,25,3,170.2
2025-11-26 05:01:05+05:30,2229,192.0,37.0,31.3,68.0,552,23,0,164.5
2025-11-26 05:02:02+05:30,2230,194.0,43.0,31.3,68.0,497,14,0,153.9
2025-11-26 05:03:02+05:30,2231,196.0,43.0,31.3,68.0,492,14,0,153.3
2025-11-26 05:04:03+05:30,2232,198.0,40.0,31.3,68.0,549,22,6,166.4
2025-11-26 05:05:05+05:30,2233,192.0,39.0,31.3,68.0,536,20,0,161.3
2025-11-26 05:07:02+05:30,2234,191.0,42.0,31.3,68.0,461,9,0,144.8
2025-11-26 05:08:04+05:30,2235,197.0,46.0,31.3,67.0,530,19,63,169.3
2025-11-26 05:09:03+05:30,2236,189.0,42.0,31.3,67.0,466,10,11,146.7
2025-11-26 05:10:05+05:30,2237,195.0,40.0,31.3,67.0,542,21,2,163.8
2025-11-26 05:11:06+05:30,2238,193.0,40.0,31.3,67.0,500,15,4,154.0
2025-11-26 05:12:07+05:30,2239,190.0,42.0,31.3,67.0,529,19,3,160.5
2025-11-26 05:13:08+05:30,2240,186.0,38.0,31.3,67.0,545,22,0,162.0
2025-11-26 05:14:10+05:30,2241,183.0,38.0,31.3,67.0,545,22,0,161.4
2025-11-26 05:15:03+05:30,2242,189.0,44.0,31.3,67.0,488,13,2,151.4
2025-11-26 05:16:04+05:30,2243,189.0,37.0,31.3,67.0,551,23,0,163.7
2025-11-26 05:17:03+05:30,2244,190.0,46.0,31.3,67.0,473,11,3,148.9
2025-11-26 05:18:05+05:30,2245,189.0,35.0,31.3,67.0,514,17,0,154.5
2025-11-26 05:19:03+05:30,2246,188.0,43.0,31.3,67.0,519,18,0,157.9
2025-11-26 05:20:05+05:30,2247,190.0,39.0,31.3,67.0,612,32,0,178.5
2025-11-26 05:21:04+05:30,2248,191.0,45.0,31.3,67.0,517,17,0,158.5
2025-11-26 05:22:05+05:30,2249,192.0,38.0,31.3,67.0,500,15,5,153.3
2025-11-26 05:23:06+05:30,2250,186.0,42.0,31.3,67.0,551,23,2,164.8
2025-11-26 05:24:07+05:30,2251,190.0,40.0,31.3,67.0,545,22,2,163.6
2025-11-26 05:25:04+05:30,2252,192.0,41.0,31.3,67.0,480,12,0,149.1
2025-11-26 05:26:05+05:30,2253,190.0,38.0,31.3,67.0,567,25,0,167.8
2025-11-26 05:27:07+05:30,2254,190.0,40.0,31.3,67.0,548,22,4,164.4
2025-11-26 05:28:08+05:30,2255,185.0,41.0,31.3,67.0,552,23,0,164.3
2025-11-26 05:29:10+05:30,2256,183.0,38.0,31.3,67.0,578,27,1,169.1
2025-11-26 05:30:12+05:30,2257,187.0,40.0,31.3,67.0,615,32,4,179.2
2025-11-26 05:31:13+05:30,2258,183.0,38.0,31.3,67.0,599,30,0,173.8
2025-11-26 05:33:05+05:30,2259,191.0,46.0,31.3,67.0,508,16,2,157.0
2025-11-26 05:34:06+05:30,2260,192.0,38.0,31.3,67.0,584,28,0,172.2
2025-11-26 05:35:05+05:30,2261,187.0,43.0,31.3,67.0,533,20,0,160.9
2025-11-26 05:36:06+05:30,2262,192.0,35.0,31.3,67.0,594,29,0,173.5
2025-11-26 05:37:07+05:30,2263,191.0,42.0,31.3,67.0,543,21,3,163.9
2025-11-26 05:38:09+05:30,2264,187.0,38.0,31.3,67.0,652,38,1,186.9
2025-11-26 05:39:05+05:30,2265,189.0,42.0,31.3,67.0,615,32,0,179.8
2025-11-26 05:40:07+05:30,2266,191.0,39.0,31.3,67.0,735,51,0,207.1
2025-11-26 05:41:08+05:30,2267,189.0,41.0,31.3,67.0,763,55,2,213.9
2025-11-26 05:42:06+05:30,2268,190.0,42.0,31.3,66.0,674,41,0,193.6
2025-11-26 05:43:08+05:30,2269,198.0,40.0,31.3,66.0,778,57,2,218.8
2025-11-26 05:44:10+05:30,2270,191.0,38.0,31.3,66.0,690,44,0,196.4
2025-11-26 05:45:11+05:30,2271,192.0,37.0,31.3,66.0,795,60,0,220.5
2025-11-26 05:46:13+05:30,2272,193.0,40.0,31.3,66.0,783,58,20,220.8
2025-11-26 05:47:06+05:30,2273,192.0,43.0,31.3,66.0,697,45,5,200.2
2025-11-26 05:48:08+05:30,2274,196.0,42.0,31.3,66.0,714,47,3,204.3
2025-11-26 05:49:06+05:30,2275,197.0,46.0,31.3,66.0,700,45,7,202.9
2025-11-26 05:50:08+05:30,2276,195.0,41.0,31.3,66.0,813,62,0,226.3
2025-11-26 05:51:07+05:30,2277,203.0,44.0,31.3,66.0,717,48,0,206.8
2025-11-26 05:52:09+05:30,2278,191.0,43.0,31.3,66.0,757,54,0,213.3
2025-11-26 05:53:07+05:30,2279,203.0,43.0,31.3,66.0,865,70,0,240.5
2025-11-26 05:54:08+05:30,2280,204.0,40.0,31.3,66.0,949,83,0,259.2
2025-11-26 05:55:09+05:30,2281,200.0,40.0,31.3,66.0,891,74,4,245.4
2025-11-26 05:56:07+05:30,2282,201.0,41.0,31.3,66.0,733,50,0,209.1
2025-11-26 05:57:08+05:30,2283,199.0,39.0,31.3,66.0,787,58,1,220.6
2025-11-26 05:58:09+05:30,2284,195.0,41.0,31.3,66.0,810,62,0,225.7
2025-11-26 05:59:11+05:30,2285,195.0,35.0,31.3,66.0,1019,94,0,272.1
2025-11-26 06:00:13+05:30,2286,198.0,41.0,31.3,66.0,1316,139,9,343.8
2025-11-26 06:01:08+05:30,2287,208.0,42.0,31.3,66.0,1228,126,0,325.0
2025-11-26 06:02:09+05:30,2288,207.0,43.0,31.3,66.0,1277,133,2,336.5
2025-11-26 06:03:10+05:30,2289,208.0,40.0,31.3,66.0,1270,132,8,334.8
2025-11-26 06:04:11+05:30,2290,206.0,40.0,31.3,66.0,1470,163,4,380.2
2025-11-26 06:05:13+05:30,2291,207.0,43.0,31.3,66.0,1518,184,4,395.1
2025-11-26 06:06:14+05:30,2292,205.0,39.0,31.3,67.0,1501,172,0,387.3
2025-11-26 06:07:08+05:30,2293,211.0,43.0,31.3,67.0,1441,158,0,374.9
2025-11-26 06:08:10+05:30,2294,212.0,40.0,31.3,67.0,1496,169,0,387.4
2025-11-26 06:09:08+05:30,2295,211.0,43.0,31.3,67.0,1238,127,0,328.1
2025-11-26 06:10:09+05:30,2296,208.0,40.0,31.3,67.0,1295,136,0,339.8
2025-11-26 06:11:09+05:30,2297,213.0,43.0,31.3,67.0,1056,99,0,286.5
2025-11-26 06:12:10+05:30,2298,207.0,42.0,31.3,67.0,1095,105,10,295.0
2025-11-26 06:13:11+05:30,2299,204.0,40.0,31.3,67.0,1004,92,0,272.0
2025-11-26 06:14:12+05:30,2300,200.0,37.0,31.3,67.0,1001,91,0,269.5
2025-11-26 06:15:09+05:30,2301,202.0,46.0,31.2,67.0,815,63,1,229.9
2025-11-26 06:16:10+05:30,2302,208.0,48.0,30.8,67.0,802,61,16,230.2
2025-11-26 06:17:11+05:30,2303,195.0,39.0,30.8,66.0,719,48,0,204.1
2025-11-26 06:18:13+05:30,2304,196.0,40.0,30.8,65.0,523,18,0,159.4
2025-11-26 06:19:14+05:30,2305,192.0,42.0,30.8,64.0,592,29,4,175.6
2025-11-26 06:20:15+05:30,2306,187.0,38.0,30.8,63.0,567,25,3,167.5
2025-11-26 06:21:10+05:30,2307,190.0,45.0,30.8,63.0,464,9,3,146.4
2025-11-26 06:22:11+05:30,2308,188.0,38.0,30.8,62.0,526,19,0,158.0
2025-11-26 06:23:12+05:30,2309,188.0,40.0,30.8,62.0,530,19,0,159.4
2025-11-26 06:24:10+05:30,2310,191.0,44.0,30.8,62.0,459,8,17,146.5
2025-11-26 06:25:12+05:30,2311,193.0,42.0,30.8,62.0,508,16,4,156.4
2025-11-26 06:26:13+05:30,2312,190.0,40.0,30.9,61.0,481,12,4,149.0
2025-11-26 06:27:11+05:30,2313,183.0,46.0,31.2,61.0,473,11,2,147.4
2025-11-26 06:28:12+05:30,2314,188.0,38.0,31.3,61.0,556,23,7,165.5
2025-11-26 06:29:13+05:30,2315,186.0,38.0,31.3,61.0,565,25,0,166.6
2025-11-26 06:30:15+05:30,2316,185.0,38.0,31.3,61.0,524,18,0,156.8
2025-11-26 06:31:11+05:30,2317,189.0,46.0,31.2,61.0,482,12,2,150.6
2025-11-26 06:32:12+05:30,2318,187.0,39.0,30.8,60.0,526,19,2,158.3
2025-11-26 06:33:13+05:30,2319,184.0,39.0,30.8,60.0,539,21,0,160.5
2025-11-26 06:34:11+05:30,2320,186.0,44.0,30.8,60.0,473,11,4,147.6
2025-11-26 06:35:12+05:30,2321,188.0,40.0,30.8,60.0,565,25,0,167.6
2025-11-26 06:36:14+05:30,2322,183.0,38.0,30.8,60.0,584,28,7,171.1
2025-11-26 06:37:11+05:30,2323,187.0,43.0,30.8,60.0,591,29,0,174.3
2025-11-26 06:38:12+05:30,2324,194.0,43.0,30.8,60.0,863,70,63,244.6
2025-11-26 06:39:14+05:30,2325,191.0,38.0,30.8,59.0,1252,129,0,325.8
2025-11-26 06:40:15+05:30,2326,194.0,41.0,30.8,59.0,1352,145,3,350.8
2025-11-26 06:41:12+05:30,2327,203.0,43.0,30.8,59.0,1204,122,0,318.7
2025-11-26 06:42:13+05:30,2328,201.0,43.0,30.8,59.0,915,78,5,252.2
2025-11-26 06:43:12+05:30,2329,202.0,43.0,30.8,59.0,1004,92,0,272.5
2025-11-26 06:44:13+05:30,2330,198.0,42.0,30.8,59.0,1122,109,6,299.0
2025-11-26 06:45:14+05:30,2331,197.0,39.0,30.8,59.0,1509,178,0,388.5
2025-11-26 06:46:13+05:30,2332,193.0,42.0,30.8,59.0,1420,155,0,366.2
2025-11-26 06:47:15+05:30,2333,202.0,39.0,30.8,59.0,1400,152,1,362.6
2025-11-26 06:48:16+05:30,2334,199.0,39.0,30.8,59.0,1441,158,0,371.3
2025-11-26 06:49:18+05:30,2335,201.0,41.0,30.8,59.0,1338,142,24,350.9
2025-11-26 06:50:20+05:30,2336,195.0,39.0,30.8,59.0,1245,128,19,327.2
2025-11-26 06:51:13+05:30,2337,201.0,43.0,30.8,59.0,997,90,0,270.5
2025-11-26 06:52:14+05:30,2338,197.0,39.0,30.8,59.0,1044,98,0,279.5
2025-11-26 06:53:15+05:30,2339,193.0,38.0,30.8,59.0,983,88,2,264.4
2025-11-26 06:54:13+05:30,2340,203.0,46.0,30.8,59.0,882,73,0,245.4
2025-11-26 06:55:14+05:30,2341,198.0,43.0,30.8,59.0,902,76,3,248.4
2025-11-26 06:56:15+05:30,2342,191.0,38.0,30.8,58.0,853,69,0,234.0
2025-11-26 06:57:13+05:30,2343,196.0,41.0,30.8,58.0,692,44,0,198.7
2025-11-26 06:58:14+05:30,2344,191.0,38.0,30.8,58.0,783,58,1,217.9
2025-11-26 06:59:15+05:30,2345,187.0,38.0,30.8,58.0,783,58,0,217.0
2025-11-26 07:00:17+05:30,2346,196.0,40.0,30.8,58.0,802,61,52,229.0
2025-11-26 07:01:18+05:30,2347,188.0,38.0,30.8,58.0,870,71,2,237.4
2025-11-26 07:02:19+05:30,2348,187.0,38.0,30.8,58.0,940,82,3,253.5
2025-11-26 07:03:14+05:30,2349,195.0,43.0,30.8,58.0,868,71,0,239.7
2025-11-26 07:04:15+05:30,2350,193.0,36.0,30.8,58.0,787,58,0,218.4
2025-11-26 07:05:16+05:30,2351,192.0,40.0,30.8,58.0,889,74,8,243.8
2025-11-26 07:06:17+05:30,2352,189.0,38.0,30.8,58.0,885,73,1,240.9
2025-11-26 07:07:19+05:30,2353,188.0,37.0,30.8,57.0,885,73,5,240.8
2025-11-26 07:08:20+05:30,2354,188.0,38.0,30.8,57.0,836,66,0,229.4
2025-11-26 07:09:21+05:30,2355,187.0,37.0,30.8,57.0,817,63,0,224.5
2025-11-26 07:10:22+05:30,2356,186.0,41.0,30.8,57.0,780,57,3,217.2
2025-11-26 07:11:23+05:30,2357,191.0,44.0,30.8,57.0,757,54,2,213.8
2025-11-26 07:13:15+05:30,2358,194.0,40.0,30.8,57.0,620,33,8,182.2
2025-11-26 07:14:16+05:30,2359,188.0,38.0,30.8,57.0,649,37,0,186.2
2025-11-26 07:15:17+05:30,2360,187.0,42.0,30.8,57.0,624,34,36,185.2
2025-11-26 07:16:18+05:30,2361,183.0,38.0,30.8,57.0,607,31,0,175.6
2025-11-26 07:17:15+05:30,2362,188.0,43.0,30.8,57.0,533,20,0,161.1
2025-11-26 07:18:16+05:30,2363,187.0,38.0,30.8,56.0,591,29,19,174.7
2025-11-26 07:19:17+05:30,2364,184.0,38.0,30.8,56.0,605,31,0,175.4
2025-11-26 07:20:19+05:30,2365,183.0,38.0,30.8,56.0,612,32,1,176.9
2025-11-26 07:21:16+05:30,2366,190.0,40.0,30.8,56.0,574,26,24,172.4
2025-11-26 07:22:17+05:30,2367,188.0,38.0,30.8,56.0,659,39,0,188.6
2025-11-26 07:23:18+05:30,2368,184.0,35.0,30.8,56.0,682,42,0,192.1
2025-11-26 07:24:19+05:30,2369,184.0,37.0,30.8,56.0,702,46,0,197.5
2025-11-26 07:25:20+05:30,2370,185.0,38.0,30.8,56.0,708,46,0,199.2
2025-11-26 07:26:21+05:30,2371,185.0,38.0,30.8,56.0,679,42,0,192.6
2025-11-26 07:27:23+05:30,2372,185.0,38.0,30.8,56.0,690,44,0,195.2
2025-11-26 07:28:24+05:30,2373,184.0,35.0,30.8,56.0,653,38,1,185.6
2025-11-26 07:29:26+05:30,2374,183.0,38.0,30.8,56.0,623,33,0,179.2
2025-11-26 07:30:27+05:30,2375,183.0,38.0,30.8,56.0,567,25,0,166.4
2025-11-26 07:31:17+05:30,2376,188.0,43.0,30.8,56.0,543,21,0,163.3
2025-11-26 07:32:18+05:30,2377,188.0,42.0,30.8,56.0,618,33,2,180.6
2025-11-26 07:33:19+05:30,2378,183.0,38.0,30.8,56.0,614,32,0,177.2
2025-11-26 07:34:20+05:30,2379,186.0,40.0,30.8,56.0,599,30,0,175.0
2025-11-26 07:35:21+05:30,2380,186.0,42.0,30.8,56.0,530,19,3,159.9
2025-11-26 07:36:22+05:30,2381,182.0,38.0,30.8,56.0,586,28,2,170.8
2025-11-26 07:37:24+05:30,2382,184.0,35.0,30.8,56.0,577,26,1,168.0
2025-11-26 07:38:25+05:30,2383,185.0,41.0,30.8,57.0,565,25,3,167.6
2025-11-26 07:39:17+05:30,2384,184.0,40.0,30.8,57.0,487,13,0,148.8
2025-11-26 07:40:18+05:30,2385,186.0,40.0,30.8,57.0,546,22,0,162.8
2025-11-26 07:41:19+05:30,2386,181.0,38.0,30.8,57.0,534,20,10,159.4
2025-11-26 07:42:21+05:30,2387,181.0,38.0,30.8,57.0,533,20,0,158.2
2025-11-26 07:43:22+05:30,2388,181.0,38.0,30.8,57.0,533,20,0,158.2
2025-11-26 07:44:24+05:30,2389,183.0,42.0,30.8,57.0,503,15,2,153.0
2025-11-26 07:46:18+05:30,2390,187.0,42.0,30.7,57.0,481,12,0,148.6
2025-11-26 07:47:19+05:30,2391,187.0,38.0,30.8,57.0,530,19,0,158.6
2025-11-26 07:48:20+05:30,2392,183.0,38.0,30.8,57.0,523,18,0,156.2
2025-11-26 07:49:18+05:30,2393,187.0,42.0,30.8,57.0,475,11,3,147.5
2025-11-26 07:50:20+05:30,2394,188.0,40.0,30.8,57.0,534,20,0,160.4
2025-11-26 07:51:21+05:30,2395,184.0,35.0,30.8,57.0,526,19,0,156.3
2025-11-26 07:52:22+05:30,2396,186.0,40.0,30.8,58.0,530,19,0,159.0
2025-11-26 07:53:24+05:30,2397,187.0,43.0,30.8,58.0,524,18,71,165.8
2025-11-26 07:54:26+05:30,2398,186.0,40.0,30.8,58.0,530,19,4,159.4
2025-11-26 07:55:27+05:30,2399,186.0,40.0,30.8,58.0,530,19,0,159.0
2025-11-26 07:56:29+05:30,2400,181.0,35.0,30.8,58.0,542,21,0,159.3
2025-11-26 07:57:30+05:30,2401,181.0,39.0,30.8,58.0,527,19,1,157.2
2025-11-26 07:58:31+05:30,2402,182.0,37.0,30.8,58.0,536,20,0,158.7
2025-11-26 07:59:33+05:30,2403,184.0,36.0,30.8,58.0,536,20,0,158.8
2025-11-26 08:00:34+05:30,2404,184.0,40.0,30.8,58.0,551,23,0,163.6
2025-11-26 08:02:20+05:30,2405,188.0,46.0,30.8,58.0,491,13,2,152.4
2025-11-26 08:03:22+05:30,2406,187.0,38.0,30.8,58.0,555,23,0,164.4
2025-11-26 08:04:20+05:30,2407,193.0,46.0,30.8,58.0,496,14,2,154.6
2025-11-26 08:41:24+05:30,2408,214.0,44.0,31.3,59.0,832,65,12,236.6
2025-11-26 08:43:24+05:30,2409,217.0,43.0,31.8,59.0,732,50,0,212.7
2025-11-26 08:44:24+05:30,2410,228.0,44.0,31.8,59.0,961,85,0,268.0
2025-11-26 08:45:25+05:30,2411,220.0,50.0,31.8,59.0,940,82,32,266.6
2025-11-26 08:46:27+05:30,2412,209.0,47.0,31.8,59.0,806,61,2,229.5
2025-11-26 08:47:24+05:30,2413,210.0,44.0,31.8,59.0,650,38,4,193.2
2025-11-26 08:48:26+05:30,2414,206.0,40.0,31.8,59.0,692,44,4,200.8
2025-11-26 08:49:28+05:30,2415,200.0,40.0,31.8,59.0,656,39,2,191.2
2025-11-26 08:50:30+05:30,2416,194.0,43.0,31.8,59.0,487,13,1,151.8
2025-11-26 08:51:31+05:30,2417,191.0,42.0,31.8,59.0,631,35,0,184.0
2025-11-26 08:52:33+05:30,2418,191.0,39.0,31.8,59.0,633,35,0,183.5
2025-11-26 08:53:25+05:30,2419,185.0,43.0,31.8,59.0,534,20,0,160.7
2025-11-26 08:54:25+05:30,2420,196.0,44.0,31.8,59.0,553,23,0,167.6
2025-11-26 08:55:27+05:30,2421,193.0,39.0,31.8,59.0,589,28,0,173.7
2025-11-26 08:56:29+05:30,2422,198.0,44.0,31.8,59.0,565,25,0,170.8
2025-11-26 08:57:30+05:30,2423,191.0,42.0,31.5,59.0,607,31,2,178.6
2025-11-26 08:58:32+05:30,2424,192.0,37.0,31.3,60.0,626,34,0,181.5
2025-11-26 08:59:26+05:30,2425,196.0,41.0,31.3,60.0,540,21,0,163.7
2025-11-26 09:01:26+05:30,2426,204.0,43.0,31.8,60.0,539,21,0,165.7
2025-11-26 09:02:27+05:30,2427,198.0,39.0,31.8,60.0,602,30,0,177.7
2025-11-26 09:03:26+05:30,2428,202.0,42.0,31.8,60.0,496,14,0,155.0
2025-11-26 09:04:27+05:30,2429,196.0,37.0,31.8,60.0,524,18,0,158.7
2025-11-26 09:06:27+05:30,2430,205.0,47.0,31.8,59.0,472,10,5,152.0
2025-11-26 09:07:27+05:30,2431,207.0,43.0,31.8,59.0,472,10,0,150.7
2025-11-26 09:08:29+05:30,2432,201.0,43.0,31.8,59.0,530,19,5,163.4
2025-11-26 09:09:31+05:30,2433,192.0,37.0,31.8,59.0,470,10,16,147.1
2025-11-26 09:10:27+05:30,2434,196.0,43.0,31.8,59.0,480,12,0,150.5
2025-11-26 09:11:28+05:30,2435,196.0,37.0,31.8,59.0,548,22,0,164.3
2025-11-26 09:13:27+05:30,2436,202.0,42.0,31.8,59.0,492,14,0,154.2
2025-11-26 09:14:28+05:30,2437,195.0,39.0,31.8,59.0,566,25,0,168.9
2025-11-26 09:16:27+05:30,2438,197.0,43.0,31.8,59.0,514,17,0,158.5
2025-11-26 09:17:29+05:30,2439,193.0,39.0,31.8,59.0,543,21,0,163.1
2025-11-26 09:18:30+05:30,2440,190.0,42.0,31.8,59.0,514,17,16,158.4
2025-11-26 09:19:28+05:30,2441,193.0,43.0,31.8,59.0,461,9,0,145.5
2025-11-26 09:20:30+05:30,2442,193.0,39.0,31.8,59.0,461,9,2,144.5
2025-11-26 09:21:28+05:30,2443,195.0,43.0,31.8,59.0,454,8,0,144.3
2025-11-26 09:22:30+05:30,2444,194.0,39.0,31.8,59.0,519,18,0,157.9
2025-11-26 09:23:28+05:30,2445,195.0,47.0,31.8,59.0,461,9,6,147.7
2025-11-26 09:24:30+05:30,2446,193.0,39.0,31.8,59.0,520,18,0,157.9
2025-11-26 09:25:31+05:30,2447,189.0,42.0,31.8,59.0,520,18,5,158.5
2025-11-26 09:26:28+05:30,2448,197.0,46.0,31.8,59.0,454,8,3,145.9
2025-11-26 09:27:28+05:30,2449,200.0,43.0,31.8,58.0,432,4,0,140.1
2025-11-26 09:28:30+05:30,2450,192.0,39.0,31.8,58.0,441,6,0,139.5
2025-11-26 09:29:29+05:30,2451,192.0,41.0,31.8,58.0,434,5,1,138.6
2025-11-26 09:30:31+05:30,2452,192.0,40.0,31.8,57.0,400,0,0,130.4
2025-11-26 09:31:32+05:30,2453,189.0,43.0,31.8,57.0,478,11,0,148.5
2025-11-26 09:32:34+05:30,2454,191.0,43.0,31.8,57.0,580,27,10,173.5
2025-11-26 09:33:35+05:30,2455,188.0,40.0,32.3,58.0,591,29,0,173.6
2025-11-26 09:34:37+05:30,2456,186.0,40.0,32.3,58.0,502,15,4,153.0
2025-11-26 09:35:29+05:30,2457,187.0,43.0,32.3,58.0,498,14,0,152.7
2025-11-26 09:36:30+05:30,2458,188.0,44.0,32.3,58.0,517,17,1,157.7
2025-11-26 09:37:32+05:30,2459,188.0,37.0,32.3,58.0,602,30,0,175.1
2025-11-26 09:38:29+05:30,2460,192.0,41.0,32.3,58.0,540,21,0,162.9
2025-11-26 09:40:35+05:30,2461,182.0,39.0,32.3,57.0,592,29,0,172.3
2025-11-26 09:41:36+05:30,2462,180.0,37.0,32.3,57.0,575,26,0,167.3
2025-11-26 09:42:38+05:30,2463,175.0,38.0,32.3,57.0,548,22,27,163.1
2025-11-26 09:43:30+05:30,2464,181.0,46.0,32.3,57.0,493,14,2,151.6
2025-11-26 09:44:32+05:30,2465,183.0,38.0,32.3,57.0,536,20,0,159.2
2025-11-26 09:45:34+05:30,2466,184.0,40.0,32.3,57.0,553,23,0,164.0
2025-11-26 09:46:36+05:30,2467,178.0,35.0,32.3,57.0,569,25,0,164.9
2025-11-26 09:47:37+05:30,2468,178.0,37.0,32.3,57.0,569,25,0,165.5
2025-11-26 09:48:38+05:30,2469,179.0,38.0,32.3,57.0,569,25,0,166.0
2025-11-26 09:49:31+05:30,2470,185.0,46.0,32.3,57.0,482,12,3,149.9
2025-11-26 09:50:32+05:30,2471,183.0,38.0,32.3,57.0,531,19,0,158.0
2025-11-26 09:51:34+05:30,2472,180.0,37.0,32.3,57.0,526,19,0,156.1
2025-11-26 09:53:31+05:30,2473,187.0,46.0,32.3,57.0,502,15,2,154.8
2025-11-26 09:54:33+05:30,2474,185.0,42.0,32.3,56.0,657,39,2,189.0
2025-11-26 09:55:35+05:30,2475,181.0,41.0,32.3,57.0,629,34,0,181.1
2025-11-26 09:56:36+05:30,2476,182.0,42.0,32.3,56.0,536,20,2,160.4
2025-11-26 09:57:38+05:30,2477,181.0,40.0,32.3,56.0,597,30,4,174.0
2025-11-26 09:58:39+05:30,2478,176.0,37.0,32.4,56.0,560,24,0,163.1
2025-11-26 09:59:41+05:30,2479,175.0,38.0,32.3,56.0,534,20,0,157.2
2025-11-26 10:00:42+05:30,2480,175.0,38.0,32.4,55.0,589,28,0,169.8
2025-11-26 10:01:44+05:30,2481,172.0,40.0,32.4,55.0,560,24,4,163.6
2025-11-26 10:02:46+05:30,2482,179.0,41.0,32.7,56.0,518,17,3,155.4
2025-11-26 10:03:48+05:30,2483,191.0,42.0,32.8,55.0,518,17,9,158.7
2025-11-26 10:04:49+05:30,2484,195.0,38.0,32.8,55.0,536,20,0,161.6
2025-11-26 10:05:51+05:30,2485,199.0,38.0,32.8,55.0,536,20,3,162.7
2025-11-26 10:07:32+05:30,2486,203.0,43.0,32.8,55.0,462,9,0,147.7
2025-11-26 10:08:34+05:30,2487,216.0,44.0,32.8,55.0,515,17,56,168.4
2025-11-26 10:09:35+05:30,2488,201.0,42.0,32.8,55.0,518,17,26,162.4
2025-11-26 10:10:33+05:30,2489,197.0,43.0,32.8,54.0,438,5,0,140.9
2025-11-26 10:11:34+05:30,2490,204.0,37.0,32.8,54.0,497,14,0,154.1
2025-11-26 10:12:35+05:30,2491,200.0,40.0,32.8,53.0,536,20,0,163.2
2025-11-26 10:13:36+05:30,2492,200.0,37.0,32.8,53.0,569,25,0,169.9
2025-11-26 10:14:38+05:30,2493,199.0,39.0,32.8,54.0,580,27,0,172.9
2025-11-26 10:15:36+05:30,2494,192.0,43.0,32.8,53.0,526,19,0,160.3
2025-11-26 10:16:33+05:30,2495,207.0,50.0,32.8,54.0,530,19,6,166.8
2025-11-26 10:17:34+05:30,2496,207.0,39.0,32.8,53.0,615,32,0,182.5
2025-11-26 10:18:36+05:30,2497,209.0,39.0,32.8,54.0,623,33,14,186.1
2025-11-26 10:20:37+05:30,2498,212.0,44.0,32.8,54.0,591,29,6,180.2
2025-11-26 10:21:38+05:30,2499,214.0,39.0,32.8,54.0,706,46,13,206.2
2025-11-26 10:22:39+05:30,2500,216.0,44.0,32.8,54.0,763,55,4,220.4
2025-11-26 10:23:41+05:30,2501,223.0,48.0,32.8,54.0,806,61,3,232.7
2025-11-26 10:24:43+05:30,2502,217.0,37.0,32.8,55.0,834,66,0,234.5
2025-11-26 10:25:44+05:30,2503,214.0,39.0,32.8,55.0,857,69,0,239.7
2025-11-26 10:26:46+05:30,2504,221.0,43.0,32.8,55.0,857,69,1,242.4
2025-11-26 10:27:48+05:30,2505,220.0,40.0,32.8,55.0,855,69,0,240.8
2025-11-26 10:28:49+05:30,2506,219.0,44.0,32.8,55.0,817,63,3,233.3
2025-11-26 10:29:35+05:30,2507,215.0,48.0,32.8,55.0,675,41,1,200.7
2025-11-26 10:30:35+05:30,2508,225.0,45.0,32.8,55.0,638,36,0,193.3
2025-11-26 10:31:37+05:30,2509,219.0,39.0,32.8,55.0,699,45,0,204.3
2025-11-26 10:32:39+05:30,2510,215.0,44.0,32.8,54.0,678,42,6,200.8
2025-11-26 10:33:35+05:30,2511,201.0,43.0,32.8,54.0,592,29,1,177.4
2025-11-26 10:34:36+05:30,2512,220.0,37.0,32.8,55.0,715,47,0,207.5
2025-11-26 10:35:38+05:30,2513,212.0,39.0,32.8,54.0,728,49,0,209.5
2025-11-26 10:37:36+05:30,2514,214.0,47.0,32.8,55.0,665,40,3,198.2
2025-11-26 10:38:37+05:30,2515,215.0,40.0,32.8,55.0,795,60,0,226.0
2025-11-26 10:39:39+05:30,2516,210.0,39.0,32.8,55.0,675,41,0,196.9
2025-11-26 10:40:40+05:30,2517,214.0,40.0,32.8,55.0,793,59,0,225.2
2025-11-26 10:41:42+05:30,2518,216.0,44.0,32.8,55.0,768,56,0,221.2
2025-11-26 10:42:43+05:30,2519,208.0,46.0,32.8,55.0,645,37,3,192.1
2025-11-26 10:43:45+05:30,2520,208.0,40.0,32.8,54.0,665,40,6,195.2
2025-11-26 10:44:47+05:30,2521,203.0,39.0,32.8,54.0,672,41,0,194.9
2025-11-26 10:45:49+05:30,2522,204.0,37.0,32.8,53.0,580,27,0,173.3
2025-11-26 10:46:36+05:30,2523,200.0,41.0,32.8,53.0,594,29,0,176.9
2025-11-26 10:47:38+05:30,2524,206.0,39.0,32.8,53.0,694,44,0,200.5
2025-11-26 10:48:39+05:30,2525,201.0,39.0,32.8,53.0,631,35,0,185.1
2025-11-26 10:50:37+05:30,2526,204.0,42.0,33.2,51.0,574,26,0,173.4
2025-11-26 10:51:38+05:30,2527,209.0,44.0,33.2,51.0,666,40,0,196.2
2025-11-26 10:52:40+05:30,2528,205.0,39.0,32.8,52.0,688,43,610,259.9
2025-11-26 10:54:37+05:30,2529,213.0,43.0,32.8,52.0,638,36,0,190.3
2025-11-26 10:55:39+05:30,2530,219.0,45.0,32.8,52.0,740,51,0,215.5
2025-11-26 10:56:41+05:30,2531,215.0,41.0,32.8,53.0,763,55,487,267.6
2025-11-26 10:57:38+05:30,2532,213.0,45.0,32.8,53.0,682,42,0,200.9
2025-11-26 10:58:40+05:30,2533,211.0,44.0,32.8,53.0,768,56,0,220.2
2025-11-26 10:59:41+05:30,2534,206.0,44.0,32.8,53.0,768,56,0,219.2
2025-11-26 11:00:38+05:30,2535,207.0,48.0,32.8,53.0,659,39,0,195.4
2025-11-26 11:01:41+05:30,2536,207.0,44.0,32.8,53.0,564,24,0,172.2
2025-11-26 11:02:38+05:30,2537,203.0,44.0,32.8,53.0,624,34,540,239.4
2025-11-26 11:03:39+05:30,2538,202.0,39.0,32.8,53.0,717,48,619,267.0
2025-11-26 11:04:40+05:30,2539,198.0,39.0,32.8,53.0,704,46,539,255.2
2025-11-26 11:05:42+05:30,2540,195.0,39.0,32.8,53.0,692,44,259,223.8
2025-11-26 11:06:43+05:30,2541,198.0,40.0,32.8,53.0,640,36,0,186.8
2025-11-26 11:07:45+05:30,2542,197.0,40.0,32.8,53.0,678,42,28,198.2
2025-11-26 11:08:39+05:30,2543,196.0,42.0,32.8,53.0,572,26,0,171.4
2025-11-26 11:09:40+05:30,2544,195.0,39.0,32.8,52.0,566,25,552,224.1
2025-11-26 11:10:39+05:30,2545,186.0,43.0,32.8,52.0,556,23,227,188.6
2025-11-26 11:11:39+05:30,2546,199.0,44.0,32.8,52.0,868,71,446,285.4
2025-11-26 11:12:40+05:30,2547,200.0,40.0,32.9,52.0,708,46,366,239.4
2025-11-26 11:13:41+05:30,2548,193.0,39.0,33.3,50.0,629,34,620,244.9
2025-11-26 11:14:39+05:30,2549,193.0,43.0,33.3,50.0,539,21,0,163.5
2025-11-26 11:15:41+05:30,2550,202.0,44.0,33.3,50.0,730,50,623,271.9
2025-11-26 11:16:42+05:30,2551,200.0,39.0,33.3,50.0,855,69,0,236.5
2025-11-26 11:18:40+05:30,2552,203.0,46.0,32.8,52.0,643,37,119,202.3
2025-11-26 11:19:41+05:30,2553,203.0,39.0,32.8,52.0,690,44,0,199.1
2025-11-26 11:20:43+05:30,2554,203.0,44.0,32.8,52.0,643,37,496,239.4
2025-11-26 11:22:40+05:30,2555,198.0,47.0,33.2,50.0,520,18,0,161.3
2025-11-26 11:23:42+05:30,2556,201.0,39.0,33.0,50.0,602,30,277,206.0
2025-11-26 11:24:40+05:30,2557,202.0,48.0,32.8,52.0,514,17,530,214.0
2025-11-26 11:25:43+05:30,2558,205.0,40.0,32.8,52.0,602,30,0,179.4
2025-11-26 11:26:44+05:30,2559,200.0,44.0,32.8,52.0,602,30,0,179.6
2025-11-26 11:27:41+05:30,2560,193.0,43.0,32.8,52.0,527,19,87,169.4
2025-11-26 11:29:42+05:30,2561,203.0,44.0,32.8,52.0,560,24,617,232.3
2025-11-26 11:30:44+05:30,2562,195.0,43.0,32.8,52.0,566,25,279,198.0
2025-11-26 11:31:45+05:30,2563,202.0,37.0,32.8,52.0,653,38,0,189.7
2025-11-26 11:32:47+05:30,2564,203.0,40.0,32.8,52.0,653,38,625,253.3
2025-11-26 11:33:48+05:30,2565,201.0,44.0,32.8,52.0,641,36,0,188.8
2025-11-26 11:34:41+05:30,2566,202.0,44.0,32.8,52.0,581,27,80,183.2
2025-11-26 11:35:43+05:30,2567,201.0,39.0,32.8,52.0,646,37,424,230.9
2025-11-26 11:37:42+05:30,2568,205.0,46.0,32.8,52.0,618,33,29,187.9
2025-11-26 11:38:44+05:30,2569,204.0,43.0,32.8,52.0,672,41,2,196.5
2025-11-26 11:39:45+05:30,2570,202.0,40.0,32.8,52.0,668,40,617,255.7
2025-11-26 11:40:47+05:30,2571,196.0,42.0,32.8,52.0,623,33,347,217.7
2025-11-26 11:41:42+05:30,2572,195.0,43.0,32.8,52.0,545,22,0,165.3
2025-11-26 11:42:44+05:30,2573,201.0,44.0,32.8,52.0,605,31,0,180.6
2025-11-26 11:43:45+05:30,2574,193.0,39.0,32.8,51.0,580,27,251,196.8
2025-11-26 11:44:42+05:30,2575,194.0,43.0,32.8,51.0,518,17,234,182.1
2025-11-26 11:45:44+05:30,2576,196.0,37.0,32.8,51.0,455,8,0,142.9
2025-11-26 11:46:46+05:30,2577,192.0,37.0,32.8,51.0,600,30,438,219.3
2025-11-26 11:48:43+05:30,2578,198.0,47.0,32.8,51.0,551,23,0,168.5
2025-11-26 11:49:44+05:30,2579,210.0,44.0,32.8,51.0,627,34,0,187.4
2025-11-26 11:50:46+05:30,2580,191.0,41.0,32.8,51.0,617,33,429,223.4
2025-11-26 11:51:47+05:30,2581,196.0,40.0,32.8,51.0,602,30,461,223.7
2025-11-26 11:52:49+05:30,2582,190.0,42.0,32.8,51.0,581,27,610,233.2
2025-11-26 11:53:50+05:30,2583,192.0,39.0,32.8,51.0,589,28,603,233.8
2025-11-26 11:54:43+05:30,2584,195.0,46.0,32.8,51.0,493,14,0,154.2
2025-11-26 11:55:45+05:30,2585,198.0,40.0,32.8,50.0,539,21,0,163.6
2025-11-26 11:56:47+05:30,2586,191.0,39.0,32.8,50.0,464,9,432,187.7
2025-11-26 11:58:44+05:30,2587,191.0,43.0,32.8,49.0,454,8,0,143.5
2025-11-26 11:59:46+05:30,2588,191.0,39.0,32.8,49.0,493,14,0,151.3
2025-11-26 12:00:46+05:30,1256,169.7,37.8,33.7,51.0,595,34,2,175.4
2025-11-26 12:01:46+05:30,1256,171.5,44.6,33.2,50.4,582,25,5,163.5
2025-11-26 12:02:46+05:30,1256,168.9,39.3,33.5,51.8,671,25,3,157.3
2025-11-26 12:03:46+05:30,1256,166.6,40.4,33.4,52.2,612,43,5,162.2
2025-11-26 12:04:46+05:30,1256,166.0,38.2,33.3,51.2,665,22,0,190.6
2025-11-26 12:05:46+05:30,1256,167.6,39.7,33.8,50.9,610,15,4,198.8
2025-11-26 12:06:46+05:30,1256,171.8,37.4,33.2,52.0,627,35,6,153.4
2025-11-26 12:07:46+05:30,1256,171.7,38.8,33.2,50.7,577,11,0,153.7
2025-11-26 12:08:46+05:30,1256,170.2,36.3,33.1,51.2,640,36,3,205.7
2025-11-26 12:09:46+05:30,1256,167.0,41.9,33.1,48.0,686,28,6,154.0
2025-11-26 12:10:46+05:30,1256,172.5,40.6,33.1,51.5,654,41,9,217.7
2025-11-26 12:11:46+05:30,1256,169.2,33.7,32.6,53.8,638,12,1,128.2
2025-11-26 12:12:46+05:30,1256,170.3,44.4,33.3,55.1,678,21,3,204.2
2025-11-26 12:13:46+05:30,1256,163.8,38.1,33.7,47.6,564,23,2,184.9
2025-11-26 12:14:46+05:30,1256,170.7,36.9,33.5,52.2,661,27,2,219.8
2025-11-26 12:15:46+05:30,1256,171.5,34.1,32.8,47.8,588,24,7,164.4
2025-11-26 12:16:46+05:30,1256,173.2,40.8,32.9,54.0,673,31,2,181.3
2025-11-26 12:17:46+05:30,1256,172.2,34.7,33.2,51.6,684,8,0,186.9
2025-11-26 12:18:46+05:30,1256,172.3,45.2,33.5,49.1,642,25,9,169.3
2025-11-26 12:19:46+05:30,1256,168.6,41.3,33.2,51.0,597,25,0,173.0
2025-11-26 12:20:46+05:30,1256,171.5,43.4,33.2,51.4,563,27,6,157.7
2025-11-26 12:21:46+05:30,1256,169.9,37.4,33.3,50.3,685,28,1,162.2
2025-11-26 12:22:46+05:30,1256,171.9,44.1,33.0,54.0,689,25,6,115.8
2025-11-26 12:23:46+05:30,1256,168.5,42.4,32.9,53.0,726,19,0,169.8
2025-11-26 12:24:46+05:30,1256,161.1,36.1,33.4,55.8,651,29,5,166.7
2025-11-26 12:25:46+05:30,1256,171.0,36.2,33.9,54.6,621,13,0,162.5
2025-11-26 12:26:46+05:30,1256,170.3,40.4,32.9,51.3,618,13,3,163.0
2025-11-26 12:27:46+05:30,1256,171.3,42.3,33.1,49.7,703,34,5,220.8
2025-11-26 12:28:46+05:30,1256,168.3,39.8,33.6,51.3,651,16,3,165.6
2025-11-26 12:29:46+05:30,1256,175.1,39.7,33.4,55.0,630,34,2,172.8
2025-11-26 12:30:46+05:30,1256,171.5,35.2,33.4,50.5,605,28,1,178.5
2025-11-26 12:31:46+05:30,1256,168.4,42.2,33.7,51.1,626,21,10,193.0
2025-11-26 12:32:46+05:30,1256,166.1,44.1,33.5,51.3,648,29,5,165.8
2025-11-26 12:33:46+05:30,1256,164.5,39.4,33.6,50.4,588,21,5,188.6
2025-11-26 12:34:46+05:30,1256,173.2,37.7,33.1,50.7,609,35,2,164.9
2025-11-26 12:35:46+05:30,1256,171.0,36.4,33.4,53.8,665,25,0,209.2
2025-11-26 12:36:46+05:30,1256,168.0,39.6,33.0,51.3,647,41,0,183.0
2025-11-26 12:37:46+05:30,1256,172.9,42.2,33.6,50.2,614,45,0,133.2
2025-11-26 12:38:46+05:30,1256,168.1,39.3,33.6,54.5,646,40,10,194.0
2025-11-26 12:39:46+05:30,1256,170.7,45.6,33.1,52.5,574,25,1,213.9
2025-11-26 12:40:46+05:30,1256,173.8,41.5,33.6,54.1,763,36,6,168.4
2025-11-26 12:41:46+05:30,1256,172.0,36.8,32.9,49.7,616,28,6,218.3
2025-11-26 12:42:46+05:30,1256,169.1,40.8,32.9,53.7,700,30,5,201.6
2025-11-26 12:43:46+05:30,1256,168.6,35.4,33.0,51.2,650,39,5,166.1
2025-11-26 12:44:46+05:30,1256,167.6,42.7,33.5,50.0,655,42,8,193.3
2025-11-26 12:45:46+05:30,1256,167.6,46.8,33.4,51.0,644,34,4,203.7
2025-11-26 12:46:46+05:30,1256,175.9,41.0,34.0,50.8,735,39,3,174.6
2025-11-26 12:47:46+05:30,1256,173.3,40.1,32.8,51.2,670,43,4,164.9
2025-11-26 12:48:46+05:30,1256,168.4,39.8,32.8,51.0,638,42,0,188.6
2025-11-26 12:49:46+05:30,1256,162.8,40.1,33.2,49.7,672,32,4,145.3
2025-11-26 12:50:46+05:30,1256,170.9,39.2,33.6,50.9,645,0,8,173.5
2025-11-26 12:51:46+05:30,1256,170.6,37.4,33.8,53.5,657,31,2,156.0
2025-11-26 12:52:46+05:30,1256,169.6,40.5,33.1,52.4,603,40,3,160.4
2025-11-26 12:53:46+05:30,1256,170.2,42.6,33.5,50.5,631,23,5,173.9
2025-11-26 12:54:46+05:30,1256,170.4,42.2,33.6,52.7,688,50,9,182.3
2025-11-26 12:55:46+05:30,1256,166.5,43.3,33.4,48.9,514,31,3,199.3
2025-11-26 12:56:46+05:30,1256,171.5,37.5,32.9,51.0,678,25,3,194.8
2025-11-26 12:57:46+05:30,1256,167.4,41.2,33.9,55.3,654,58,5,137.0
2025-11-26 12:58:46+05:30,1256,167.1,42.4,33.3,51.3,638,39,0,178.9
2025-11-26 12:59:46+05:30,1256,174.0,37.3,33.4,54.2,618,0,5,202.7
2025-11-26 13:00:46+05:30,1256,172.4,42.0,33.0,52.9,679,17,0,158.6
2025-11-26 13:01:46+05:30,1256,170.3,36.3,33.5,50.3,620,24,3,202.5
2025-11-26 13:02:46+05:30,1256,169.3,39.4,33.4,52.5,685,28,4,167.2
2025-11-26 13:03:46+05:30,1256,164.7,35.0,33.5,51.4,499,39,11,204.1
2025-11-26 13:04:46+05:30,1256,172.0,41.2,33.0,53.0,576,26,3,178.6
2025-11-26 13:05:46+05:30,1256,168.7,47.1,33.4,50.9,580,36,5,226.5
2025-11-26 13:06:46+05:30,1256,167.8,35.4,33.5,52.5,666,37,5,165.0
2025-11-26 13:07:46+05:30,1256,172.5,39.0,33.2,52.1,634,22,3,206.7
2025-11-26 13:08:46+05:30,1256,169.2,39.8,33.3,50.0,673,33,7,179.6
2025-11-26 13:09:46+05:30,1256,171.8,37.6,33.3,53.9,659,32,1,175.1
2025-11-26 13:10:46+05:30,1256,170.5,39.9,33.3,52.1,623,20,5,136.9
2025-11-26 13:11:46+05:30,1256,171.0,36.5,33.5,53.5,610,37,8,179.3
2025-11-26 13:12:46+05:30,1256,170.7,40.7,33.1,54.2,632,39,8,209.5
2025-11-26 13:13:46+05:30,1256,172.5,43.4,33.6,55.5,691,42,4,219.2
2025-11-26 13:14:46+05:30,1256,169.0,41.9,32.8,50.0,685,27,4,174.3
2025-11-26 13:15:46+05:30,1256,171.0,37.4,33.4,50.3,623,33,0,182.4
2025-11-26 13:16:46+05:30,1256,171.7,38.2,33.1,50.4,620,37,5,199.4
2025-11-26 13:17:46+05:30,1256,174.1,39.2,33.3,50.8,655,38,4,155.3
2025-11-26 13:18:46+05:30,1256,171.5,38.7,32.9,51.5,597,30,3,200.3
2025-11-26 13:19:46+05:30,1256,168.8,35.5,32.9,53.1,696,19,2,184.2
2025-11-26 13:20:46+05:30,1256,163.8,40.7,32.9,54.1,632,40,4,178.9
2025-11-26 13:21:46+05:30,1256,170.0,43.3,33.3,47.4,578,36,10,157.6
2025-11-26 13:22:46+05:30,1256,168.7,42.1,33.3,52.4,655,20,2,176.9
2025-11-26 13:23:46+05:30,1256,176.6,39.1,33.5,52.4,667,38,7,194.5
2025-11-26 13:24:46+05:30,1256,170.8,34.6,32.9,54.7,589,28,6,170.3
2025-11-26 13:25:46+05:30,1256,165.0,47.1,33.2,54.6,512,21,4,198.7
2025-11-26 13:26:46+05:30,1256,169.9,37.5,33.6,54.0,620,16,5,183.5
2025-11-26 13:27:46+05:30,1256,169.7,35.9,34.0,48.5,634,43,5,184.0
2025-11-26 13:28:46+05:30,1256,173.6,40.8,33.4,51.6,712,26,2,183.3
2025-11-26 13:29:46+05:30,1256,168.8,40.3,33.4,55.4,606,32,10,163.7
2025-11-26 13:30:46+05:30,1256,167.9,37.4,33.8,50.2,661,43,6,168.7
2025-11-26 13:31:46+05:30,1256,175.5,41.8,33.6,52.1,711,25,4,204.5
2025-11-26 13:32:46+05:30,1256,174.9,41.0,33.7,49.0,623,21,7,188.2
2025-11-26 13:33:46+05:30,1256,173.9,41.3,33.2,54.2,670,43,3,176.6
2025-11-26 13:34:46+05:30,1256,173.2,39.5,32.9,51.4,597,28,3,187.7
2025-11-26 13:35:46+05:30,1256,171.8,39.6,33.5,52.0,730,45,6,169.3
2025-11-26 13:36:46+05:30,1256,172.9,45.6,33.5,50.5,696,24,5,192.5
2025-11-26 13:37:46+05:30,1256,166.7,40.8,33.1,51.6,650,21,5,198.7
2025-11-26 13:38:46+05:30,1256,172.2,43.4,33.6,52.3,695,37,5,172.7
2025-11-26 13:39:46+05:30,1256,167.2,43.0,33.2,52.3,626,24,8,209.1
2025-11-26 13:40:46+05:30,1256,169.1,40.5,33.5,50.1,620,41,4,192.1
2025-11-26 13:41:46+05:30,1256,168.5,40.8,33.3,51.9,692,47,6,179.8
2025-11-26 13:42:46+05:30,1256,170.2,39.4,33.7,52.5,695,39,2,172.0
2025-11-26 13:43:46+05:30,1256,171.8,39.9,33.1,51.8,613,50,2,182.8
2025-11-26 13:44:46+05:30,1256,168.4,42.4,33.6,51.7,746,33,1,185.8
2025-11-26 13:45:46+05:30,1256,167.9,39.7,32.8,55.7,666,52,0,142.2
2025-11-26 13:46:46+05:30,1256,170.2,44.2,33.6,51.9,728,29,6,188.0
2025-11-26 13:47:46+05:30,1256,170.7,40.3,32.6,54.0,652,37,11,202.7
2025-11-26 13:48:46+05:30,1256,170.9,33.1,33.1,53.5,631,42,4,194.9
2025-11-26 13:49:46+05:30,1256,171.3,42.6,33.3,51.8,670,30,5,200.4
2025-11-26 13:50:46+05:30,1256,168.1,39.4,33.0,53.5,623,38,3,183.5
2025-11-26 13:51:46+05:30,1256,163.9,41.4,33.0,51.4,636,15,4,191.0
2025-11-26 13:52:46+05:30,1256,173.0,38.8,33.1,52.4,640,22,2,142.4
2025-11-26 13:53:46+05:30,1256,167.8,42.2,33.2,52.7,657,31,9,196.9
2025-11-26 13:54:46+05:30,1256,165.0,36.8,33.6,49.9,566,31,3,165.4
2025-11-26 13:55:46+05:30,1256,169.1,40.9,33.3,51.0,611,37,3,176.5
2025-11-26 13:56:46+05:30,1256,169.8,35.9,32.9,50.1,606,36,6,145.9
2025-11-26 13:57:46+05:30,1256,168.9,39.2,33.6,51.5,602,45,1,190.1
2025-11-26 13:58:46+05:30,1256,170.8,37.5,33.7,51.4,705,14,10,163.8
2025-11-26 13:59:46+05:30,1256,170.3,36.9,33.4,53.6,691,29,13,155.6
2025-11-26 14:00:46+05:30,1256,171.8,35.8,33.0,52.4,664,24,5,145.5
2025-11-26 14:01:46+05:30,1256,170.6,42.2,33.6,51.3,612,17,8,149.7
2025-11-26 14:02:46+05:30,1256,168.8,37.7,32.9,51.3,629,20,5,150.3
2025-11-26 14:03:46+05:30,1256,166.2,38.4,32.9,51.7,654,39,8,197.0
2025-11-26 14:04:46+05:30,1256,171.4,42.6,33.4,55.3,625,33,0,169.3
2025-11-26 14:05:46+05:30,1256,168.0,36.7,33.1,53.1,650,24,8,172.7
2025-11-26 14:06:46+05:30,1256,166.2,35.3,33.0,52.7,622,32,6,169.8
2025-11-26 14:07:46+05:30,1256,167.2,35.4,33.1,53.4,715,29,9,213.5
2025-11-26 14:08:46+05:30,1256,177.0,41.4,33.1,50.7,634,21,6,192.3
2025-11-26 14:09:46+05:30,1256,171.8,40.4,33.6,51.2,675,18,4,181.4
2025-11-26 14:10:46+05:30,1256,175.3,34.7,33.4,52.1,645,29,2,160.8
2025-11-26 14:11:46+05:30,1256,173.5,39.3,33.3,50.6,639,27,9,195.3
2025-11-26 14:12:46+05:30,1256,172.5,46.3,33.5,50.4,599,25,6,202.0
2025-11-26 14:13:46+05:30,1256,170.9,39.7,33.0,54.4,623,47,1,156.4
2025-11-26 14:14:46+05:30,1256,175.6,33.5,32.7,53.5,628,17,4,163.1
2025-11-26 14:15:46+05:30,1256,170.1,45.0,33.7,54.0,701,16,6,188.0
2025-11-26 14:16:46+05:30,1256,173.7,33.1,33.1,53.1,680,34,1,153.6
2025-11-26 14:17:46+05:30,1256,170.2,37.4,32.8,53.8,577,25,3,178.9
2025-11-26 14:18:46+05:30,1256,167.4,38.7,33.3,55.3,636,30,6,200.4
2025-11-26 14:19:46+05:30,1256,172.4,38.8,33.0,52.6,680,22,3,188.1
2025-11-26 14:20:46+05:30,1256,166.6,33.2,33.2,49.4,611,27,6,194.1
2025-11-26 14:21:46+05:30,1256,170.0,38.7,33.8,50.6,684,13,1,168.8
2025-11-26 14:22:46+05:30,1256,167.3,41.1,33.3,51.1,654,17,9,193.7
2025-11-26 14:23:46+05:30,1256,170.1,38.2,32.9,51.7,559,30,0,181.2
2025-11-26 14:24:46+05:30,1256,170.4,39.8,32.7,52.5,648,17,4,163.2
2025-11-26 14:25:46+05:30,1256,170.2,41.0,33.1,53.7,773,20,0,169.7
2025-11-26 14:26:46+05:30,1256,164.9,35.2,33.2,54.5,651,7,8,195.5
2025-11-26 14:27:46+05:30,1256,169.4,35.4,33.4,51.6,625,40,9,246.7
2025-11-26 14:28:46+05:30,1256,175.5,31.8,33.3,49.8,590,22,2,180.6
2025-11-26 14:29:46+05:30,1256,167.7,37.5,33.0,52.3,636,24,0,186.1
2025-11-26 14:30:46+05:30,1256,169.2,40.1,33.3,52.1,645,32,0,202.1
2025-11-26 14:31:46+05:30,1256,175.6,44.2,33.7,51.8,631,17,4,170.8
2025-11-26 14:32:46+05:30,1256,173.1,39.8,33.2,53.0,644,43,5,208.5
2025-11-26 14:33:46+05:30,1256,171.4,37.7,33.4,54.6,695,35,7,185.8
2025-11-26 14:34:46+05:30,1256,168.7,43.7,33.3,51.5,635,35,6,179.9
2025-11-26 14:35:46+05:30,1256,173.3,37.7,33.9,48.4,654,15,7,191.4
2025-11-26 14:36:46+05:30,1256,176.3,38.4,33.3,52.7,657,30,7,172.5
2025-11-26 14:37:46+05:30,1256,164.5,40.5,33.2,55.5,630,21,7,164.2
2025-11-26 14:38:46+05:30,1256,167.5,38.7,34.0,53.1,604,36,0,171.8
2025-11-26 14:39:46+05:30,1256,167.5,34.6,33.6,50.8,638,37,1,148.4
2025-11-26 14:40:46+05:30,1256,173.4,45.0,33.1,51.2,657,25,6,231.9
2025-11-26 14:41:46+05:30,1256,172.3,35.8,33.6,52.1,649,38,9,167.7
2025-11-26 14:42:46+05:30,1256,164.9,41.7,33.2,47.8,726,40,4,153.4
2025-11-26 14:43:46+05:30,1256,165.5,42.1,33.6,52.6,670,36,4,191.7
2025-11-26 14:44:46+05:30,1256,171.6,37.1,33.2,53.8,592,38,3,148.3
2025-11-26 14:45:46+05:30,1256,166.7,40.0,33.2,53.0,735,21,5,170.9
2025-11-26 14:46:46+05:30,1256,169.8,43.6,32.7,49.9,543,12,8,161.6
2025-11-26 14:47:46+05:30,1256,171.4,39.0,33.4,50.7,741,27,0,187.6
2025-11-26 14:48:46+05:30,1256,167.5,42.3,32.6,50.5,615,30,0,201.9
2025-11-26 14:49:46+05:30,1256,165.7,36.9,33.7,51.8,611,37,7,184.3
2025-11-26 14:50:46+05:30,1256,173.1,37.2,33.1,52.4,689,33,3,185.5
2025-11-26 14:51:46+05:30,1256,170.9,37.4,33.1,49.6,708,37,2,155.4
2025-11-26 14:52:46+05:30,1256,164.8,36.4,32.9,50.8,698,27,3,194.8
2025-11-26 14:53:46+05:30,1256,167.3,37.9,33.0,53.4,685,33,1,175.5
2025-11-26 14:54:46+05:30,1256,174.2,39.2,33.5,54.3,683,31,4,190.2
2025-11-26 14:55:46+05:30,1256,168.1,36.5,33.6,53.1,611,19,4,180.1
2025-11-26 14:56:46+05:30,1256,174.7,36.4,32.8,50.4,624,16,6,175.1
2025-11-26 14:57:46+05:30,1256,169.8,34.3,33.1,53.5,624,19,3,175.7
2025-11-26 14:58:46+05:30,1256,165.9,38.9,33.8,48.5,559,29,4,159.3
2025-11-26 14:59:46+05:30,1256,171.1,39.7,33.2,56.7,626,17,6,161.8
2025-11-26 15:00:46+05:30,1256,170.7,43.0,33.2,52.5,677,33,9,174.0
2025-11-26 15:01:46+05:30,1256,168.1,38.5,33.2,52.0,580,24,7,157.2
2025-11-26 15:02:46+05:30,1256,170.5,40.6,33.2,50.9,630,33,0,159.4
2025-11-26 15:03:46+05:30,1256,175.6,43.4,33.3,51.7,679,30,6,181.5
2025-11-26 15:04:46+05:30,1256,170.7,43.5,32.8,53.5,601,12,4,162.8
2025-11-26 15:05:46+05:30,1256,170.3,37.9,33.3,53.2,614,28,4,152.9
2025-11-26 15:06:46+05:30,1256,169.9,38.7,33.1,56.2,663,41,8,150.8
2025-11-26 15:07:46+05:30,1256,173.8,39.0,33.7,55.8,686,21,8,192.6
2025-11-26 15:08:46+05:30,1256,172.1,40.9,33.2,52.1,612,19,7,170.3
2025-11-26 15:09:46+05:30,1256,168.6,39.4,33.1,51.6,707,24,7,184.0
2025-11-26 15:10:46+05:30,1256,170.7,43.0,32.9,52.7,675,15,6,164.5
2025-11-26 15:11:46+05:30,1256,169.4,44.3,33.7,50.8,657,42,7,185.1
2025-11-26 15:12:46+05:30,1256,166.9,38.2,33.4,51.7,676,34,4,196.9
2025-11-26 15:13:46+05:30,1256,165.9,38.8,33.2,53.3,636,21,9,175.8
2025-11-26 15:14:46+05:30,1256,174.5,39.7,32.4,50.9,598,32,5,165.5
2025-11-26 15:15:46+05:30,1256,167.3,40.2,32.8,52.8,588,33,0,184.5
2025-11-26 15:16:46+05:30,1256,174.2,43.5,33.3,53.5,612,28,7,159.6
2025-11-26 15:17:46+05:30,1256,173.9,36.9,33.8,53.7,594,17,0,189.1
2025-11-26 15:18:46+05:30,1256,169.9,36.9,33.3,50.2,666,27,2,162.8
2025-11-26 15:19:46+05:30,1256,171.9,38.5,32.6,55.1,635,18,5,187.9
2025-11-26 15:20:46+05:30,1256,172.9,38.0,33.7,50.9,587,25,1,186.6
2025-11-26 15:21:46+05:30,1256,170.6,42.1,33.1,50.2,690,30,5,185.5
2025-11-26 15:22:46+05:30,1256,171.3,39.1,33.2,50.7,710,32,7,177.8
2025-11-26 15:23:46+05:30,1256,165.9,42.5,33.6,54.5,643,39,2,161.9
2025-11-26 15:24:46+05:30,1256,170.2,40.0,32.9,52.6,633,40,0,171.7
2025-11-26 15:25:46+05:30,1256,168.0,38.7,33.1,54.2,605,52,3,191.8
2025-11-26 15:26:46+05:30,1256,170.9,40.5,33.2,53.3,571,34,2,214.0
2025-11-26 15:27:46+05:30,1256,169.0,43.2,32.9,49.9,669,45,3,147.5
2025-11-26 15:28:46+05:30,1256,166.5,36.6,33.7,50.3,627,35,4,169.8
2025-11-26 15:29:46+05:30,1256,164.8,39.0,33.3,49.3,576,27,9,187.3
2025-11-26 15:30:46+05:30,1256,168.3,40.8,33.6,53.8,550,29,4,178.7
2025-11-26 15:31:46+05:30,1256,168.7,33.4,33.1,48.4,605,30,3,173.0
2025-11-26 15:32:46+05:30,1256,165.3,44.2,32.9,53.8,713,24,7,216.6
2025-11-26 15:33:46+05:30,1256,169.1,42.5,33.3,52.4,575,17,10,154.2
2025-11-26 15:34:46+05:30,1256,169.6,37.6,33.6,53.1,663,15,8,176.0
2025-11-26 15:35:46+05:30,1256,168.4,37.5,33.2,52.1,680,30,11,197.9
2025-11-26 15:36:46+05:30,1256,168.6,41.9,33.2,52.5,558,34,5,184.0
2025-11-26 15:37:46+05:30,1256,164.5,40.5,33.2,53.0,657,14,1,172.6
2025-11-26 15:38:46+05:30,1256,173.6,41.4,33.1,50.1,577,21,5,181.9
2025-11-26 15:39:46+05:30,1256,174.0,44.6,33.4,52.1,696,22,3,195.4
2025-11-26 15:40:46+05:30,1256,175.9,42.2,33.4,52.8,618,36,8,198.5
2025-11-26 15:41:46+05:30,1256,169.3,46.9,32.8,51.3,615,38,0,198.3
2025-11-26 15:42:46+05:30,1256,173.7,39.8,33.2,51.5,666,26,4,162.9
2025-11-26 15:43:46+05:30,1256,169.3,39.2,33.2,48.6,634,42,7,173.9
2025-11-26 15:44:46+05:30,1256,166.3,39.8,33.7,52.2,694,40,8,210.5
2025-11-26 15:45:46+05:30,1256,172.1,37.3,33.2,51.0,654,36,6,189.7
2025-11-26 15:46:46+05:30,1256,170.5,42.2,33.4,50.5,619,29,7,193.1
2025-11-26 15:47:46+05:30,1256,172.4,42.8,33.0,50.7,684,40,3,181.4
2025-11-26 15:48:46+05:30,1256,170.5,41.2,33.0,53.7,580,30,4,165.2
2025-11-26 15:49:46+05:30,1256,173.2,40.5,33.5,54.9,741,36,6,236.2
2025-11-26 15:50:46+05:30,1256,170.3,36.4,33.2,54.4,725,18,6,199.2
2025-11-26 15:51:46+05:30,1256,176.4,39.3,33.6,49.6,651,24,5,144.7
2025-11-26 15:52:46+05:30,1256,173.3,34.3,33.1,51.5,631,26,5,184.7
2025-11-26 15:53:46+05:30,1256,173.4,39.4,33.6,52.7,552,24,1,155.1
2025-11-26 15:54:46+05:30,1256,171.0,42.0,33.2,49.6,640,43,6,209.6
2025-11-26 15:55:46+05:30,1256,167.7,35.0,33.4,53.6,643,32,4,186.7
2025-11-26 15:56:46+05:30,1256,172.8,44.4,33.4,49.1,567,3,7,166.5
2025-11-26 15:57:46+05:30,1256,167.9,40.6,33.6,53.6,580,28,8,151.8
2025-11-26 15:58:46+05:30,1256,172.3,38.2,33.0,50.5,524,25,0,205.9
2025-11-26 15:59:46+05:30,1256,167.9,42.0,33.6,51.8,629,36,4,192.1
2025-11-26 16:00:46+05:30,1256,173.0,39.7,32.8,50.2,551,22,0,181.9
2025-11-26 16:01:46+05:30,1256,167.1,39.8,33.3,50.6,653,26,1,206.9
2025-11-26 16:02:46+05:30,1256,163.7,36.9,33.2,54.5,680,38,2,189.8
2025-11-26 16:03:46+05:30,1256,168.9,38.0,33.3,51.5,621,28,3,169.7
2025-11-26 16:04:46+05:30,1256,165.6,40.7,33.0,50.2,663,42,4,187.2
2025-11-26 16:05:46+05:30,1256,171.2,39.4,33.2,49.9,558,38,5,164.7
2025-11-26 16:06:46+05:30,1256,168.1,37.9,33.1,48.4,670,35,4,178.0
2025-11-26 16:07:46+05:30,1256,164.1,39.3,33.6,51.0,616,10,8,181.7
2025-11-26 16:08:46+05:30,1256,167.8,40.4,32.9,54.2,658,23,4,216.2
2025-11-26 16:09:46+05:30,1256,169.6,41.7,33.2,56.1,665,29,9,159.2
2025-11-26 16:10:46+05:30,1256,170.9,36.6,33.4,53.7,636,34,5,203.8
2025-11-26 16:11:46+05:30,1256,167.9,45.6,33.0,51.3,590,38,1,160.8
2025-11-26 16:12:46+05:30,1256,168.4,39.3,33.8,49.4,545,37,6,179.6
2025-11-26 16:13:46+05:30,1256,169.6,38.8,33.4,47.9,643,28,8,178.1
2025-11-26 16:14:46+05:30,1256,173.9,42.0,33.1,53.4,661,19,5,207.6
2025-11-26 16:15:46+05:30,1256,169.2,39.0,33.6,55.3,611,11,6,186.8
2025-11-26 16:16:46+05:30,1256,170.2,36.9,33.6,49.9,661,36,7,183.3
2025-11-26 16:17:46+05:30,1256,170.6,41.4,33.9,52.9,612,35,2,192.3
2025-11-26 16:18:46+05:30,1256,167.2,38.0,33.2,55.9,663,30,3,186.5
2025-11-26 16:19:46+05:30,1256,171.7,39.8,33.3,52.5,673,25,4,200.7
2025-11-26 16:20:46+05:30,1256,173.6,44.0,33.4,54.1,640,40,1,168.3
2025-11-26 16:21:46+05:30,1256,171.1,35.7,33.4,52.2,764,34,5,175.2
2025-11-26 16:22:46+05:30,1256,172.8,40.7,33.3,50.6,598,45,7,173.7
2025-11-26 16:23:46+05:30,1256,170.1,39.0,33.3,51.6,593,29,5,168.4
2025-11-26 16:24:46+05:30,1256,169.0,42.8,32.9,51.4,622,21,3,209.4
2025-11-26 16:25:46+05:30,1256,169.1,40.4,33.0,50.6,668,40,7,157.6
2025-11-26 16:26:46+05:30,1256,168.4,46.3,33.3,52.5,600,29,3,160.1
2025-11-26 16:27:46+05:30,1256,171.3,42.3,33.4,50.5,558,11,9,192.7
2025-11-26 16:28:46+05:30,1256,171.4,34.6,33.2,49.4,627,13,0,148.8
2025-11-26 16:29:46+05:30,1256,170.1,44.4,33.0,51.2,565,31,5,151.7
2025-11-26 16:30:46+05:30,1256,169.8,42.4,33.1,49.1,586,38,1,171.2
2025-11-26 16:31:46+05:30,1256,166.4,37.0,33.7,51.9,649,24,3,141.4
2025-11-26 16:32:46+05:30,1256,173.0,41.0,33.0,52.9,640,29,9,151.5
2025-11-26 16:33:46+05:30,1256,171.3,39.0,32.8,52.4,612,23,5,190.8
2025-11-26 16:34:46+05:30,1256,173.1,43.1,32.9,51.5,707,27,5,169.0
2025-11-26 16:35:46+05:30,1256,167.4,36.8,33.5,49.6,641,47,5,184.8
2025-11-26 16:36:46+05:30,1256,172.0,42.0,33.3,52.4,652,28,2,201.0
2025-11-26 16:37:46+05:30,1256,174.5,36.2,33.2,50.3,620,35,1,171.2
2025-11-26 16:38:46+05:30,1256,170.6,36.8,33.4,52.1,670,33,4,166.2
2025-11-26 16:39:46+05:30,1256,171.0,45.9,33.5,53.8,571,36,7,182.7
2025-11-26 16:40:46+05:30,1256,173.5,44.6,33.1,54.6,553,28,2,180.6
2025-11-26 16:41:46+05:30,1256,172.1,41.2,33.0,53.5,580,25,6,140.0
2025-11-26 16:42:46+05:30,1256,168.0,34.7,33.9,55.8,672,28,0,180.0
2025-11-26 16:43:46+05:30,1256,170.7,38.0,33.2,52.6,651,38,3,157.4
2025-11-26 16:44:46+05:30,1256,167.4,41.2,33.4,50.8,572,46,3,155.3
2025-11-26 16:45:46+05:30,1256,171.4,40.4,33.5,51.9,734,40,0,182.2
2025-11-26 16:46:46+05:30,1256,169.6,38.6,33.2,52.5,575,0,9,176.1
2025-11-26 16:47:46+05:30,1256,170.4,39.7,33.3,51.0,658,24,6,173.4
2025-11-26 16:48:46+05:30,1256,171.9,41.0,33.7,48.2,626,46,3,160.2
2025-11-26 16:49:46+05:30,1256,171.6,36.8,33.4,54.2,611,47,4,162.5
2025-11-26 16:50:46+05:30,1256,170.3,37.5,33.2,49.8,658,35,5,186.5
2025-11-26 16:51:46+05:30,1256,167.5,38.2,33.4,53.3,640,22,6,148.6
2025-11-26 16:52:46+05:30,1256,169.4,41.3,33.5,49.5,716,17,1,159.8
2025-11-26 16:53:46+05:30,1256,168.8,43.4,34.1,48.8,568,45,8,191.2
2025-11-26 16:54:46+05:30,1256,169.1,36.1,33.7,51.3,612,30,9,171.2
2025-11-26 16:55:46+05:30,1256,167.8,36.1,33.4,52.7,654,31,4,166.0
2025-11-26 16:56:46+05:30,1256,172.7,36.2,33.4,55.8,698,29,1,181.7
2025-11-26 16:57:46+05:30,1256,169.9,40.0,33.4,53.5,639,30,1,190.2
2025-11-26 16:58:46+05:30,1256,167.5,37.2,33.6,50.3,715,46,10,176.6
2025-11-26 16:59:46+05:30,1256,172.4,38.3,33.2,48.7,683,36,4,186.5
2025-11-26 17:00:46+05:30,1256,169.5,47.2,33.0,54.8,635,37,0,158.4
2025-11-26 17:01:46+05:30,1256,174.7,38.4,33.4,51.9,720,52,6,191.1
2025-11-26 17:02:46+05:30,1256,169.7,37.0,33.0,52.4,670,34,1,144.9
2025-11-26 17:03:46+05:30,1256,167.5,42.3,33.0,53.5,627,25,5,173.6
2025-11-26 17:04:46+05:30,1256,168.0,41.8,33.4,53.0,666,21,7,168.5
2025-11-26 17:05:46+05:30,1256,175.1,42.9,33.6,49.6,614,35,5,184.2
2025-11-26 17:06:46+05:30,1256,168.6,48.6,33.0,51.6,618,31,4,176.8
2025-11-26 17:07:46+05:30,1256,171.7,45.5,33.2,48.5,672,34,3,207.7
2025-11-26 17:08:46+05:30,1256,168.2,42.2,33.2,48.6,570,36,7,189.1
2025-11-26 17:09:46+05:30,1256,172.6,42.2,33.0,50.7,640,28,6,172.2
2025-11-26 17:10:46+05:30,1256,167.4,38.6,32.8,55.3,783,36,1,189.4
2025-11-26 17:11:46+05:30,1256,167.9,41.6,33.5,51.5,588,17,11,190.5
2025-11-26 17:12:46+05:30,1256,162.3,41.0,33.5,52.5,689,34,5,189.9
2025-11-26 17:13:46+05:30,1256,169.5,39.6,33.4,53.8,650,12,5,221.3
2025-11-26 17:14:46+05:30,1256,171.5,44.4,33.3,52.8,630,32,6,157.4
2025-11-26 17:15:46+05:30,1256,166.7,36.9,33.5,49.2,644,20,0,157.8
2025-11-26 17:16:46+05:30,1256,170.3,38.4,33.5,52.6,781,19,9,135.5
2025-11-26 17:17:46+05:30,1256,174.1,39.1,33.7,51.0,567,30,4,177.8
2025-11-26 17:18:46+05:30,1256,168.3,41.3,33.9,52.7,574,31,9,182.2
2025-11-26 17:19:46+05:30,1256,166.0,38.2,33.4,54.1,586,28,1,179.3
2025-11-26 17:20:46+05:30,1256,172.1,35.8,33.3,49.3,615,9,13,165.8
2025-11-26 17:21:46+05:30,1256,172.4,41.8,33.4,53.6,687,21,12,185.6
2025-11-26 17:22:46+05:30,1256,170.0,40.4,33.5,54.5,696,16,0,179.3
2025-11-26 17:23:46+05:30,1256,172.6,38.1,33.2,53.7,605,41,5,168.4
2025-11-26 17:24:46+05:30,1256,170.0,44.4,33.3,53.2,670,35,7,218.1
2025-11-26 17:25:46+05:30,1256,171.1,41.5,32.9,52.6,629,47,13,164.2
2025-11-26 17:26:46+05:30,1256,169.0,41.9,33.2,52.1,545,42,9,182.5
2025-11-26 17:27:46+05:30,1256,169.6,40.7,34.1,52.7,763,45,9,159.4
2025-11-26 17:28:46+05:30,1256,172.2,39.7,33.3,52.8,639,18,0,193.4
2025-11-26 17:29:46+05:30,1256,167.8,40.5,34.0,53.7,662,8,5,199.2
2025-11-26 17:30:46+05:30,1256,172.4,37.9,33.7,53.3,642,34,2,203.8
2025-11-26 17:31:46+05:30,1256,175.9,37.1,33.3,48.2,685,30,2,171.7
2025-11-26 17:32:46+05:30,1256,169.1,41.5,33.4,50.3,662,33,5,167.3
2025-11-26 17:33:46+05:30,1256,171.7,38.4,33.3,54.6,550,28,2,203.3
2025-11-26 17:34:46+05:30,1256,173.3,37.4,33.3,50.6,660,17,5,179.6
2025-11-26 17:35:46+05:30,1256,174.8,39.9,32.8,48.5,659,16,5,201.9
2025-11-26 17:36:46+05:30,1256,172.2,42.2,33.4,50.3,631,32,6,167.4
2025-11-26 17:37:46+05:30,1256,172.8,38.3,33.6,52.1,669,36,9,189.3
2025-11-26 17:38:46+05:30,1256,170.7,42.8,33.7,51.1,582,43,6,192.6
2025-11-26 17:39:46+05:30,1256,171.4,36.0,33.3,49.8,710,29,5,173.7
2025-11-26 17:40:46+05:30,1256,169.8,36.7,33.3,53.6,691,14,6,174.0
2025-11-26 17:41:46+05:30,1256,174.4,41.2,33.4,50.5,732,17,6,169.1
2025-11-26 17:42:46+05:30,1256,171.3,41.3,32.9,53.6,725,19,6,145.9
2025-11-26 17:43:46+05:30,1256,168.8,41.4,33.2,49.2,645,25,7,215.0
2025-11-26 17:44:46+05:30,1256,167.8,39.9,33.4,52.7,559,45,2,174.1
2025-11-26 17:45:46+05:30,1256,171.2,44.6,33.3,55.5,659,39,0,221.2
2025-11-26 17:46:46+05:30,1256,171.5,37.7,33.2,49.3,661,24,0,226.7
2025-11-26 17:47:46+05:30,1256,168.5,33.6,33.3,51.0,559,45,6,171.6
2025-11-26 17:48:46+05:30,1256,168.5,36.1,33.3,52.0,722,33,6,207.2
2025-11-26 17:49:46+05:30,1256,171.6,40.9,33.3,51.0,662,35,4,191.7
2025-11-26 17:50:46+05:30,1256,161.8,33.8,33.3,50.6,653,40,6,137.3
2025-11-26 17:51:46+05:30,1256,168.2,40.0,33.3,56.2,705,25,7,176.2
2025-11-26 17:52:46+05:30,1256,174.9,42.1,33.3,56.9,644,10,7,184.9
2025-11-26 17:53:46+05:30,1256,174.2,38.9,33.4,52.5,716,48,5,176.1
2025-11-26 17:54:46+05:30,1256,165.6,41.4,33.2,53.0,633,57,8,189.6
2025-11-26 17:55:46+05:30,1256,176.5,41.1,33.1,56.8,603,49,4,183.5
2025-11-26 17:56:46+05:30,1256,173.9,36.5,33.7,52.8,648,34,3,177.2
2025-11-26 17:57:46+05:30,1256,168.6,39.4,32.8,50.5,635,30,0,183.0
2025-11-26 17:58:46+05:30,1256,170.3,40.3,33.9,54.3,496,33,3,180.8
2025-11-26 17:59:46+05:30,1256,170.8,37.9,33.8,51.3,678,36,6,227.8
2025-11-26 18:00:46+05:30,1256,173.0,36.7,33.4,51.5,674,21,8,153.6
2025-11-26 18:01:46+05:30,1256,168.1,40.0,33.7,48.4,533,24,8,153.5
2025-11-26 18:02:46+05:30,1256,168.8,40.5,33.6,52.4,652,34,7,162.6
2025-11-26 18:03:46+05:30,1256,173.7,38.8,33.7,54.2,698,42,2,182.6
2025-11-26 18:04:46+05:30,1256,171.0,37.4,33.4,50.5,580,13,8,163.0
2025-11-26 18:05:46+05:30,1256,169.4,39.7,33.2,51.4,640,27,1,202.8
2025-11-26 18:06:46+05:30,1256,168.9,40.2,33.6,53.2,758,38,11,179.2
2025-11-26 18:07:46+05:30,1256,169.5,36.5,32.7,52.3,727,41,3,180.4
2025-11-26 18:08:46+05:30,1256,172.2,46.2,33.6,52.7,621,44,5,132.7
2025-11-26 18:09:46+05:30,1256,173.1,36.8,33.1,51.1,596,43,4,154.0
2025-11-26 18:10:46+05:30,1256,169.6,40.6,33.3,57.4,673,56,4,188.0
2025-11-26 18:11:46+05:30,1256,173.0,38.8,33.9,50.6,672,32,0,154.5
2025-11-26 18:12:46+05:30,1256,171.4,40.0,33.8,52.7,711,17,9,185.6
2025-11-26 18:13:46+05:30,1256,170.1,38.9,33.5,51.0,618,41,2,126.0
2025-11-26 18:14:46+05:30,1256,170.6,33.0,33.6,52.3,705,45,3,193.1
2025-11-26 18:15:46+05:30,1256,166.0,41.1,33.0,51.7,679,49,4,188.8
2025-11-26 18:16:46+05:30,1256,171.9,45.0,33.5,48.7,691,28,3,156.4
2025-11-26 18:17:46+05:30,1256,173.6,40.2,33.3,49.5,632,33,7,205.0
2025-11-26 18:18:46+05:30,1256,170.6,43.4,33.1,52.8,622,29,7,171.7
2025-11-26 18:19:46+05:30,1256,171.2,40.5,33.6,51.2,728,28,9,215.4
2025-11-26 18:20:46+05:30,1256,168.6,42.1,33.5,52.4,657,38,5,161.8
2025-11-26 18:21:46+05:30,1256,175.4,39.9,33.0,49.0,687,18,3,176.9
2025-11-26 18:22:46+05:30,1256,173.4,41.2,33.4,49.9,677,27,5,198.9
2025-11-26 18:23:46+05:30,1256,168.3,42.8,33.3,53.0,661,24,3,163.7
2025-11-26 18:24:46+05:30,1256,168.5,38.6,33.4,55.6,645,41,0,207.6
2025-11-26 18:25:46+05:30,1256,176.1,42.5,33.0,52.0,620,25,8,179.4
2025-11-26 18:26:46+05:30,1256,169.6,42.3,33.2,52.6,597,39,1,172.3
2025-11-26 18:27:46+05:30,1256,165.6,37.1,33.6,58.5,760,34,0,160.6
2025-11-26 18:28:46+05:30,1256,167.6,37.0,32.9,53.5,686,39,7,222.0
2025-11-26 18:29:46+05:30,1256,167.2,41.1,33.5,48.2,691,54,3,168.3
2025-11-26 18:30:46+05:30,1256,172.1,33.7,33.2,51.7,704,40,7,216.0
2025-11-26 18:31:46+05:30,1256,168.4,38.5,33.2,54.1,631,18,6,168.8
2025-11-26 18:32:46+05:30,1256,168.5,40.1,33.6,51.1,603,33,3,152.4
2025-11-26 18:33:46+05:30,1256,169.2,33.7,33.9,56.2,642,28,7,195.5
2025-11-26 18:34:46+05:30,1256,171.4,40.6,33.3,55.7,638,40,0,179.5
2025-11-26 18:35:46+05:30,1256,165.5,43.4,33.9,49.7,684,20,11,177.0
2025-11-26 18:36:46+05:30,1256,168.8,43.4,32.7,51.5,571,39,8,185.9
2025-11-26 18:37:46+05:30,1256,164.2,42.3,32.9,50.4,634,22,8,171.3
2025-11-26 18:38:46+05:30,1256,167.6,41.7,33.6,50.6,530,28,8,140.0
2025-11-26 18:39:46+05:30,1256,168.3,37.8,33.1,52.4,555,16,5,167.8
2025-11-26 18:40:46+05:30,1256,163.8,37.9,33.0,51.6,681,41,5,208.0
2025-11-26 18:41:46+05:30,1256,171.7,37.9,33.3,51.9,632,44,9,187.8
2025-11-26 18:42:46+05:30,1256,166.0,40.7,33.0,52.4,601,30,2,181.6
2025-11-26 18:43:46+05:30,1256,170.4,37.5,33.4,50.8,659,28,4,162.5
2025-11-26 18:44:46+05:30,1256,168.3,40.4,33.4,52.6,647,39,7,193.0
2025-11-26 18:45:46+05:30,1256,171.5,43.8,33.4,48.5,704,32,5,154.2
2025-11-26 18:46:46+05:30,1256,169.1,40.9,33.4,50.4,635,21,5,138.7
2025-11-26 18:47:46+05:30,1256,168.6,45.0,32.8,49.8,699,30,5,200.9
2025-11-26 18:48:46+05:30,1256,172.4,41.6,33.5,51.1,590,35,5,128.9
2025-11-26 18:49:46+05:30,1256,168.5,42.0,32.9,50.9,618,33,8,183.0
2025-11-26 18:50:46+05:30,1256,165.8,39.7,33.3,51.5,627,22,7,193.7
2025-11-26 18:51:46+05:30,1256,172.6,45.4,33.3,54.7,618,27,7,162.5
2025-11-26 18:52:46+05:30,1256,171.8,36.1,33.9,50.3,652,44,7,188.5
2025-11-26 18:53:46+05:30,1256,169.7,41.9,33.4,55.1,686,43,2,188.6
2025-11-26 18:54:46+05:30,1256,173.1,38.6,33.2,52.9,657,30,7,156.9
2025-11-26 18:55:46+05:30,1256,164.6,36.5,33.0,51.3,612,38,0,164.2
2025-11-26 18:56:46+05:30,1256,167.2,35.4,34.0,53.6,614,18,7,187.6
2025-11-26 18:57:46+05:30,1256,170.8,38.4,33.5,49.7,673,28,3,164.7
2025-11-26 18:58:46+05:30,1256,172.9,41.0,33.4,49.1,541,30,2,211.7
2025-11-26 18:59:46+05:30,1256,168.8,39.8,33.7,52.7,603,25,7,175.9
2025-11-26 19:00:46+05:30,1256,170.1,35.9,33.5,55.7,606,40,4,178.9
2025-11-26 19:01:46+05:30,1256,168.5,36.4,33.4,54.1,584,26,0,175.2
2025-11-26 19:02:46+05:30,1256,167.9,41.3,33.6,51.9,646,21,6,206.8
2025-11-26 19:03:46+05:30,1256,167.9,42.3,33.1,52.2,585,29,11,154.6
2025-11-26 19:04:46+05:30,1256,163.9,35.8,33.1,51.4,658,34,10,146.6
2025-11-26 19:05:46+05:30,1256,169.1,38.3,33.6,55.0,654,29,5,187.6
2025-11-26 19:06:46+05:30,1256,165.9,40.2,33.7,57.4,635,20,8,179.0
2025-11-26 19:07:46+05:30,1256,164.9,39.5,34.3,54.5,616,32,10,199.9
2025-11-26 19:08:46+05:30,1256,167.4,35.7,32.9,51.6,705,23,7,175.2
2025-11-26 19:09:46+05:30,1256,173.6,42.8,33.5,51.9,673,42,4,165.1
2025-11-26 19:10:46+05:30,1256,172.6,41.7,33.7,50.8,672,30,11,154.7
2025-11-26 19:11:46+05:30,1256,171.6,43.1,33.5,54.1,702,21,4,165.5
2025-11-26 19:12:46+05:30,1256,164.7,43.0,33.2,51.7,685,34,4,195.8
2025-11-26 19:13:46+05:30,1256,168.9,39.6,33.7,50.3,618,33,3,211.9
2025-11-26 19:14:46+05:30,1256,174.8,39.6,33.6,53.7,578,41,9,189.5
2025-11-26 19:15:46+05:30,1256,167.2,38.1,32.7,49.8,737,35,4,196.1
2025-11-26 19:16:46+05:30,1256,168.2,47.4,33.3,53.7,617,21,7,159.7
2025-11-26 19:17:46+05:30,1256,175.3,38.7,33.2,52.7,686,39,3,174.3
2025-11-26 19:18:46+05:30,1256,171.6,37.2,33.5,53.7,597,38,4,207.1
2025-11-26 19:19:46+05:30,1256,171.7,43.4,33.4,53.6,735,41,4,220.0
2025-11-26 19:20:46+05:30,1256,171.7,39.2,33.1,50.1,668,32,4,152.7
2025-11-26 19:21:46+05:30,1256,170.0,38.7,33.2,52.6,644,44,6,184.7
2025-11-26 19:22:46+05:30,1256,168.1,39.3,33.5,51.7,777,35,2,201.1
2025-11-26 19:23:46+05:30,1256,168.4,38.8,33.7,50.5,681,16,4,222.5
2025-11-26 19:24:46+05:30,1256,170.3,38.4,32.9,50.2,694,27,7,151.9
2025-11-26 19:25:46+05:30,1256,170.1,39.5,32.9,50.6,667,25,0,212.5
2025-11-26 19:26:46+05:30,1256,170.3,40.9,33.3,49.2,559,39,3,185.6
2025-11-26 19:27:46+05:30,1256,171.6,35.6,32.8,51.5,628,22,6,181.6
2025-11-26 19:28:46+05:30,1256,168.1,46.6,33.3,47.3,678,27,5,169.3
2025-11-26 19:29:46+05:30,1256,168.5,41.3,32.9,54.4,696,38,7,177.4
2025-11-26 19:30:46+05:30,1256,172.2,36.9,33.0,52.3,642,19,3,141.5
2025-11-26 19:31:46+05:30,1256,168.1,38.4,33.1,51.3,575,22,10,151.8
2025-11-26 19:32:46+05:30,1256,171.9,39.8,33.3,53.9,597,19,4,152.8
2025-11-26 19:33:46+05:30,1256,169.3,38.5,33.2,52.7,725,30,0,173.7
2025-11-26 19:34:46+05:30,1256,168.7,37.7,33.6,51.4,649,18,4,208.6
2025-11-26 19:35:46+05:30,1256,171.5,40.3,33.3,50.3,613,28,5,163.2
2025-11-26 19:36:46+05:30,1256,168.4,41.5,33.6,52.2,712,34,4,204.9
2025-11-26 19:37:46+05:30,1256,171.5,36.3,33.1,51.1,658,34,4,159.2
2025-11-26 19:38:46+05:30,1256,171.6,43.3,33.4,47.9,542,33,4,208.1
2025-11-26 19:39:46+05:30,1256,173.6,36.3,33.2,52.2,673,33,7,225.5
2025-11-26 19:40:46+05:30,1256,166.7,41.6,33.4,50.1,644,34,5,171.1
2025-11-26 19:41:46+05:30,1256,171.0,41.3,33.3,51.1,695,32,0,205.8
2025-11-26 19:42:46+05:30,1256,169.2,37.5,32.9,50.6,651,32,3,189.8
2025-11-26 19:43:46+05:30,1256,170.6,40.1,33.2,49.6,708,10,1,191.2
2025-11-26 19:44:46+05:30,1256,172.8,36.7,33.8,48.3,608,36,6,136.8
2025-11-26 19:45:46+05:30,1256,170.3,43.5,33.5,50.0,703,33,5,217.4
2025-11-26 19:46:46+05:30,1256,170.4,47.7,33.5,49.7,669,33,4,215.5
2025-11-26 19:47:46+05:30,1256,172.4,40.1,33.1,55.2,671,48,3,192.2
2025-11-26 19:48:46+05:30,1256,165.7,38.3,32.8,52.4,791,34,5,156.2
2025-11-26 19:49:46+05:30,1256,166.6,36.1,32.8,53.5,619,14,2,171.9
2025-11-26 19:50:46+05:30,1256,171.4,44.3,33.2,55.3,657,44,0,176.4
2025-11-26 19:51:46+05:30,1256,170.3,36.1,33.0,53.6,578,40,5,207.4
2025-11-26 19:52:46+05:30,1256,165.5,39.6,33.1,52.9,684,34,8,188.0
2025-11-26 19:53:46+05:30,1256,165.5,41.3,33.6,52.8,647,40,9,146.9
2025-11-26 19:54:46+05:30,1256,164.5,41.1,33.7,52.6,621,24,3,195.4
2025-11-26 19:55:46+05:30,1256,168.4,43.7,33.6,50.7,714,41,9,177.8
2025-11-26 19:56:46+05:30,1256,168.5,44.9,33.6,53.1,661,25,5,188.3
2025-11-26 19:57:46+05:30,1256,170.7,40.0,32.8,51.7,657,32,4,155.5
2025-11-26 19:58:46+05:30,1256,171.5,36.9,33.7,48.7,631,8,2,163.8
2025-11-26 19:59:46+05:30,1256,163.8,39.8,33.3,51.2,699,30,5,159.3
2025-11-26 20:00:46+05:30,1256,168.3,38.2,33.3,52.1,610,22,6,168.5
2025-11-26 20:01:46+05:30,1256,171.0,41.4,32.6,51.9,651,36,2,179.1
2025-11-26 20:02:46+05:30,1256,164.4,42.0,33.1,54.7,635,25,0,193.0
2025-11-26 20:03:46+05:30,1256,170.3,40.6,33.3,46.6,675,31,5,185.6
2025-11-26 20:04:46+05:30,1256,168.7,37.9,33.5,53.5,611,19,7,186.9
2025-11-26 20:05:46+05:30,1256,163.9,40.1,33.7,51.2,579,12,6,139.1
2025-11-26 20:06:46+05:30,1256,168.0,40.2,33.7,52.9,716,31,8,207.8
2025-11-26 20:07:46+05:30,1256,170.7,38.5,33.1,53.9,659,35,6,189.8
2025-11-26 20:08:46+05:30,1256,167.3,42.9,33.6,51.2,727,32,4,179.5
2025-11-26 20:09:46+05:30,1256,164.1,38.6,33.4,50.9,657,19,6,160.1
2025-11-26 20:10:46+05:30,1256,170.5,37.4,33.4,52.6,650,38,5,203.4
2025-11-26 20:11:46+05:30,1256,164.5,32.4,33.3,50.5,607,25,5,231.1
2025-11-26 20:12:46+05:30,1256,168.1,40.8,33.1,53.6,642,29,0,203.8
2025-11-26 20:13:46+05:30,1256,164.1,42.8,33.3,52.2,699,15,5,202.2
2025-11-26 20:14:46+05:30,1256,165.5,39.2,33.6,57.0,695,52,0,188.8
2025-11-26 20:15:46+05:30,1256,167.4,39.7,33.6,53.7,686,57,3,183.4
2025-11-26 20:16:46+05:30,1256,172.9,39.3,33.6,52.7,715,49,0,194.1
2025-11-26 20:17:46+05:30,1256,169.1,38.9,33.3,51.7,566,22,8,186.7
2025-11-26 20:18:46+05:30,1256,168.5,43.6,33.1,52.1,632,32,9,174.1
2025-11-26 20:19:46+05:30,1256,168.3,35.3,33.5,49.5,685,49,7,170.6
2025-11-26 20:20:46+05:30,1256,165.5,41.9,33.4,54.2,611,25,4,201.7
2025-11-26 20:21:46+05:30,1256,173.4,44.8,33.4,54.2,704,40,7,124.8
2025-11-26 20:22:46+05:30,1256,165.2,39.0,33.8,51.8,646,37,6,221.8
2025-11-26 20:23:46+05:30,1256,171.0,40.2,33.8,52.1,661,7,6,178.0
2025-11-26 20:24:46+05:30,1256,169.3,40.9,33.5,49.7,602,31,4,175.1
2025-11-26 20:25:46+05:30,1256,173.7,42.1,33.0,53.2,668,28,6,195.8
2025-11-26 20:26:46+05:30,1256,169.0,42.2,33.5,52.9,530,28,2,152.1
2025-11-26 20:27:46+05:30,1256,175.1,33.8,33.4,53.3,663,30,1,168.3
2025-11-26 20:28:46+05:30,1256,168.4,41.0,33.7,51.8,749,19,7,175.3
2025-11-26 20:29:46+05:30,1256,166.9,41.5,33.8,50.0,593,45,4,170.3
2025-11-26 20:30:46+05:30,1256,167.5,34.6,33.6,50.6,652,31,1,154.8
2025-11-26 20:31:46+05:30,1256,169.3,38.6,32.9,52.5,606,44,0,200.6
2025-11-26 20:32:46+05:30,1256,168.9,41.6,33.6,51.9,597,29,7,184.2
2025-11-26 20:33:46+05:30,1256,173.4,37.3,33.0,52.7,637,34,7,146.8
2025-11-26 20:34:46+05:30,1256,169.0,43.3,33.1,49.9,737,25,7,184.5
2025-11-26 20:35:46+05:30,1256,166.6,39.5,33.2,55.3,626,25,1,176.7
2025-11-26 20:36:46+05:30,1256,168.4,40.4,33.2,53.0,688,30,7,204.3
2025-11-26 20:37:46+05:30,1256,171.5,41.5,33.3,49.6,621,15,4,145.6
2025-11-26 20:38:46+05:30,1256,171.2,36.8,32.8,51.0,709,33,5,196.0
2025-11-26 20:39:46+05:30,1256,174.4,37.3,33.8,51.3,591,15,0,217.6
2025-11-26 20:40:46+05:30,1256,172.2,42.5,33.4,52.9,617,23,0,169.2
2025-11-26 20:41:46+05:30,1256,172.3,38.8,32.8,51.9,646,16,4,167.2
2025-11-26 20:42:46+05:30,1256,168.9,39.7,33.5,52.7,697,26,5,155.1
2025-11-26 20:43:46+05:30,1256,163.2,39.9,33.4,48.4,634,47,6,135.9
2025-11-26 20:44:46+05:30,1256,173.6,42.0,32.6,49.6,599,20,4,177.5
2025-11-26 20:45:46+05:30,1256,168.7,42.0,33.4,53.8,536,30,8,144.4
2025-11-26 20:46:46+05:30,1256,173.5,37.5,33.0,49.4,639,26,6,171.0
2025-11-26 20:47:46+05:30,1256,172.6,34.5,34.1,53.3,670,31,7,185.7
2025-11-26 20:48:46+05:30,1256,167.7,43.1,33.3,50.2,638,25,5,184.9
2025-11-26 20:49:46+05:30,1256,169.2,38.4,33.4,53.6,660,30,5,158.9
2025-11-26 20:50:46+05:30,1256,170.5,37.3,32.9,55.5,604,40,2,194.0
2025-11-26 20:51:46+05:30,1256,168.1,35.6,33.7,51.5,748,28,4,211.1
2025-11-26 20:52:46+05:30,1256,167.9,43.7,33.5,51.4,658,9,5,210.5
2025-11-26 20:53:46+05:30,1256,171.1,39.3,33.6,55.6,673,21,5,221.9
2025-11-26 20:54:46+05:30,1256,169.2,38.7,33.1,52.3,653,19,0,193.4
2025-11-26 20:55:46+05:30,1256,170.2,37.4,33.0,50.3,687,37,5,184.2
2025-11-26 20:56:46+05:30,1256,166.6,43.1,33.2,53.3,586,45,8,245.2
2025-11-26 20:57:46+05:30,1256,174.6,43.3,33.6,53.4,624,19,3,201.5
2025-11-26 20:58:46+05:30,1256,167.7,39.6,33.7,51.9,678,39,5,175.5
2025-11-26 20:59:46+05:30,1256,170.3,41.4,32.8,53.5,549,33,5,194.4
2025-11-26 21:00:46+05:30,1256,173.2,36.1,33.3,48.8,763,36,8,158.3
2025-11-26 21:01:46+05:30,1256,171.8,40.5,33.2,52.3,566,25,4,157.8
2025-11-26 21:02:46+05:30,1256,169.4,37.4,33.5,55.4,637,33,0,205.8
2025-11-26 21:03:46+05:30,1256,169.8,40.7,32.8,54.3,683,12,4,166.6
2025-11-26 21:04:46+05:30,1256,171.6,40.5,32.8,49.1,650,35,10,173.4
2025-11-26 21:05:46+05:30,1256,176.0,43.1,33.3,49.5,673,34,2,164.7
2025-11-26 21:06:46+05:30,1256,167.1,36.7,33.4,54.4,543,30,5,187.5
2025-11-26 21:07:46+05:30,1256,174.5,40.1,33.5,50.2,549,14,6,199.8
2025-11-26 21:08:46+05:30,1256,173.3,38.3,33.0,53.3,680,21,4,170.2
2025-11-26 21:09:46+05:30,1256,167.6,38.3,33.3,55.7,610,33,7,187.1
2025-11-26 21:10:46+05:30,1256,166.2,41.2,33.1,51.6,713,44,0,171.8
2025-11-26 21:11:46+05:30,1256,175.6,40.6,33.4,47.0,627,23,0,224.8
2025-11-26 21:12:46+05:30,1256,166.4,39.7,33.2,56.7,728,48,8,178.1
2025-11-26 21:13:46+05:30,1256,168.5,37.1,32.5,51.5,689,22,7,225.2
2025-11-26 21:14:46+05:30,1256,175.9,43.6,33.3,48.8,531,19,6,186.9
2025-11-26 21:15:46+05:30,1256,170.1,40.7,33.2,53.7,636,26,4,177.5
2025-11-26 21:16:46+05:30,1256,167.9,35.5,33.7,49.9,573,31,2,115.5
2025-11-26 21:17:46+05:30,1256,170.9,43.5,33.7,53.3,681,26,2,160.8
2025-11-26 21:18:46+05:30,1256,163.8,40.2,32.9,51.2,563,24,7,196.3
2025-11-26 21:19:46+05:30,1256,164.8,41.3,33.1,51.2,757,32,0,202.9
2025-11-26 21:20:46+05:30,1256,169.9,40.7,33.5,47.8,697,27,4,200.9
2025-11-26 21:21:46+05:30,1256,169.4,43.1,33.9,53.0,694,31,7,177.1
2025-11-26 21:22:46+05:30,1256,168.4,40.1,33.1,52.7,579,58,5,156.3
2025-11-26 21:23:46+05:30,1256,171.7,40.4,32.9,46.6,540,17,6,132.4
2025-11-26 21:24:46+05:30,1256,171.8,35.9,33.4,51.7,685,27,8,170.1
2025-11-26 21:25:46+05:30,1256,174.5,39.1,32.9,57.0,666,50,7,177.1
2025-11-26 21:26:46+05:30,1256,171.1,43.5,33.4,50.7,559,23,5,183.6
2025-11-26 21:27:46+05:30,1256,167.7,38.6,33.2,53.2,698,40,6,173.7
2025-11-26 21:28:46+05:30,1256,170.2,35.4,33.2,53.7,635,35,7,177.3
2025-11-26 21:29:46+05:30,1256,171.6,38.0,33.4,58.4,609,40,1,168.0
2025-11-26 21:30:46+05:30,1256,168.0,37.3,33.4,52.4,669,29,8,191.6
2025-11-26 21:31:46+05:30,1256,166.1,40.3,33.3,53.5,605,25,5,213.9
2025-11-26 21:32:46+05:30,1256,174.4,40.0,33.8,52.3,718,17,5,140.8
2025-11-26 21:33:46+05:30,1256,171.2,43.5,33.5,52.3,597,35,1,219.4
2025-11-26 21:34:46+05:30,1256,170.2,43.3,32.9,51.6,606,18,6,205.1
2025-11-26 21:35:46+05:30,1256,172.7,36.6,33.9,52.2,612,36,6,167.6
2025-11-26 21:36:46+05:30,1256,170.4,39.0,33.3,50.7,515,32,4,173.5
2025-11-26 21:37:46+05:30,1256,171.5,36.1,32.7,47.3,579,13,0,181.9
2025-11-26 21:38:46+05:30,1256,169.0,43.2,33.5,51.9,580,24,3,190.2
2025-11-26 21:39:46+05:30,1256,170.5,41.4,33.5,52.6,683,37,6,172.5
2025-11-26 21:40:46+05:30,1256,174.3,41.3,33.3,55.6,703,12,2,202.3
2025-11-26 21:41:46+05:30,1256,168.9,44.1,33.4,54.3,666,21,4,176.1
2025-11-26 21:42:46+05:30,1256,167.7,45.3,33.2,55.5,575,42,5,189.0
2025-11-26 21:43:46+05:30,1256,168.1,38.0,33.5,54.8,670,16,10,168.5
2025-11-26 21:44:46+05:30,1256,172.0,37.5,32.8,51.2,613,27,1,201.3
2025-11-26 21:45:46+05:30,1256,172.4,33.7,33.4,53.1,597,36,6,206.9
2025-11-26 21:46:46+05:30,1256,170.7,40.6,33.3,54.5,615,35,6,193.7
2025-11-26 21:47:46+05:30,1256,174.0,35.7,33.5,48.1,576,36,12,170.7
2025-11-26 21:48:46+05:30,1256,176.0,37.6,33.3,51.5,682,17,5,199.0
2025-11-26 21:49:46+05:30,1256,167.8,36.2,32.8,49.7,672,23,4,224.2
2025-11-26 21:50:46+05:30,1256,166.0,38.3,33.6,47.6,605,41,3,197.5
2025-11-26 21:51:46+05:30,1256,170.9,43.4,33.3,55.5,650,23,11,160.5
2025-11-26 21:52:46+05:30,1256,171.8,45.5,33.1,55.6,739,31,6,150.9
2025-11-26 21:53:46+05:30,1256,170.8,40.6,33.5,50.5,607,33,2,169.4
2025-11-26 21:54:46+05:30,1256,172.7,39.8,33.5,53.2,685,18,6,172.8
2025-11-26 21:55:46+05:30,1256,172.1,36.2,32.9,51.6,706,51,0,203.2
2025-11-26 21:56:46+05:30,1256,164.5,39.0,33.9,53.0,658,31,0,171.7
2025-11-26 21:57:46+05:30,1256,171.8,37.7,33.8,54.1,571,23,5,198.2
2025-11-26 21:58:46+05:30,1256,170.4,34.0,33.3,51.6,711,31,4,196.7
2025-11-26 21:59:46+05:30,1256,171.1,37.1,32.9,52.9,719,20,5,250.0
2025-11-26 22:00:46+05:30,1256,173.8,34.3,33.0,51.2,677,15,6,146.5
2025-11-26 22:01:46+05:30,1256,172.2,37.2,33.2,49.5,594,37,6,146.3
2025-11-26 22:02:46+05:30,1256,171.1,43.4,34.0,51.2,710,19,2,181.2
2025-11-26 22:03:46+05:30,1256,174.5,40.3,32.9,54.0,643,28,1,157.9
2025-11-26 22:04:46+05:30,1256,164.9,44.7,33.7,55.0,651,19,4,168.1
2025-11-26 22:05:46+05:30,1256,169.4,41.2,33.6,50.9,575,24,0,201.5
2025-11-26 22:06:46+05:30,1256,172.2,39.1,33.0,53.7,663,30,3,209.3
2025-11-26 22:07:46+05:30,1256,168.4,39.1,33.6,50.7,700,16,6,191.1
2025-11-26 22:08:46+05:30,1256,171.4,35.4,33.3,54.6,598,40,6,181.3
2025-11-26 22:09:46+05:30,1256,168.0,37.1,33.7,53.5,598,34,7,176.5
2025-11-26 22:10:46+05:30,1256,166.7,39.0,33.8,48.7,641,38,8,163.3
2025-11-26 22:11:46+05:30,1256,167.6,42.0,33.1,52.1,602,5,7,176.0
2025-11-26 22:12:46+05:30,1256,170.6,39.8,32.6,51.3,709,24,3,190.6
2025-11-26 22:13:46+05:30,1256,174.5,39.8,33.3,51.8,615,40,5,175.9
2025-11-26 22:14:46+05:30,1256,169.6,36.2,33.5,47.5,678,32,6,171.9
2025-11-26 22:15:46+05:30,1256,173.0,41.9,33.4,51.4,548,31,4,164.2
2025-11-26 22:16:46+05:30,1256,172.9,41.9,33.3,51.1,613,53,7,190.5
2025-11-26 22:17:46+05:30,1256,167.1,42.3,33.0,52.9,620,35,11,159.5
2025-11-26 22:18:46+05:30,1256,169.2,40.4,33.5,52.5,727,16,5,183.3
2025-11-26 22:19:46+05:30,1256,165.8,39.2,33.4,46.9,648,40,0,155.9
2025-11-26 22:20:46+05:30,1256,171.6,37.7,33.5,55.7,581,37,8,177.4
2025-11-26 22:21:46+05:30,1256,169.4,39.5,32.6,49.3,524,11,5,191.0
2025-11-26 22:22:46+05:30,1256,178.8,46.6,33.4,53.3,664,34,7,140.7
2025-11-26 22:23:46+05:30,1256,173.6,40.3,33.7,50.6,687,42,0,157.3
2025-11-26 22:24:46+05:30,1256,172.3,35.0,33.7,52.4,639,14,7,154.0
2025-11-26 22:25:46+05:30,1256,170.2,39.1,33.0,53.8,661,27,7,171.8
2025-11-26 22:26:46+05:30,1256,173.9,38.1,33.1,50.5,590,33,9,164.6
2025-11-26 22:27:46+05:30,1256,169.4,39.9,33.7,48.9,659,25,2,130.6
2025-11-26 22:28:46+05:30,1256,169.0,39.4,33.1,53.4,607,23,3,177.5
2025-11-26 22:29:46+05:30,1256,180.5,40.1,32.9,50.6,679,27,7,187.4
2025-11-26 22:30:46+05:30,1256,169.6,39.8,33.4,52.8,633,19,4,161.1
2025-11-26 22:31:46+05:30,1256,166.6,44.0,33.4,49.8,626,36,0,210.0
2025-11-26 22:32:46+05:30,1256,170.2,41.9,33.1,52.5,730,37,0,188.2
2025-11-26 22:33:46+05:30,1256,169.8,40.2,33.3,51.9,595,35,0,199.6
2025-11-26 22:34:46+05:30,1256,169.2,40.3,33.7,51.1,623,47,10,177.7
2025-11-26 22:35:46+05:30,1256,163.3,42.3,33.0,52.5,648,49,7,201.3
2025-11-26 22:36:46+05:30,1256,170.5,42.2,33.1,51.8,652,24,8,187.7
2025-11-26 22:37:46+05:30,1256,169.7,40.0,33.4,48.1,633,30,9,210.6
2025-11-26 22:38:46+05:30,1256,166.2,46.4,33.4,51.1,680,26,6,158.8
2025-11-26 22:39:46+05:30,1256,173.9,41.3,33.6,48.8,655,7,9,201.3
2025-11-26 22:40:46+05:30,1256,170.6,40.3,33.0,52.8,668,38,2,184.2
2025-11-26 22:41:46+05:30,1256,174.8,39.3,33.3,47.2,676,25,3,219.1
2025-11-26 22:42:46+05:30,1256,169.9,41.8,33.8,54.8,653,36,10,182.2
2025-11-26 22:43:46+05:30,1256,166.6,35.4,33.0,53.7,657,38,5,174.4
2025-11-26 22:44:46+05:30,1256,167.3,38.6,33.3,48.6,676,45,1,166.8
2025-11-26 22:45:46+05:30,1256,165.4,41.6,33.4,50.9,644,20,8,202.2
2025-11-26 22:46:46+05:30,1256,170.4,41.2,33.3,55.1,646,26,3,187.4
2025-11-26 22:47:46+05:30,1256,167.8,36.8,34.0,52.2,624,41,3,204.5
2025-11-26 22:48:46+05:30,1256,165.5,41.3,33.0,50.5,682,32,4,185.5
2025-11-26 22:49:46+05:30,1256,171.2,36.2,33.2,52.7,692,42,1,179.8
2025-11-26 22:50:46+05:30,1256,169.4,41.0,33.4,54.2,753,32,7,177.5
2025-11-26 22:51:46+05:30,1256,172.0,38.3,33.3,51.4,662,15,6,174.6
2025-11-26 22:52:46+05:30,1256,168.5,44.1,33.1,53.4,645,7,9,174.8
2025-11-26 22:53:46+05:30,1256,167.4,35.2,32.9,53.1,607,44,6,196.8
2025-11-26 22:54:46+05:30,1256,171.5,34.8,33.4,52.5,564,47,1,171.0
2025-11-26 22:55:46+05:30,1256,167.7,43.7,33.2,54.0,665,21,4,202.0
2025-11-26 22:56:46+05:30,1256,169.3,40.4,33.3,53.8,722,44,3,161.2
2025-11-26 22:57:46+05:30,1256,167.4,39.9,33.1,51.7,678,28,7,162.6
2025-11-26 22:58:46+05:30,1256,167.0,40.8,33.5,49.7,654,21,0,182.8
2025-11-26 22:59:46+05:30,1256,165.4,40.1,33.1,50.4,671,35,6,195.4
2025-11-26 23:00:46+05:30,1256,174.3,40.9,33.6,52.1,707,39,8,212.5
2025-11-26 23:01:46+05:30,1256,170.9,39.4,33.2,50.9,631,20,0,175.5
2025-11-26 23:02:46+05:30,1256,172.4,41.6,33.5,54.7,715,35,3,156.6
2025-11-26 23:03:46+05:30,1256,165.4,38.2,33.5,54.3,638,28,1,177.1
2025-11-26 23:04:46+05:30,1256,168.1,44.8,33.2,52.3,595,23,3,181.8
2025-11-26 23:05:46+05:30,1256,170.5,45.6,33.2,54.7,644,32,7,191.7
2025-11-26 23:06:46+05:30,1256,164.4,40.5,33.8,49.5,605,33,8,169.9
2025-11-26 23:07:46+05:30,1256,165.7,42.1,33.9,53.7,597,21,6,232.8
2025-11-26 23:08:46+05:30,1256,172.5,41.6,33.9,53.4,642,15,0,197.1
2025-11-26 23:09:46+05:30,1256,172.1,40.2,32.9,54.4,603,46,6,199.6
2025-11-26 23:10:46+05:30,1256,171.5,39.8,33.8,54.6,688,31,3,200.4
2025-11-26 23:11:46+05:30,1256,171.5,35.0,33.1,51.6,752,27,7,198.4
2025-11-26 23:12:46+05:30,1256,167.2,45.8,32.6,54.0,537,18,2,161.0
2025-11-26 23:13:46+05:30,1256,171.7,41.9,33.7,51.4,710,11,0,192.9
2025-11-26 23:14:46+05:30,1256,172.9,37.3,33.9,51.7,616,50,4,162.2
2025-11-26 23:15:46+05:30,1256,167.7,43.2,33.3,54.3,640,34,2,196.7
2025-11-26 23:16:46+05:30,1256,168.3,40.9,33.5,54.5,615,32,6,160.8
2025-11-26 23:17:46+05:30,1256,161.1,41.8,33.7,50.8,725,18,1,179.6
2025-11-26 23:18:46+05:30,1256,170.6,35.6,33.1,51.3,543,4,4,207.8
2025-11-26 23:19:46+05:30,1256,172.8,43.0,33.1,52.9,577,36,0,172.0
2025-11-26 23:20:46+05:30,1256,167.7,38.7,33.2,52.1,622,29,8,168.8
2025-11-26 23:21:46+05:30,1256,171.8,35.5,33.3,54.2,650,26,3,130.4
2025-11-26 23:22:46+05:30,1256,170.2,43.8,32.9,51.8,645,27,2,179.9
2025-11-26 23:23:46+05:30,1256,172.0,41.0,33.3,52.7,713,22,3,204.8
2025-11-26 23:24:46+05:30,1256,165.6,37.5,33.3,54.2,610,34,6,184.5
2025-11-26 23:25:46+05:30,1256,170.9,37.2,33.6,50.5,618,23,6,200.0
2025-11-26 23:26:46+05:30,1256,167.2,39.7,32.9,49.2,674,37,7,116.8
2025-11-26 23:27:46+05:30,1256,171.2,42.3,33.0,53.3,626,30,1,160.1
2025-11-26 23:28:46+05:30,1256,172.5,42.0,33.5,52.5,622,21,6,169.7
2025-11-26 23:29:46+05:30,1256,171.4,40.0,32.8,55.8,745,13,4,162.7
2025-11-26 23:30:46+05:30,1256,169.7,41.0,33.4,54.2,703,29,0,171.0
2025-11-26 23:31:46+05:30,1256,169.9,41.7,33.2,52.5,584,6,7,190.2
2025-11-26 23:32:46+05:30,1256,174.6,41.9,33.3,55.0,639,40,4,146.4
2025-11-26 23:33:46+05:30,1256,169.5,43.2,33.3,54.0,708,17,2,155.2
2025-11-26 23:34:46+05:30,1256,165.9,39.4,32.9,52.7,543,39,5,161.1
2025-11-26 23:35:46+05:30,1256,165.9,41.7,33.1,52.6,612,30,0,142.2
2025-11-26 23:36:46+05:30,1256,169.4,40.3,33.9,53.7,659,25,3,151.2
2025-11-26 23:37:46+05:30,1256,169.6,37.9,33.4,51.3,622,13,3,204.6
2025-11-26 23:38:46+05:30,1256,174.0,44.1,33.5,53.2,722,39,3,179.0
2025-11-26 23:39:46+05:30,1256,165.1,35.8,33.1,52.6,590,13,4,174.7
2025-11-26 23:40:46+05:30,1256,170.9,41.9,32.9,52.7,713,34,3,158.2
2025-11-26 23:41:46+05:30,1256,162.5,39.0,33.3,51.1,646,17,5,188.5
2025-11-26 23:42:46+05:30,1256,170.9,35.9,33.7,51.5,703,47,5,179.6
2025-11-26 23:43:46+05:30,1256,165.0,45.6,33.3,54.2,706,23,7,191.7
2025-11-26 23:44:46+05:30,1256,171.8,36.8,33.0,51.7,642,25,6,158.8
2025-11-26 23:45:46+05:30,1256,172.5,40.4,33.1,51.2,533,29,7,157.8
2025-11-26 23:46:46+05:30,1256,170.3,44.3,32.8,53.0,677,36,3,236.6
2025-11-26 23:47:46+05:30,1256,171.7,38.0,33.6,48.3,584,31,5,188.4
2025-11-26 23:48:46+05:30,1256,167.2,45.8,33.9,51.6,767,38,6,146.3
2025-11-26 23:49:46+05:30,1256,167.9,38.9,33.0,52.6,706,34,3,154.0
2025-11-26 23:50:46+05:30,1256,171.4,39.3,33.2,51.0,706,19,4,180.8
2025-11-26 23:51:46+05:30,1256,171.4,42.9,33.2,51.3,651,27,0,196.4
2025-11-26 23:52:46+05:30,1256,172.1,40.8,33.2,52.5,696,25,9,191.9
2025-11-26 23:53:46+05:30,1256,164.3,39.2,33.8,51.9,742,13,4,182.6
2025-11-26 23:54:46+05:30,1256,169.3,33.7,33.5,53.5,556,36,10,185.2
2025-11-26 23:55:46+05:30,1256,166.8,39.5,33.3,56.5,543,20,2,206.1
2025-11-26 23:56:46+05:30,1256,163.1,40.1,32.8,50.0,666,22,6,192.6
2025-11-26 23:57:46+05:30,1256,167.5,42.1,33.8,50.0,577,35,3,172.9
2025-11-26 23:58:46+05:30,1256,167.9,45.6,33.5,54.0,742,30,6,176.8
2025-11-26 23:59:46+05:30,1256,176.4,42.4,33.3,50.6,663,18,5,173.6
2025-11-27 00:00:46+05:30,1256,167.5,49.1,33.7,54.0,657,39,10,187.3
2025-11-27 00:01:46+05:30,1256,173.9,43.1,32.8,53.2,674,39,0,206.1
2025-11-27 00:02:46+05:30,1256,167.8,36.3,33.3,50.4,687,0,7,173.1
2025-11-27 00:03:46+05:30,1256,166.8,41.1,33.6,53.8,725,27,5,182.5
2025-11-27 00:04:46+05:30,1256,166.7,42.1,32.3,51.9,710,11,12,202.7
2025-11-27 00:05:46+05:30,1256,165.9,39.5,32.9,55.3,598,17,0,183.9
2025-11-27 00:06:46+05:30,1256,173.8,41.4,33.2,54.7,641,37,7,203.4
2025-11-27 00:07:46+05:30,1256,170.4,43.4,32.8,49.6,669,23,6,167.1
2025-11-27 00:08:46+05:30,1256,176.6,36.2,32.9,54.5,690,28,4,162.0
2025-11-27 00:09:46+05:30,1256,171.6,41.2,32.9,50.6,625,31,4,157.4
2025-11-27 00:10:46+05:30,1256,168.3,40.6,33.3,56.7,643,21,6,161.8
2025-11-27 00:11:46+05:30,1256,166.6,42.9,33.2,53.8,718,36,4,174.3
2025-11-27 00:12:46+05:30,1256,172.6,42.3,33.6,54.5,632,37,7,195.0
2025-11-27 00:13:46+05:30,1256,171.1,31.4,33.8,54.2,658,18,1,155.6
2025-11-27 00:14:46+05:30,1256,172.5,39.6,33.4,53.8,625,32,2,178.4
2025-11-27 00:15:46+05:30,1256,166.1,43.4,33.2,56.3,639,27,4,179.8
2025-11-27 00:16:46+05:30,1256,175.9,38.8,33.1,52.2,717,44,9,174.2
2025-11-27 00:17:46+05:30,1256,169.2,40.3,33.4,51.1,595,36,6,215.5
2025-11-27 00:18:46+05:30,1256,165.0,36.5,33.6,49.5,673,50,8,188.2
2025-11-27 00:19:46+05:30,1256,171.2,43.0,33.3,52.9,647,19,5,177.2
2025-11-27 00:20:46+05:30,1256,172.6,46.3,33.4,51.6,532,21,10,170.8
2025-11-27 00:21:46+05:30,1256,170.3,37.3,33.2,50.9,689,39,1,166.6
2025-11-27 00:22:46+05:30,1256,172.2,37.3,33.0,50.8,733,33,10,188.5
2025-11-27 00:23:46+05:30,1256,169.6,37.8,33.7,53.6,708,38,3,185.6
2025-11-27 00:24:46+05:30,1256,169.7,39.3,33.3,54.1,651,39,8,164.6
2025-11-27 00:25:46+05:30,1256,164.4,36.6,33.3,53.1,654,37,0,162.0
2025-11-27 00:26:46+05:30,1256,170.9,36.6,33.5,53.0,656,35,4,167.4
2025-11-27 00:27:46+05:30,1256,175.4,39.6,33.0,55.3,675,53,6,177.9
2025-11-27 00:28:46+05:30,1256,169.7,39.0,33.0,54.7,649,45,6,172.8
2025-11-27 00:29:46+05:30,1256,170.7,43.1,33.4,53.1,622,26,8,196.4
2025-11-27 00:30:46+05:30,1256,164.7,38.2,33.3,50.4,600,46,5,187.5
2025-11-27 00:31:46+05:30,1256,168.0,38.7,33.5,53.1,613,25,6,155.4
2025-11-27 00:32:46+05:30,1256,171.3,39.2,33.3,53.3,633,30,6,173.1
2025-11-27 00:33:46+05:30,1256,167.5,36.6,33.7,49.3,634,38,2,150.1
2025-11-27 00:34:46+05:30,1256,164.7,42.3,33.3,53.1,674,36,2,190.4
2025-11-27 00:35:46+05:30,1256,170.5,41.9,33.7,53.5,619,31,3,177.8
2025-11-27 00:36:46+05:30,1256,165.4,45.9,33.2,55.8,606,47,6,183.7
2025-11-27 00:37:46+05:30,1256,171.4,39.1,33.1,55.7,602,28,5,183.1
2025-11-27 00:38:46+05:30,1256,168.9,41.9,33.4,54.3,720,28,4,197.9
2025-11-27 00:39:46+05:30,1256,170.7,40.9,33.3,52.4,689,45,3,163.8
2025-11-27 00:40:46+05:30,1256,167.4,42.1,33.5,51.1,700,23,3,141.0
2025-11-27 00:41:46+05:30,1256,171.5,38.1,33.2,52.5,619,39,11,184.0
2025-11-27 00:42:46+05:30,1256,173.8,35.2,32.8,54.6,649,16,5,124.0
2025-11-27 00:43:46+05:30,1256,168.6,43.7,33.4,52.9,653,19,7,199.6
2025-11-27 00:44:46+05:30,1256,169.8,36.0,33.0,53.4,635,15,6,180.6
2025-11-27 00:45:46+05:30,1256,162.9,41.1,33.2,49.1,639,23,0,210.9
2025-11-27 00:46:46+05:30,1256,170.3,39.1,33.6,54.8,649,37,3,187.3
2025-11-27 00:47:46+05:30,1256,171.3,38.6,33.4,48.3,653,30,2,168.3
2025-11-27 00:48:46+05:30,1256,169.4,36.1,33.0,52.4,706,29,6,166.1
2025-11-27 00:49:46+05:30,1256,167.6,38.3,33.3,56.3,709,28,3,197.3
2025-11-27 00:50:46+05:30,1256,172.1,36.4,32.9,53.6,708,12,8,184.4
2025-11-27 00:51:46+05:30,1256,166.8,44.0,33.3,51.1,570,35,2,177.0
2025-11-27 00:52:46+05:30,1256,173.9,43.5,33.3,50.7,777,35,9,205.2
2025-11-27 00:53:46+05:30,1256,175.1,34.2,33.1,50.1,558,36,5,145.7
2025-11-27 00:54:46+05:30,1256,173.2,36.6,33.3,54.4,664,43,0,182.9
2025-11-27 00:55:46+05:30,1256,174.4,40.4,33.6,51.9,679,29,8,205.4
2025-11-27 00:56:46+05:30,1256,172.7,43.2,33.2,50.6,578,30,4,175.4
2025-11-27 00:57:46+05:30,1256,169.1,39.9,33.1,53.2,688,21,1,141.9
2025-11-27 00:58:46+05:30,1256,167.9,36.6,33.7,53.2,657,25,5,180.6
2025-11-27 00:59:46+05:30,1256,167.0,38.1,33.3,52.3,685,27,6,187.9
2025-11-27 01:00:46+05:30,1256,169.0,37.3,33.6,52.9,693,35,2,163.1
2025-11-27 01:01:46+05:30,1256,168.6,43.4,33.4,52.6,683,19,5,181.7
2025-11-27 01:02:46+05:30,1256,168.1,36.6,33.1,52.8,632,30,3,147.5
2025-11-27 01:03:46+05:30,1256,167.7,36.8,33.3,52.9,699,18,1,199.3
2025-11-27 01:04:46+05:30,1256,164.6,38.9,33.3,48.8,633,21,5,202.9
2025-11-27 01:05:46+05:30,1256,172.3,38.2,33.4,50.4,696,30,8,195.1
2025-11-27 01:06:46+05:30,1256,168.9,40.5,33.9,53.0,669,1,5,147.9
2025-11-27 01:07:46+05:30,1256,173.3,39.0,33.2,50.9,633,31,5,151.8
2025-11-27 01:08:46+05:30,1256,173.0,37.7,33.6,52.6,599,37,4,180.9
2025-11-27 01:09:46+05:30,1256,170.2,45.5,33.5,50.0,653,43,4,158.7
2025-11-27 01:10:46+05:30,1256,173.1,39.4,33.2,52.6,606,40,4,181.7
2025-11-27 01:11:46+05:30,1256,165.3,39.4,33.4,50.6,610,33,7,206.4
2025-11-27 01:12:46+05:30,1256,167.0,39.6,33.8,53.4,648,21,4,176.5
2025-11-27 01:13:46+05:30,1256,166.3,33.7,32.8,53.7,568,34,3,181.4
2025-11-27 01:14:46+05:30,1256,170.4,42.8,33.1,49.3,607,39,4,180.8
2025-11-27 01:15:46+05:30,1256,170.4,40.3,33.5,50.1,634,16,8,185.5
2025-11-27 01:16:46+05:30,1256,172.7,41.3,33.1,51.9,645,21,0,163.1
2025-11-27 01:17:46+05:30,1256,170.8,42.1,33.5,51.8,672,39,7,166.5
2025-11-27 01:18:46+05:30,1256,174.8,38.9,33.6,52.4,654,7,6,162.8
2025-11-27 01:19:46+05:30,1256,173.1,39.6,33.2,53.9,678,36,1,163.3
2025-11-27 01:20:46+05:30,1256,171.4,41.4,33.6,53.8,682,37,0,175.6
2025-11-27 01:21:46+05:30,1256,167.2,39.9,33.1,51.5,672,31,0,191.1
2025-11-27 01:22:46+05:30,1256,169.3,38.6,33.5,51.2,631,25,7,186.3
2025-11-27 01:23:46+05:30,1256,166.2,37.7,33.5,51.1,699,32,5,167.5
2025-11-27 01:24:46+05:30,1256,166.8,39.9,32.9,51.9,544,3,3,184.9
2025-11-27 01:25:46+05:30,1256,168.8,40.2,33.4,54.1,601,34,6,149.5
2025-11-27 01:26:46+05:30,1256,166.8,42.9,33.2,54.7,665,15,6,164.1
2025-11-27 01:27:46+05:30,1256,165.9,39.7,33.6,53.1,671,16,2,182.3
2025-11-27 01:28:46+05:30,1256,166.1,36.3,33.0,52.4,695,18,7,178.4
2025-11-27 01:29:46+05:30,1256,171.5,42.4,33.1,51.8,653,37,3,196.8
2025-11-27 01:30:46+05:30,1256,167.7,43.6,33.5,49.0,583,39,0,207.8
2025-11-27 01:31:46+05:30,1256,164.7,37.0,33.4,52.3,767,17,6,190.4
2025-11-27 01:32:46+05:30,1256,171.6,38.1,32.9,54.1,727,31,4,177.9
2025-11-27 01:33:46+05:30,1256,174.0,37.0,33.2,53.1,709,45,3,157.7
2025-11-27 01:34:46+05:30,1256,168.7,34.0,33.1,50.6,622,38,7,180.0
2025-11-27 01:35:46+05:30,1256,172.3,35.6,33.6,54.1,577,23,3,191.1
2025-11-27 01:36:46+05:30,1256,170.1,39.9,33.6,53.1,736,33,0,175.0
2025-11-27 01:37:46+05:30,1256,166.3,32.1,33.4,52.0,725,29,4,107.2
2025-11-27 01:38:46+05:30,1256,171.8,40.4,33.3,52.1,616,14,7,134.1
2025-11-27 01:39:46+05:30,1256,172.8,32.9,33.2,53.6,684,20,6,208.7
2025-11-27 01:40:46+05:30,1256,168.9,44.7,33.1,52.0,626,55,8,172.2
2025-11-27 01:41:46+05:30,1256,171.3,43.6,33.4,50.6,567,31,5,174.3
2025-11-27 01:42:46+05:30,1256,174.9,40.7,32.5,49.9,647,18,5,202.3
2025-11-27 01:43:46+05:30,1256,172.2,35.8,33.0,52.0,704,38,0,208.7
2025-11-27 01:44:46+05:30,1256,177.1,37.0,33.6,53.2,675,4,10,179.5
2025-11-27 01:45:46+05:30,1256,167.5,39.7,33.8,50.3,628,23,1,181.6
2025-11-27 01:46:46+05:30,1256,168.2,41.1,33.2,52.9,627,18,0,186.3
2025-11-27 01:47:46+05:30,1256,170.7,41.7,33.1,53.7,647,38,3,189.5
2025-11-27 01:48:46+05:30,1256,171.4,36.8,34.0,50.9,628,20,8,177.9
2025-11-27 01:49:46+05:30,1256,172.1,39.8,33.3,51.0,641,11,2,170.9
2025-11-27 01:50:46+05:30,1256,171.8,36.0,33.3,50.8,647,34,4,141.5
2025-11-27 01:51:46+05:30,1256,172.0,42.1,33.3,54.4,649,31,5,168.2
2025-11-27 01:52:46+05:30,1256,172.9,43.8,33.0,52.3,671,21,3,190.9
2025-11-27 01:53:46+05:30,1256,168.7,38.2,33.2,49.7,654,27,10,148.8
2025-11-27 01:54:46+05:30,1256,170.3,33.9,33.0,54.4,675,37,1,183.7
2025-11-27 01:55:46+05:30,1256,168.5,36.4,33.8,50.3,607,32,9,177.8
2025-11-27 01:56:46+05:30,1256,166.0,42.0,33.0,51.0,652,33,5,201.5
2025-11-27 01:57:46+05:30,1256,168.4,38.2,33.1,54.7,571,34,0,178.9
2025-11-27 01:58:46+05:30,1256,177.8,34.6,33.4,54.9,637,21,5,173.0
2025-11-27 01:59:46+05:30,1256,173.7,40.5,34.0,50.7,656,48,7,163.5
2025-11-27 02:00:46+05:30,1256,168.6,46.1,33.6,52.6,645,18,4,192.3
2025-11-27 02:01:46+05:30,1256,169.9,38.0,33.0,52.4,658,49,3,169.7
2025-11-27 02:02:46+05:30,1256,171.0,37.2,33.4,51.8,715,25,3,162.8
2025-11-27 02:03:46+05:30,1256,169.4,42.0,32.7,51.0,462,42,6,187.8
2025-11-27 02:04:46+05:30,1256,165.8,41.5,33.2,49.7,659,27,6,204.4
2025-11-27 02:05:46+05:30,1256,174.9,44.3,33.3,51.6,596,29,4,182.7
2025-11-27 02:06:46+05:30,1256,171.1,45.9,33.3,52.5,632,34,1,182.0
2025-11-27 02:07:46+05:30,1256,169.9,38.4,33.1,52.1,664,15,7,179.6
2025-11-27 02:08:46+05:30,1256,168.8,44.4,33.9,55.4,639,33,8,200.6
2025-11-27 02:09:46+05:30,1256,167.5,36.9,33.3,50.1,635,30,3,199.3
2025-11-27 02:10:46+05:30,1256,168.9,43.5,33.2,52.0,665,39,6,164.9
2025-11-27 02:11:46+05:30,1256,169.9,41.4,33.7,52.0,664,24,0,162.0
2025-11-27 02:12:46+05:30,1256,172.0,38.0,33.6,53.6,638,39,6,201.8
2025-11-27 02:13:46+05:30,1256,168.4,39.9,33.6,54.9,686,30,3,227.3
2025-11-27 02:14:46+05:30,1256,171.4,40.4,33.6,54.5,778,34,6,164.7
2025-11-27 02:15:46+05:30,1256,171.7,37.7,33.0,52.3,711,26,6,197.1
2025-11-27 02:16:46+05:30,1256,171.8,41.7,33.6,51.2,693,26,3,192.7
2025-11-27 02:17:46+05:30,1256,171.5,38.5,33.1,50.2,646,29,1,169.1
2025-11-27 02:18:46+05:30,1256,174.1,39.3,33.2,53.4,665,40,3,149.8
2025-11-27 02:19:46+05:30,1256,167.3,40.4,33.4,48.8,616,33,3,187.8
2025-11-27 02:20:46+05:30,1256,167.5,40.1,33.0,50.6,601,27,3,197.1
2025-11-27 02:21:46+05:30,1256,168.0,38.2,33.1,52.5,696,23,7,163.1
2025-11-27 02:22:46+05:30,1256,174.4,41.8,33.2,51.5,658,33,8,170.9
2025-11-27 02:23:46+05:30,1256,169.8,37.5,32.9,52.3,606,29,1,209.1
2025-11-27 02:24:46+05:30,1256,171.9,42.3,32.9,53.6,508,27,1,191.1
2025-11-27 02:25:46+05:30,1256,169.1,46.0,33.1,53.5,616,26,3,187.5
2025-11-27 02:26:46+05:30,1256,170.0,45.1,33.0,53.4,557,25,4,172.6
2025-11-27 02:27:46+05:30,1256,167.2,40.9,33.2,53.3,630,25,6,193.7
2025-11-27 02:28:46+05:30,1256,171.9,47.2,33.1,55.0,706,27,0,194.6
2025-11-27 02:29:46+05:30,1256,166.1,40.8,33.0,52.6,774,36,3,177.4
2025-11-27 02:30:46+05:30,1256,170.6,42.0,33.0,52.0,637,21,0,181.4
2025-11-27 02:31:46+05:30,1256,166.1,36.0,33.1,50.8,648,28,9,172.5
2025-11-27 02:32:46+05:30,1256,173.4,43.6,33.1,53.7,685,22,3,194.0
2025-11-27 02:33:46+05:30,1256,169.2,40.8,33.2,50.8,654,25,6,207.4
2025-11-27 02:34:46+05:30,1256,167.7,39.5,33.2,47.2,624,41,4,183.8
2025-11-27 02:35:46+05:30,1256,167.7,45.3,33.3,52.5,679,11,11,144.5
2025-11-27 02:36:46+05:30,1256,171.1,38.3,33.5,52.5,744,28,6,178.5
2025-11-27 02:37:46+05:30,1256,165.2,37.0,33.8,54.3,652,20,3,157.1
2025-11-27 02:38:46+05:30,1256,169.7,42.1,33.0,53.9,652,44,3,185.3
2025-11-27 02:39:46+05:30,1256,163.8,43.6,33.4,53.0,738,49,0,173.6
2025-11-27 02:40:46+05:30,1256,171.5,35.8,33.3,53.9,713,50,4,137.8
2025-11-27 02:41:46+05:30,1256,167.7,42.8,33.3,55.2,690,35,2,194.9
2025-11-27 02:42:46+05:30,1256,169.8,39.6,33.1,56.1,533,34,7,193.1
2025-11-27 02:43:46+05:30,1256,171.0,39.1,33.9,50.6,730,41,6,204.4
2025-11-27 02:44:46+05:30,1256,167.8,43.6,33.8,50.2,704,35,3,137.0
2025-11-27 02:45:46+05:30,1256,170.2,42.7,33.5,53.0,681,48,3,188.6
2025-11-27 02:46:46+05:30,1256,175.1,35.9,33.4,50.4,587,12,8,187.5
2025-11-27 02:47:46+05:30,1256,169.6,37.7,33.0,51.8,647,27,3,188.4
2025-11-27 02:48:46+05:30,1256,170.4,38.2,33.4,52.2,646,23,10,173.7
2025-11-27 02:49:46+05:30,1256,171.1,41.3,33.8,54.0,699,51,1,184.6
2025-11-27 02:50:46+05:30,1256,168.8,40.4,33.2,53.5,648,34,5,181.8
2025-11-27 02:51:46+05:30,1256,168.5,39.5,33.1,54.7,663,35,9,179.7
2025-11-27 02:52:46+05:30,1256,164.1,38.3,33.7,48.7,674,19,6,199.5
2025-11-27 02:53:46+05:30,1256,171.8,38.6,33.0,52.0,670,30,4,163.0
2025-11-27 02:54:46+05:30,1256,170.7,41.9,33.5,51.0,635,14,5,159.3
2025-11-27 02:55:46+05:30,1256,172.2,39.6,33.2,51.8,679,33,2,195.7
2025-11-27 02:56:46+05:30,1256,170.2,39.1,33.4,51.3,612,26,6,148.3
2025-11-27 02:57:46+05:30,1256,167.4,40.5,33.6,50.4,831,48,1,176.6
2025-11-27 02:58:46+05:30,1256,171.6,39.8,33.4,50.4,652,46,7,176.1
2025-11-27 02:59:46+05:30,1256,165.7,38.0,33.3,51.9,627,26,4,175.8
2025-11-27 03:00:46+05:30,1256,166.5,40.7,33.5,48.9,645,23,2,168.8
2025-11-27 03:01:46+05:30,1256,170.3,36.8,33.5,52.9,665,28,1,194.8
2025-11-27 03:02:46+05:30,1256,167.8,37.6,32.9,53.6,694,19,4,158.1
2025-11-27 03:03:46+05:30,1256,170.7,36.7,33.6,53.0,619,21,3,180.6
2025-11-27 03:04:46+05:30,1256,164.2,39.4,34.0,53.0,729,29,9,150.4
2025-11-27 03:05:46+05:30,1256,171.3,42.9,33.2,53.2,616,19,8,174.1
2025-11-27 03:06:46+05:30,1256,173.0,42.7,33.2,51.3,631,26,0,155.8
2025-11-27 03:07:46+05:30,1256,176.0,33.5,33.3,50.3,577,31,0,160.6
2025-11-27 03:08:46+05:30,1256,171.1,42.0,33.1,51.4,635,17,4,176.1
2025-11-27 03:09:46+05:30,1256,170.2,39.1,32.9,49.3,705,18,4,182.8
2025-11-27 03:10:46+05:30,1256,166.0,38.7,33.3,52.2,709,37,8,170.8
2025-11-27 03:11:46+05:30,1256,171.5,46.2,33.5,51.5,623,18,6,184.2
2025-11-27 03:12:46+05:30,1256,170.1,41.8,33.4,50.7,669,30,8,195.9
2025-11-27 03:13:46+05:30,1256,166.7,38.3,32.9,49.3,683,16,3,163.8
2025-11-27 03:14:46+05:30,1256,169.3,37.6,32.8,55.8,620,51,0,178.7
2025-11-27 03:15:46+05:30,1256,170.1,37.3,33.7,56.4,608,45,5,194.9
2025-11-27 03:16:46+05:30,1256,168.6,41.8,33.3,51.9,604,35,1,180.4
2025-11-27 03:17:46+05:30,1256,172.0,39.4,33.0,49.3,685,32,9,142.0
2025-11-27 03:18:46+05:30,1256,172.8,36.8,33.7,51.0,655,26,2,186.0
2025-11-27 03:19:46+05:30,1256,170.5,38.5,33.0,53.4,663,14,3,185.6
2025-11-27 03:20:46+05:30,1256,168.5,40.0,34.1,51.2,744,34,3,194.3
2025-11-27 03:21:46+05:30,1256,168.1,35.3,33.1,50.7,627,25,6,188.3
2025-11-27 03:22:46+05:30,1256,170.2,37.1,33.2,50.8,578,36,3,139.9
2025-11-27 03:23:46+05:30,1256,164.6,37.5,33.4,49.9,714,24,3,200.0
2025-11-27 03:24:46+05:30,1256,168.7,38.7,33.4,51.6,702,44,3,209.5
2025-11-27 03:25:46+05:30,1256,166.3,39.8,33.4,51.0,688,24,5,193.4
2025-11-27 03:26:46+05:30,1256,170.6,38.7,33.3,54.6,565,33,3,184.8
2025-11-27 03:27:46+05:30,1256,169.9,40.5,33.4,51.5,650,30,3,194.4
2025-11-27 03:28:46+05:30,1256,172.8,32.7,33.7,48.3,720,21,1,174.2
2025-11-27 03:29:46+05:30,1256,164.6,37.8,32.6,51.2,633,37,7,211.7
2025-11-27 03:30:46+05:30,1256,169.7,38.5,33.3,53.8,655,0,4,195.8
2025-11-27 03:31:46+05:30,1256,172.4,39.6,33.3,51.1,698,42,4,161.7
2025-11-27 03:32:46+05:30,1256,170.9,35.7,33.3,51.5,691,24,3,154.4
2025-11-27 03:33:46+05:30,1256,169.0,38.1,33.6,55.5,633,30,3,186.6
2025-11-27 03:34:46+05:30,1256,171.9,40.0,33.4,48.2,596,45,1,160.8
2025-11-27 03:35:46+05:30,1256,168.6,38.2,33.2,50.5,637,25,7,183.1
2025-11-27 03:36:46+05:30,1256,169.2,37.5,32.8,49.7,704,21,6,196.3
2025-11-27 03:37:46+05:30,1256,170.8,39.6,32.8,51.9,596,34,5,152.7
2025-11-27 03:38:46+05:30,1256,168.1,39.3,33.5,52.9,669,21,2,159.9
2025-11-27 03:39:46+05:30,1256,171.9,40.9,33.4,54.7,567,16,2,144.4
2025-11-27 03:40:46+05:30,1256,172.3,37.7,33.3,53.0,717,27,15,169.2
2025-11-27 03:41:46+05:30,1256,167.1,40.0,33.4,50.8,651,22,1,156.8
2025-11-27 03:42:46+05:30,1256,169.8,41.6,33.3,52.7,596,30,5,145.0
2025-11-27 03:43:46+05:30,1256,166.8,40.2,32.5,53.4,700,24,2,164.4
2025-11-27 03:44:46+05:30,1256,168.2,34.1,33.3,54.2,580,14,0,189.7
2025-11-27 03:45:46+05:30,1256,174.0,38.2,33.5,52.1,662,29,1,250.0
2025-11-27 03:46:46+05:30,1256,170.6,43.0,32.9,50.1,630,45,7,214.8
2025-11-27 03:47:46+05:30,1256,169.7,42.8,33.7,50.0,685,33,7,159.9
2025-11-27 03:48:46+05:30,1256,173.6,41.1,33.6,53.4,679,18,4,227.5
2025-11-27 03:49:46+05:30,1256,168.1,40.7,33.2,52.2,698,13,7,179.4
2025-11-27 03:50:46+05:30,1256,168.4,39.8,33.1,52.5,647,22,2,207.1
2025-11-27 03:51:46+05:30,1256,171.8,38.0,33.1,54.4,735,27,10,200.3
2025-11-27 03:52:46+05:30,1256,171.9,38.8,33.9,52.7,614,16,2,193.6
2025-11-27 03:53:46+05:30,1256,168.6,43.1,33.4,54.4,648,27,12,179.8
2025-11-27 03:54:46+05:30,1256,169.0,40.4,32.7,52.5,614,36,7,178.9
2025-11-27 03:55:46+05:30,1256,170.1,38.3,33.2,51.0,575,35,4,155.4
2025-11-27 03:56:46+05:30,1256,167.6,41.0,33.0,54.3,640,17,3,153.5
2025-11-27 03:57:46+05:30,1256,173.0,37.7,33.7,49.0,721,27,8,191.2
2025-11-27 03:58:46+05:30,1256,169.4,32.5,33.2,50.4,713,34,0,160.2
2025-11-27 03:59:46+05:30,1256,169.2,38.1,33.0,50.0,661,12,5,173.1
2025-11-27 04:00:46+05:30,1256,173.6,36.7,33.8,51.3,572,35,3,190.9
2025-11-27 04:01:46+05:30,1256,171.7,41.5,33.5,52.1,680,25,7,173.7
2025-11-27 04:02:46+05:30,1256,173.4,36.4,33.2,51.1,689,29,10,146.8
2025-11-27 04:03:46+05:30,1256,171.0,39.4,33.5,55.2,731,13,5,190.4
2025-11-27 04:04:46+05:30,1256,166.7,33.5,33.0,48.8,596,11,7,181.5
2025-11-27 04:05:46+05:30,1256,173.8,45.0,33.6,54.1,665,41,5,176.7
2025-11-27 04:06:46+05:30,1256,167.3,39.4,33.5,50.2,625,33,6,173.1
2025-11-27 04:07:46+05:30,1256,165.7,40.5,33.3,54.4,638,31,3,169.6
2025-11-27 04:08:46+05:30,1256,176.5,38.2,33.3,56.0,594,13,2,179.2
2025-11-27 04:09:46+05:30,1256,166.0,39.2,33.0,56.6,654,22,4,148.8
2025-11-27 04:10:46+05:30,1256,167.8,36.9,32.7,51.5,662,22,3,172.1
2025-11-27 04:11:46+05:30,1256,171.0,34.8,33.3,49.1,690,19,5,199.4
2025-11-27 04:12:46+05:30,1256,171.7,37.6,33.2,51.8,661,28,3,147.6
2025-11-27 04:13:46+05:30,1256,167.9,42.5,33.2,52.9,611,35,5,191.0
2025-11-27 04:14:46+05:30,1256,176.1,38.6,32.9,50.4,679,17,6,160.5
2025-11-27 04:15:46+05:30,1256,172.6,41.9,33.0,49.1,725,30,3,172.8
2025-11-27 04:16:46+05:30,1256,167.0,40.6,33.0,52.6,665,39,5,195.4
2025-11-27 04:17:46+05:30,1256,168.7,37.9,33.2,52.5,672,28,10,197.0
2025-11-27 04:18:46+05:30,1256,170.6,43.7,33.3,50.1,680,27,5,199.1
2025-11-27 04:19:46+05:30,1256,171.8,40.4,33.5,49.4,721,23,9,182.0
2025-11-27 04:20:46+05:30,1256,171.2,34.5,33.3,49.7,611,32,1,132.2
2025-11-27 04:21:46+05:30,1256,169.5,33.6,33.2,53.8,622,27,1,183.8
2025-11-27 04:22:46+05:30,1256,167.7,37.8,32.9,50.2,647,39,5,137.7
2025-11-27 04:23:46+05:30,1256,166.9,39.0,33.0,50.2,689,24,0,185.5
2025-11-27 04:24:46+05:30,1256,166.9,38.2,33.1,54.0,557,37,5,170.5
2025-11-27 04:25:46+05:30,1256,172.5,41.8,33.2,52.1,539,24,3,184.4
2025-11-27 04:26:46+05:30,1256,168.9,40.7,33.1,52.9,644,6,10,204.4
2025-11-27 04:27:46+05:30,1256,165.1,38.3,33.2,52.3,606,35,7,187.3
2025-11-27 04:28:46+05:30,1256,170.9,41.5,33.4,55.2,633,25,4,193.9
2025-11-27 04:29:46+05:30,1256,171.7,35.4,32.9,51.2,689,19,6,172.4
2025-11-27 04:30:46+05:30,1256,174.2,40.7,33.3,52.6,635,21,0,159.3
2025-11-27 04:31:46+05:30,1256,172.6,38.0,33.0,50.4,665,12,6,163.9
2025-11-27 04:32:46+05:30,1256,167.1,40.4,33.2,48.9,573,42,4,192.6
2025-11-27 04:33:46+05:30,1256,171.9,36.8,32.8,50.6,668,24,9,156.4
2025-11-27 04:34:46+05:30,1256,173.1,37.2,33.6,54.6,597,17,1,180.3
2025-11-27 04:35:46+05:30,1256,171.5,42.2,33.3,52.5,760,34,9,167.9
2025-11-27 04:36:46+05:30,1256,171.0,40.0,33.0,50.4,703,39,2,153.9
2025-11-27 04:37:46+05:30,1256,175.6,42.0,33.6,55.2,734,42,12,213.4
2025-11-27 04:38:46+05:30,1256,168.3,41.2,33.8,51.5,670,20,6,181.1
2025-11-27 04:39:46+05:30,1256,170.8,36.6,33.1,50.4,684,30,1,167.2
2025-11-27 04:40:46+05:30,1256,168.7,43.2,33.5,52.2,679,32,5,165.0
2025-11-27 04:41:46+05:30,1256,168.5,49.1,33.3,53.1,641,35,11,163.0
2025-11-27 04:42:46+05:30,1256,173.0,43.0,33.1,54.6,615,39,6,193.5
2025-11-27 04:43:46+05:30,1256,168.1,32.8,33.5,50.0,630,30,6,183.7
2025-11-27 04:44:46+05:30,1256,169.6,45.9,33.3,50.5,651,28,2,178.0
2025-11-27 04:45:46+05:30,1256,167.8,41.1,33.2,48.7,588,38,3,198.6
2025-11-27 04:46:46+05:30,1256,168.8,37.5,33.2,53.4,538,36,2,203.6
2025-11-27 04:47:46+05:30,1256,170.5,39.6,33.1,51.1,694,21,7,184.6
2025-11-27 04:48:46+05:30,1256,174.9,35.4,33.5,46.3,651,28,7,195.5
2025-11-27 04:49:46+05:30,1256,171.6,38.9,33.3,52.0,663,22,8,182.5
2025-11-27 04:50:46+05:30,1256,173.1,37.5,33.6,54.9,667,32,3,170.4
2025-11-27 04:51:46+05:30,1256,171.6,44.0,33.1,53.8,754,36,8,185.0
2025-11-27 04:52:46+05:30,1256,167.6,41.8,33.0,53.7,630,43,0,165.6
2025-11-27 04:53:46+05:30,1256,168.7,41.0,33.6,50.8,641,30,5,146.3
2025-11-27 04:54:46+05:30,1256,169.4,33.2,32.9,55.1,655,25,5,171.3
2025-11-27 04:55:46+05:30,1256,170.3,41.0,33.4,52.0,593,29,3,184.0
2025-11-27 04:56:46+05:30,1256,171.4,44.7,33.2,49.9,665,21,9,170.3
2025-11-27 04:57:46+05:30,1256,165.1,35.0,33.7,50.4,617,22,7,188.2
2025-11-27 04:58:46+05:30,1256,164.9,39.6,33.1,53.0,614,45,5,178.7
2025-11-27 04:59:46+05:30,1256,167.1,41.1,33.2,55.4,674,26,12,154.4
2025-11-27 05:00:46+05:30,1256,169.7,38.2,33.1,51.3,645,27,2,190.5
2025-11-27 05:01:46+05:30,1256,174.7,41.4,33.3,51.9,543,44,4,191.3
2025-11-27 05:02:46+05:30,1256,170.0,41.8,33.4,52.0,621,9,2,175.3
2025-11-27 05:03:46+05:30,1256,168.4,39.8,33.3,53.6,536,35,7,178.3
2025-11-27 05:04:46+05:30,1256,164.9,40.7,33.6,49.0,682,5,0,179.5
2025-11-27 05:05:46+05:30,1256,169.6,40.7,33.4,51.3,652,46,11,175.8
2025-11-27 05:06:46+05:30,1256,164.0,40.8,33.0,52.9,608,49,5,167.6
2025-11-27 05:07:46+05:30,1256,168.3,40.1,33.5,46.7,571,33,7,179.3
2025-11-27 05:08:46+05:30,1256,170.0,46.0,33.6,51.9,575,16,2,152.4
2025-11-27 05:09:46+05:30,1256,173.0,37.6,32.7,50.4,702,30,4,200.6
2025-11-27 05:10:46+05:30,1256,162.9,38.3,33.6,54.7,441,30,2,177.5
2025-11-27 05:11:46+05:30,1256,168.5,43.5,33.2,53.1,743,25,4,173.1
2025-11-27 05:12:46+05:30,1256,171.7,40.5,33.2,53.5,707,45,6,160.5
2025-11-27 05:13:46+05:30,1256,175.3,39.9,33.0,48.6,604,12,6,195.3
2025-11-27 05:14:46+05:30,1256,166.2,37.9,32.9,50.4,705,25,5,181.9
2025-11-27 05:15:46+05:30,1256,170.3,38.8,33.5,50.4,620,29,4,195.4
2025-11-27 05:16:46+05:30,1256,171.0,43.3,33.1,52.4,671,37,5,147.4
2025-11-27 05:17:46+05:30,1256,169.9,45.1,33.3,50.9,614,25,6,155.8
2025-11-27 05:18:46+05:30,1256,167.6,38.5,33.3,52.8,625,13,1,214.0
2025-11-27 05:19:46+05:30,1256,166.9,44.0,33.2,49.1,725,7,0,172.5
2025-11-27 05:20:46+05:30,1256,168.3,38.7,33.6,53.6,742,21,8,203.0
2025-11-27 05:21:46+05:30,1256,169.1,40.9,33.0,50.4,623,26,8,180.9
2025-11-27 05:22:46+05:30,1256,172.3,38.1,33.2,53.5,533,50,11,204.9
2025-11-27 05:23:46+05:30,1256,173.7,39.3,33.4,51.2,694,21,3,200.5
2025-11-27 05:24:46+05:30,1256,171.7,38.9,33.5,51.1,642,23,6,175.2
2025-11-27 05:25:46+05:30,1256,167.5,39.5,33.2,48.4,653,32,12,160.1
2025-11-27 05:26:46+05:30,1256,166.8,38.5,33.4,53.7,661,48,1,181.0
2025-11-27 05:27:46+05:30,1256,169.0,44.2,33.0,49.6,626,20,3,171.9
2025-11-27 05:28:46+05:30,1256,167.7,38.5,33.3,49.6,688,29,7,155.8
2025-11-27 05:29:46+05:30,1256,166.3,38.0,33.8,51.0,690,0,2,204.6
2025-11-27 05:30:46+05:30,1256,172.5,38.1,33.4,52.0,801,35,0,169.6
2025-11-27 05:31:46+05:30,1256,168.6,40.5,33.3,53.2,681,23,8,214.7
2025-11-27 05:32:46+05:30,1256,173.1,38.1,33.2,53.2,623,36,3,180.7
2025-11-27 05:33:46+05:30,1256,164.3,42.3,33.6,51.6,633,18,6,173.3
2025-11-27 05:34:46+05:30,1256,170.3,43.3,33.4,55.1,650,15,8,194.6
2025-11-27 05:35:46+05:30,1256,164.1,39.7,33.6,52.8,737,28,0,190.8
2025-11-27 05:36:46+05:30,1256,168.3,41.6,33.1,51.7,688,46,7,171.2
2025-11-27 05:37:46+05:30,1256,168.4,40.2,33.8,50.6,610,20,2,177.8
2025-11-27 05:38:46+05:30,1256,169.8,39.0,33.9,53.1,671,7,2,144.1
2025-11-27 05:39:46+05:30,1256,168.8,40.4,33.6,54.1,705,22,2,174.9
2025-11-27 05:40:46+05:30,1256,175.9,40.2,33.7,51.9,679,32,6,200.3
2025-11-27 05:41:46+05:30,1256,169.4,37.0,33.6,53.6,616,37,10,219.8
2025-11-27 05:42:46+05:30,1256,170.1,38.5,32.6,52.4,689,14,6,179.7
2025-11-27 05:43:46+05:30,1256,168.2,38.3,33.2,53.4,694,20,6,185.6
2025-11-27 05:44:46+05:30,1256,171.1,40.9,32.9,54.8,647,24,3,213.5
2025-11-27 05:45:46+05:30,1256,175.7,42.1,32.8,52.1,733,29,0,176.4
2025-11-27 05:46:46+05:30,1256,170.7,42.1,33.2,49.5,629,51,0,171.2
2025-11-27 05:47:46+05:30,1256,171.7,43.5,33.8,52.1,555,34,0,173.9
2025-11-27 05:48:46+05:30,1256,174.6,37.6,33.2,51.7,710,33,4,176.1
2025-11-27 05:49:46+05:30,1256,172.2,39.0,33.2,54.0,686,18,0,229.4
2025-11-27 05:50:46+05:30,1256,173.0,36.4,33.3,55.0,622,15,1,207.8
2025-11-27 05:51:46+05:30,1256,170.3,37.7,33.2,52.4,640,41,8,151.9
2025-11-27 05:52:46+05:30,1256,170.5,37.2,32.8,51.4,700,25,5,189.5
2025-11-27 05:53:46+05:30,1256,170.4,36.8,33.5,53.5,590,46,1,215.0
2025-11-27 05:54:46+05:30,1256,171.2,41.3,33.2,50.5,667,35,5,186.5
2025-11-27 05:55:46+05:30,1256,168.5,37.0,33.1,51.6,733,30,12,209.2
2025-11-27 05:56:46+05:30,1256,169.2,42.8,33.4,50.7,710,17,3,196.6
2025-11-27 05:57:46+05:30,1256,167.9,45.0,33.3,49.5,627,33,4,165.5
2025-11-27 05:58:46+05:30,1256,169.4,34.4,33.6,47.3,677,33,0,187.6
2025-11-27 05:59:46+05:30,1256,163.5,36.9,33.7,52.5,628,23,5,184.8
2025-11-27 06:00:46+05:30,1256,175.8,37.3,33.3,51.0,697,25,0,164.5
2025-11-27 06:01:46+05:30,1256,167.9,38.6,33.5,50.5,682,23,6,217.7
2025-11-27 06:02:46+05:30,1256,162.6,43.7,33.3,50.6,673,21,5,206.0
2025-11-27 06:03:46+05:30,1256,165.4,41.9,33.6,50.9,554,48,4,203.1
2025-11-27 06:04:46+05:30,1256,168.5,40.6,33.7,49.9,687,27,9,190.6
2025-11-27 06:05:46+05:30,1256,167.3,38.3,33.1,53.1,678,44,5,180.4
2025-11-27 06:06:46+05:30,1256,167.2,44.8,33.6,51.1,589,27,6,205.9
2025-11-27 06:07:46+05:30,1256,165.5,41.4,33.4,53.3,611,38,1,159.1
2025-11-27 06:08:46+05:30,1256,170.3,39.8,33.4,55.0,626,25,5,180.2
2025-11-27 06:09:46+05:30,1256,166.5,42.1,33.3,54.2,661,25,5,149.1
2025-11-27 06:10:46+05:30,1256,165.1,39.5,33.4,52.7,576,36,8,180.0
2025-11-27 06:11:46+05:30,1256,169.3,42.3,33.8,52.5,657,46,4,229.3
2025-11-27 06:12:46+05:30,1256,166.8,37.6,33.4,50.3,658,35,4,187.7
2025-11-27 06:13:46+05:30,1256,172.5,36.8,33.4,54.1,659,44,3,204.8
2025-11-27 06:14:46+05:30,1256,171.7,43.1,33.0,52.6,760,39,6,190.8
2025-11-27 06:15:46+05:30,1256,173.3,35.1,34.1,53.7,653,18,5,159.3
2025-11-27 06:16:46+05:30,1256,173.2,43.3,33.7,52.4,621,41,4,181.4
2025-11-27 06:17:46+05:30,1256,167.2,42.5,33.3,51.7,554,21,6,177.8
2025-11-27 06:18:46+05:30,1256,168.1,37.6,33.2,49.8,632,32,5,187.1
2025-11-27 06:19:46+05:30,1256,175.5,43.1,32.7,53.6,607,36,3,168.0
2025-11-27 06:20:46+05:30,1256,175.1,41.3,33.0,53.8,639,27,1,206.8
2025-11-27 06:21:46+05:30,1256,169.0,43.6,33.7,51.8,643,51,3,171.1
2025-11-27 06:22:46+05:30,1256,165.2,40.1,33.2,52.1,664,29,5,195.1
2025-11-27 06:23:46+05:30,1256,171.5,48.0,33.3,53.9,650,24,0,174.8
2025-11-27 06:24:46+05:30,1256,172.8,38.6,32.7,48.3,700,31,4,211.4
2025-11-27 06:25:46+05:30,1256,170.3,39.2,33.4,55.7,617,47,8,168.0
2025-11-27 06:26:46+05:30,1256,165.8,35.5,33.2,53.6,629,37,8,161.6
2025-11-27 06:27:46+05:30,1256,177.8,41.3,32.6,52.8,673,15,0,175.0
2025-11-27 06:28:46+05:30,1256,171.8,37.2,33.5,49.9,647,25,3,157.6
2025-11-27 06:29:46+05:30,1256,171.6,37.2,32.8,49.8,699,29,6,171.9
2025-11-27 06:30:46+05:30,1256,164.3,35.3,32.9,53.4,580,18,6,211.5
2025-11-27 06:31:46+05:30,1256,164.7,42.4,33.2,53.0,681,25,2,175.1
2025-11-27 06:32:46+05:30,1256,172.8,37.4,33.1,48.4,710,14,3,198.9
2025-11-27 06:33:46+05:30,1256,173.1,47.0,33.3,49.2,592,21,5,180.8
2025-11-27 06:34:46+05:30,1256,166.8,35.5,33.0,50.9,732,14,2,181.6
2025-11-27 06:35:46+05:30,1256,165.0,35.0,33.6,51.0,650,21,5,127.8
2025-11-27 06:36:46+05:30,1256,167.2,41.5,33.1,53.7,681,20,8,153.6
2025-11-27 06:37:46+05:30,1256,168.9,40.9,33.2,52.8,724,47,5,187.7
2025-11-27 06:38:46+05:30,1256,173.7,37.4,33.5,49.3,605,0,8,164.6
2025-11-27 06:39:46+05:30,1256,164.7,43.5,33.7,48.1,672,9,0,187.5
2025-11-27 06:40:46+05:30,1256,172.5,40.2,33.2,52.0,646,39,6,193.5
2025-11-27 06:41:46+05:30,1256,171.7,35.6,33.4,53.6,676,17,8,183.8
2025-11-27 06:42:46+05:30,1256,175.3,42.4,33.2,54.8,741,24,8,206.6
2025-11-27 06:43:46+05:30,1256,171.0,39.3,33.6,54.4,638,8,5,190.4
2025-11-27 06:44:46+05:30,1256,169.8,32.2,33.3,49.9,678,30,2,148.1
2025-11-27 06:45:46+05:30,1256,174.4,37.0,33.6,51.3,646,36,3,164.8
2025-11-27 06:46:46+05:30,1256,168.3,42.1,33.3,51.7,591,26,3,169.6
2025-11-27 06:47:46+05:30,1256,165.2,35.3,33.6,50.2,636,39,2,222.9
2025-11-27 06:48:46+05:30,1256,167.5,41.2,32.7,53.3,721,12,5,241.1
2025-11-27 06:49:46+05:30,1256,166.2,39.1,32.7,53.3,603,31,3,181.3
2025-11-27 06:50:46+05:30,1256,170.8,39.1,33.8,53.4,647,35,2,129.8
2025-11-27 06:51:46+05:30,1256,168.2,46.4,33.6,56.6,668,40,9,156.2
2025-11-27 06:52:46+05:30,1256,170.8,38.8,33.5,49.7,617,23,4,186.9
2025-11-27 06:53:46+05:30,1256,168.3,46.8,32.9,50.1,630,18,7,163.9
2025-11-27 06:54:46+05:30,1256,173.7,38.3,33.6,53.1,690,43,2,171.2
2025-11-27 06:55:46+05:30,1256,170.3,45.0,33.6,50.9,666,29,4,208.5
2025-11-27 06:56:46+05:30,1256,169.9,40.1,33.2,47.3,611,39,9,168.8
2025-11-27 06:57:46+05:30,1256,174.0,42.5,33.7,57.0,667,14,3,165.3
2025-11-27 06:58:46+05:30,1256,169.6,40.7,33.8,52.1,599,11,3,192.4
2025-11-27 06:59:46+05:30,1256,170.1,35.0,33.5,54.0,568,49,5,208.9
2025-11-27 07:00:46+05:30,1256,170.2,39.1,33.1,51.5,726,26,3,191.9
2025-11-27 07:01:46+05:30,1256,166.7,45.8,33.2,52.5,615,29,3,180.7
2025-11-27 07:02:46+05:30,1256,170.2,46.7,32.9,51.8,657,30,4,200.8
2025-11-27 07:03:46+05:30,1256,170.0,41.9,32.9,51.0,644,29,3,190.4
2025-11-27 07:04:46+05:30,1256,172.6,37.2,33.4,52.7,630,16,0,181.5
2025-11-27 07:05:46+05:30,1256,169.0,41.9,33.6,52.7,705,35,5,206.7
2025-11-27 07:06:46+05:30,1256,167.4,34.8,33.1,53.4,636,29,9,179.8
2025-11-27 07:07:46+05:30,1256,169.8,37.0,32.7,50.7,655,20,11,213.5
2025-11-27 07:08:46+05:30,1256,170.5,40.6,33.3,52.0,665,31,0,189.0
2025-11-27 07:09:46+05:30,1256,171.5,41.5,33.4,52.7,737,23,5,178.5
2025-11-27 07:10:46+05:30,1256,168.0,44.2,33.0,53.8,606,37,6,186.8
2025-11-27 07:11:46+05:30,1256,171.6,44.4,33.3,53.4,643,26,5,169.6
2025-11-27 07:12:46+05:30,1256,170.0,45.3,33.2,52.3,654,29,4,202.5
2025-11-27 07:13:46+05:30,1256,169.0,42.0,33.9,53.9,619,31,7,182.7
2025-11-27 07:14:46+05:30,1256,169.6,39.8,33.2,48.2,653,42,4,193.4
2025-11-27 07:15:46+05:30,1256,169.3,41.1,33.5,51.8,736,16,4,174.2
2025-11-27 07:16:46+05:30,1256,171.5,46.7,33.2,52.3,642,43,5,168.3
2025-11-27 07:17:46+05:30,1256,170.0,39.3,33.4,50.6,702,45,7,171.6
2025-11-27 07:18:46+05:30,1256,169.8,37.8,33.8,49.5,763,32,4,225.9
2025-11-27 07:19:46+05:30,1256,168.8,42.7,33.4,50.8,673,40,5,185.5
2025-11-27 07:20:46+05:30,1256,167.4,37.8,33.4,52.7,605,9,2,158.6
2025-11-27 07:21:46+05:30,1256,171.0,33.7,33.2,54.0,594,40,5,170.2
2025-11-27 07:22:46+05:30,1256,175.0,42.3,32.7,52.0,650,25,0,180.3
2025-11-27 07:23:46+05:30,1256,172.1,39.8,33.1,49.5,541,28,6,183.6
2025-11-27 07:24:46+05:30,1256,173.4,40.8,33.1,54.3,665,33,3,152.9
2025-11-27 07:25:46+05:30,1256,164.5,39.0,33.5,54.1,630,48,6,173.0
2025-11-27 07:26:46+05:30,1256,174.4,37.6,33.9,53.8,662,38,3,174.6
2025-11-27 07:27:46+05:30,1256,166.5,43.6,32.9,57.7,651,26,12,218.4
2025-11-27 07:28:46+05:30,1256,172.6,39.9,33.4,51.4,655,33,8,161.9
2025-11-27 07:29:46+05:30,1256,170.4,40.6,33.9,53.5,620,12,8,156.1
2025-11-27 07:30:46+05:30,1256,165.8,38.1,32.9,51.6,562,31,2,171.6
2025-11-27 07:31:46+05:30,1256,171.0,36.1,33.2,50.3,623,19,5,175.7
2025-11-27 07:32:46+05:30,1256,169.2,39.3,33.3,55.7,612,40,6,196.9
2025-11-27 07:33:46+05:30,1256,172.7,39.2,32.7,51.7,615,13,1,195.5
2025-11-27 07:34:46+05:30,1256,172.8,39.6,33.2,54.9,685,27,6,183.9
2025-11-27 07:35:46+05:30,1256,168.8,38.5,33.2,53.0,684,23,0,147.6
2025-11-27 07:36:46+05:30,1256,168.9,34.0,33.6,50.6,585,32,10,179.7
2025-11-27 07:37:46+05:30,1256,169.5,42.8,33.8,53.5,713,24,2,193.1
2025-11-27 07:38:46+05:30,1256,165.4,41.3,33.3,49.9,684,26,4,156.0
2025-11-27 07:39:46+05:30,1256,167.8,42.7,33.1,49.8,680,33,3,173.3
2025-11-27 07:40:46+05:30,1256,169.1,43.2,32.8,52.9,654,46,0,176.9
2025-11-27 07:41:46+05:30,1256,170.0,37.6,33.4,49.9,676,42,1,192.5
2025-11-27 07:42:46+05:30,1256,168.0,37.3,32.9,48.1,640,39,7,214.5
2025-11-27 07:43:46+05:30,1256,172.3,36.5,33.0,52.6,620,52,2,164.1
2025-11-27 07:44:46+05:30,1256,167.0,42.5,33.1,49.6,683,33,11,177.6
2025-11-27 07:45:46+05:30,1256,169.8,42.4,33.2,52.6,640,36,9,158.1
2025-11-27 07:46:46+05:30,1256,169.6,40.5,32.9,54.0,662,27,0,197.8
2025-11-27 07:47:46+05:30,1256,166.3,43.0,33.4,51.5,610,29,1,188.3
2025-11-27 07:48:46+05:30,1256,167.7,38.5,32.9,53.1,693,23,1,204.0
2025-11-27 07:49:46+05:30,1256,170.8,46.9,33.1,51.7,656,25,1,175.0
2025-11-27 07:50:46+05:30,1256,166.6,40.4,33.5,53.3,683,27,2,202.1
2025-11-27 07:51:46+05:30,1256,164.3,42.1,32.8,51.9,642,18,4,190.1
2025-11-27 07:52:46+05:30,1256,168.6,39.0,33.4,50.5,571,25,6,184.2
2025-11-27 07:53:46+05:30,1256,170.9,34.8,33.4,51.7,616,29,5,179.3
2025-11-27 07:54:46+05:30,1256,167.5,36.3,33.7,51.9,685,20,6,208.1
2025-11-27 07:55:46+05:30,1256,170.5,41.4,33.0,53.7,644,19,4,197.6
2025-11-27 07:56:46+05:30,1256,168.5,36.5,33.6,52.1,670,19,3,158.2
2025-11-27 07:57:46+05:30,1256,173.0,38.3,32.9,52.5,585,21,4,167.7
2025-11-27 07:58:46+05:30,1256,166.6,39.7,33.2,48.6,717,33,4,170.3
2025-11-27 07:59:46+05:30,1256,170.6,42.1,33.7,54.5,637,12,2,177.8
2025-11-27 08:00:46+05:30,1256,168.3,42.2,33.3,53.8,654,18,5,215.8
2025-11-27 08:01:46+05:30,1256,173.6,37.7,33.7,50.7,796,28,3,173.3
2025-11-27 08:02:46+05:30,1256,173.0,38.1,33.0,53.0,707,33,0,150.5
2025-11-27 08:03:46+05:30,1256,168.7,39.1,33.2,53.4,602,27,3,166.9
2025-11-27 08:04:46+05:30,1256,167.9,40.2,32.9,53.4,716,34,1,175.1
2025-11-27 08:05:46+05:30,1256,166.0,43.3,32.8,51.9,644,35,1,174.3
2025-11-27 08:06:46+05:30,1256,167.4,38.7,33.4,53.8,706,35,3,155.8
2025-11-27 08:07:46+05:30,1256,168.1,38.3,33.2,50.5,645,19,6,187.9
2025-11-27 08:08:46+05:30,1256,168.6,41.4,33.3,53.4,691,33,0,192.4
2025-11-27 08:09:46+05:30,1256,170.5,41.0,33.9,54.1,628,4,3,190.4
2025-11-27 08:10:46+05:30,1256,174.0,37.6,33.4,53.0,599,42,6,201.8
2025-11-27 08:11:46+05:30,1256,169.4,37.3,33.3,50.0,562,29,9,187.7
2025-11-27 08:12:46+05:30,1256,172.0,39.2,33.7,55.3,696,41,5,171.7
2025-11-27 08:13:46+05:30,1256,164.5,40.3,32.9,54.6,679,12,8,175.2
2025-11-27 08:14:46+05:30,1256,164.0,35.5,33.4,52.9,589,32,5,168.7
2025-11-27 08:15:46+05:30,1256,172.6,39.3,33.0,50.0,597,46,1,164.9
2025-11-27 08:16:46+05:30,1256,172.3,35.2,33.2,52.8,731,33,4,180.2
2025-11-27 08:17:46+05:30,1256,170.2,41.7,33.3,52.4,572,41,7,154.3
2025-11-27 08:18:46+05:30,1256,177.8,43.1,33.3,49.7,663,19,2,195.0
2025-11-27 08:19:46+05:30,1256,165.3,40.8,33.2,51.6,637,37,3,172.1
2025-11-27 08:20:46+05:30,1256,170.5,41.1,32.7,52.0,771,25,0,161.8
2025-11-27 08:21:46+05:30,1256,166.3,39.6,33.3,50.8,589,28,2,191.5
2025-11-27 08:22:46+05:30,1256,174.3,39.8,33.5,53.4,651,41,3,182.1
2025-11-27 08:23:46+05:30,1256,165.7,38.4,33.1,51.6,710,37,7,185.2
2025-11-27 08:24:46+05:30,1256,168.0,38.2,33.3,51.1,632,19,2,215.6
2025-11-27 08:25:46+05:30,1256,169.9,42.1,33.6,52.5,704,27,3,163.5
2025-11-27 08:26:46+05:30,1256,165.7,38.0,32.9,53.9,671,34,3,181.8
2025-11-27 08:27:46+05:30,1256,169.7,43.6,33.3,54.1,644,39,0,192.3
2025-11-27 08:28:46+05:30,1256,165.0,38.6,32.9,49.3,648,38,6,150.1
2025-11-27 08:29:46+05:30,1256,164.8,37.7,33.4,53.0,647,29,6,191.1
2025-11-27 08:30:46+05:30,1256,172.2,41.7,33.2,52.0,637,32,7,140.5
2025-11-27 08:31:46+05:30,1256,171.2,40.7,33.3,51.4,615,42,5,163.9
2025-11-27 08:32:46+05:30,1256,170.3,31.5,33.3,53.1,658,24,7,200.8
2025-11-27 08:33:46+05:30,1256,167.1,39.0,33.3,52.2,697,44,9,142.8
2025-11-27 08:34:46+05:30,1256,172.2,40.0,33.4,49.9,630,44,6,195.1
2025-11-27 08:35:46+05:30,1256,170.0,37.3,33.3,48.6,514,42,1,172.2
2025-11-27 08:36:46+05:30,1256,167.5,32.7,33.5,53.6,682,22,1,156.2
2025-11-27 08:37:46+05:30,1256,166.0,40.6,33.3,52.1,609,38,12,181.4
2025-11-27 08:38:46+05:30,1256,167.7,36.3,33.2,56.5,633,46,4,207.1
2025-11-27 08:39:46+05:30,1256,167.2,45.8,33.3,51.2,733,24,9,156.7
2025-11-27 08:40:46+05:30,1256,169.4,42.1,33.4,50.5,679,18,2,198.2
2025-11-27 08:41:46+05:30,1256,172.3,45.6,33.5,52.0,600,27,6,188.3
2025-11-27 08:42:46+05:30,1256,166.5,37.4,33.3,50.2,649,32,3,169.2
2025-11-27 08:43:46+05:30,1256,173.8,39.6,33.3,55.0,708,31,3,176.6
2025-11-27 08:44:46+05:30,1256,173.3,41.3,33.7,50.8,655,32,9,145.9
2025-11-27 08:45:46+05:30,1256,171.1,44.3,33.9,50.7,638,19,8,186.8
2025-11-27 08:46:46+05:30,1256,167.9,41.5,33.2,50.6,617,31,0,174.2
2025-11-27 08:47:46+05:30,1256,175.4,37.2,33.5,52.8,606,28,9,139.7
2025-11-27 08:48:46+05:30,1256,169.9,39.8,33.3,51.5,651,26,2,152.0
2025-11-27 08:49:46+05:30,1256,171.1,37.3,33.0,55.1,571,42,3,159.6
2025-11-27 08:50:46+05:30,1256,169.0,38.1,33.3,52.3,633,23,7,190.3
2025-11-27 08:51:46+05:30,1256,175.4,43.4,33.4,50.7,716,35,5,199.1
2025-11-27 08:52:46+05:30,1256,165.4,35.3,33.1,48.9,651,41,4,194.3
2025-11-27 08:53:46+05:30,1256,169.2,36.3,33.1,53.7,609,35,8,157.4
2025-11-27 08:54:46+05:30,1256,171.5,40.5,32.9,46.9,618,13,8,163.3
2025-11-27 08:55:46+05:30,1256,172.5,44.1,33.1,55.1,677,19,3,200.6
2025-11-27 08:56:46+05:30,1256,166.6,38.9,33.3,48.8,659,13,3,152.1
2025-11-27 08:57:46+05:30,1256,169.5,40.1,33.1,50.9,663,27,13,153.4
2025-11-27 08:58:46+05:30,1256,174.4,39.3,33.8,51.6,674,37,1,234.7
2025-11-27 08:59:46+05:30,1256,171.7,41.3,33.7,53.9,693,46,12,150.3
2025-11-27 09:00:46+05:30,1256,168.6,41.8,33.3,53.4,767,27,5,130.8
2025-11-27 09:01:46+05:30,1256,170.0,36.2,32.8,51.3,716,44,0,184.2
2025-11-27 09:02:46+05:30,1256,169.5,39.6,33.2,53.5,604,41,5,111.3
2025-11-27 09:03:46+05:30,1256,168.2,37.6,33.2,53.1,600,30,9,185.7
2025-11-27 09:04:46+05:30,1256,168.8,41.8,33.4,51.9,628,34,2,157.0
2025-11-27 09:05:46+05:30,1256,169.1,39.1,33.2,52.6,716,53,2,161.3
2025-11-27 09:06:46+05:30,1256,165.0,43.3,33.5,53.3,687,33,4,159.8
2025-11-27 09:07:46+05:30,1256,172.5,43.5,32.9,54.0,614,24,7,207.7
2025-11-27 09:08:46+05:30,1256,167.8,42.8,32.7,53.9,595,23,6,191.4
2025-11-27 09:09:46+05:30,1256,169.6,36.5,33.4,50.6,689,35,0,161.6
2025-11-27 09:10:46+05:30,1256,170.9,40.0,33.1,48.8,659,42,3,162.3
2025-11-27 09:11:46+05:30,1256,164.3,38.1,32.5,53.6,661,48,7,189.0
2025-11-27 09:12:46+05:30,1256,170.1,42.0,33.5,54.4,619,46,7,182.9
2025-11-27 09:13:46+05:30,1256,172.5,44.1,33.2,49.3,671,15,6,173.9
2025-11-27 09:14:46+05:30,1256,171.0,41.1,33.1,50.5,620,26,9,176.6
2025-11-27 09:15:46+05:30,1256,169.7,33.1,33.1,51.6,638,37,6,138.4
2025-11-27 09:16:46+05:30,1256,170.5,37.7,32.9,54.1,692,27,7,162.2
2025-11-27 09:17:46+05:30,1256,170.2,37.1,33.3,50.1,709,38,5,211.3
2025-11-27 09:18:46+05:30,1256,167.0,38.1,33.5,53.0,608,25,6,203.6
2025-11-27 09:19:46+05:30,1256,167.4,40.7,32.9,50.2,651,36,0,152.8
2025-11-27 09:20:46+05:30,1256,169.5,38.3,33.2,50.8,715,23,5,189.3
2025-11-27 09:21:46+05:30,1256,171.2,39.4,32.9,54.4,620,25,1,184.1
2025-11-27 09:22:46+05:30,1256,166.7,43.2,33.7,52.5,634,32,5,195.0
2025-11-27 09:23:46+05:30,1256,173.4,40.2,33.4,49.0,639,48,7,190.8
2025-11-27 09:24:46+05:30,1256,175.0,39.0,33.1,49.6,697,25,3,188.8
2025-11-27 09:25:46+05:30,1256,174.0,39.2,33.1,49.5,666,18,2,170.0
2025-11-27 09:26:46+05:30,1256,170.8,41.7,33.4,53.4,637,22,7,192.5
2025-11-27 09:27:46+05:30,1256,165.5,43.9,33.2,57.0,568,38,7,179.8
2025-11-27 09:28:46+05:30,1256,172.0,49.2,33.2,51.7,708,29,2,191.8
2025-11-27 09:29:46+05:30,1256,169.1,39.4,33.7,50.3,649,36,6,167.6
2025-11-27 09:30:46+05:30,1256,170.4,33.6,33.6,53.5,567,44,6,196.3
2025-11-27 09:31:46+05:30,1256,170.5,45.7,33.7,53.6,634,32,4,194.6
2025-11-27 09:32:46+05:30,1256,175.4,37.4,33.5,55.9,711,28,9,186.9
2025-11-27 09:33:46+05:30,1256,168.5,40.7,33.2,50.5,697,31,0,222.7
2025-11-27 09:34:46+05:30,1256,170.6,42.1,33.2,48.0,665,35,3,180.7
2025-11-27 09:35:46+05:30,1256,168.3,42.0,33.2,51.2,683,59,7,181.8
2025-11-27 09:36:46+05:30,1256,171.3,42.2,33.7,51.8,567,49,4,165.1
2025-11-27 09:37:46+05:30,1256,169.0,40.3,32.6,48.5,695,22,6,216.2
2025-11-27 09:38:46+05:30,1256,170.4,37.4,33.0,48.9,664,34,0,238.0
2025-11-27 09:39:46+05:30,1256,165.6,44.3,33.5,52.5,711,30,6,176.7
2025-11-27 09:40:46+05:30,1256,166.2,41.0,32.8,52.3,666,26,5,138.8
2025-11-27 09:41:46+05:30,1256,166.2,41.0,33.0,52.4,695,43,2,162.2
2025-11-27 09:42:46+05:30,1256,171.0,35.6,33.2,48.9,697,27,4,153.2
2025-11-27 09:43:46+05:30,1256,173.5,43.7,33.4,50.9,714,27,5,185.0
2025-11-27 09:44:46+05:30,1256,172.7,40.6,33.4,55.1,703,39,2,136.0
2025-11-27 09:45:46+05:30,1256,170.5,44.3,33.4,57.1,628,28,2,208.2
2025-11-27 09:46:46+05:30,1256,167.8,34.3,33.7,51.6,713,28,3,178.3
2025-11-27 09:47:46+05:30,1256,170.8,43.6,33.5,48.4,689,29,2,207.7
2025-11-27 09:48:46+05:30,1256,166.8,42.5,33.3,48.8,645,25,2,165.9
2025-11-27 09:49:46+05:30,1256,170.4,42.7,33.0,51.2,616,39,2,210.9
2025-11-27 09:50:46+05:30,1256,165.9,39.6,33.0,50.6,763,28,0,191.4
2025-11-27 09:51:46+05:30,1256,170.9,39.5,33.4,55.1,579,36,4,202.2
2025-11-27 09:52:46+05:30,1256,168.6,35.2,33.4,52.9,656,16,6,170.9
2025-11-27 09:53:46+05:30,1256,167.5,38.6,33.3,49.8,667,25,5,176.7
2025-11-27 09:54:46+05:30,1256,174.4,41.4,33.5,52.7,722,31,3,198.4
2025-11-27 09:55:46+05:30,1256,175.1,42.5,33.1,52.2,657,24,2,186.2
2025-11-27 09:56:46+05:30,1256,170.0,40.9,33.5,48.9,698,37,5,176.6
2025-11-27 09:57:46+05:30,1256,171.3,41.8,33.6,49.8,651,34,6,171.2
2025-11-27 09:58:46+05:30,1256,169.5,36.7,33.4,53.5,579,31,6,230.6
2025-11-27 09:59:46+05:30,1256,172.4,39.1,33.1,53.9,673,20,0,154.1
2025-11-27 10:00:46+05:30,1256,166.6,37.2,33.3,48.8,691,30,3,190.5
2025-11-27 10:01:46+05:30,1256,172.4,41.7,33.3,52.8,719,9,0,162.7
2025-11-27 10:02:46+05:30,1256,165.7,41.5,32.9,52.8,621,31,9,177.7
2025-11-27 10:03:46+05:30,1256,172.4,40.2,33.5,53.6,684,36,0,156.3
2025-11-27 10:04:46+05:30,1256,172.7,38.2,33.5,55.7,656,24,15,198.0
2025-11-27 10:05:46+05:30,1256,170.7,43.5,33.3,53.6,629,24,5,193.3
2025-11-27 10:06:46+05:30,1256,172.2,41.4,33.2,53.3,676,24,2,186.0
2025-11-27 10:07:46+05:30,1256,173.7,39.6,33.5,53.3,658,49,3,174.9
2025-11-27 10:08:46+05:30,1256,167.0,43.0,33.8,51.2,774,32,5,178.6
2025-11-27 10:09:46+05:30,1256,171.1,46.4,33.2,53.1,631,14,5,167.4
2025-11-27 10:10:46+05:30,1256,167.6,41.5,33.3,51.5,688,31,2,189.6
2025-11-27 10:11:46+05:30,1256,171.3,38.8,33.3,52.1,720,20,5,201.6
2025-11-27 10:12:46+05:30,1256,166.1,40.3,33.3,47.0,583,17,10,187.0
2025-11-27 10:13:46+05:30,1256,168.9,34.8,32.8,52.3,739,36,6,155.9
2025-11-27 10:14:46+05:30,1256,175.4,39.6,32.8,52.6,684,41,8,191.5
2025-11-27 10:15:46+05:30,1256,171.0,38.8,33.0,50.3,653,27,6,169.9
2025-11-27 10:16:46+05:30,1256,172.2,39.4,33.2,51.4,669,23,0,159.6
2025-11-27 10:17:46+05:30,1256,176.6,42.5,33.4,50.5,699,39,7,190.0
2025-11-27 10:18:46+05:30,1256,167.8,40.5,33.6,51.2,647,37,7,183.5
2025-11-27 10:19:46+05:30,1256,162.3,32.2,33.2,52.4,669,16,6,188.3
2025-11-27 10:20:46+05:30,1256,168.0,40.2,33.5,53.5,677,39,0,178.4
2025-11-27 10:21:46+05:30,1256,168.1,36.9,33.4,50.0,601,28,6,214.0
2025-11-27 10:22:46+05:30,1256,170.5,40.1,33.1,55.5,641,27,3,174.6
2025-11-27 10:23:46+05:30,1256,174.0,38.5,33.1,53.4,623,36,1,181.3
2025-11-27 10:24:46+05:30,1256,166.6,42.8,33.6,53.7,775,32,8,173.2
2025-11-27 10:25:46+05:30,1256,165.0,41.3,33.1,50.4,672,44,2,187.1
2025-11-27 10:26:46+05:30,1256,161.4,38.1,33.5,53.5,591,42,9,198.0
2025-11-27 10:27:46+05:30,1256,173.8,39.4,33.2,52.0,566,48,5,174.2
2025-11-27 10:28:46+05:30,1256,166.6,44.1,33.1,50.5,615,47,2,174.2
2025-11-27 10:29:46+05:30,1256,170.8,41.0,33.2,51.8,602,28,7,165.1
2025-11-27 10:30:46+05:30,1256,171.2,43.7,33.4,54.7,748,15,3,133.6
2025-11-27 10:31:46+05:30,1256,166.9,37.4,32.9,51.1,658,40,8,135.9
2025-11-27 10:32:46+05:30,1256,167.5,39.6,33.4,53.8,746,27,8,168.7
2025-11-27 10:33:46+05:30,1256,168.7,40.0,33.6,53.3,686,14,4,174.4
2025-11-27 10:34:46+05:30,1256,171.0,36.8,33.3,51.9,599,27,5,173.3
2025-11-27 10:35:46+05:30,1256,175.3,40.1,32.9,51.4,697,27,7,172.5
2025-11-27 10:36:46+05:30,1256,173.2,33.4,33.2,51.3,642,35,7,168.1
2025-11-27 10:37:46+05:30,1256,173.1,42.2,33.3,53.9,697,32,4,154.9
2025-11-27 10:38:46+05:30,1256,168.7,40.9,33.5,53.5,599,24,7,147.8
2025-11-27 10:39:46+05:30,1256,165.3,38.9,33.9,52.6,552,53,4,198.8
2025-11-27 10:40:46+05:30,1256,173.6,43.0,33.8,53.1,612,32,6,179.3
2025-11-27 10:41:46+05:30,1256,169.5,40.2,33.4,50.4,666,29,5,180.9
2025-11-27 10:42:46+05:30,1256,168.5,40.6,33.7,46.1,676,21,4,186.4
2025-11-27 10:43:46+05:30,1256,168.3,38.0,32.8,53.1,625,46,0,168.2
2025-11-27 10:44:46+05:30,1256,166.6,40.5,33.2,54.9,659,12,0,192.6
2025-11-27 10:45:46+05:30,1256,171.8,37.2,33.3,51.0,593,41,12,167.5
2025-11-27 10:46:46+05:30,1256,170.2,41.4,33.1,50.7,688,31,5,222.3
2025-11-27 10:47:46+05:30,1256,170.5,37.8,33.3,50.0,659,40,0,172.9
2025-11-27 10:48:46+05:30,1256,174.8,40.8,33.2,52.0,730,27,0,189.3
2025-11-27 10:49:46+05:30,1256,168.8,38.1,33.7,47.3,585,46,0,167.6
2025-11-27 10:50:46+05:30,1256,167.1,38.5,33.3,52.7,701,46,3,185.0
2025-11-27 10:51:46+05:30,1256,174.2,38.9,33.1,54.3,647,32,2,190.4
2025-11-27 10:52:46+05:30,1256,170.0,36.2,33.6,52.5,650,36,0,186.2
2025-11-27 10:53:46+05:30,1256,171.4,44.3,33.3,52.2,655,28,1,201.4
2025-11-27 10:54:46+05:30,1256,167.9,41.2,33.0,51.5,652,30,4,148.7
2025-11-27 10:55:46+05:30,1256,172.1,36.1,33.8,49.5,585,35,3,182.1
2025-11-27 10:56:46+05:30,1256,167.9,37.5,33.4,46.8,636,34,9,154.4
2025-11-27 10:57:46+05:30,1256,169.1,38.1,33.6,49.7,571,7,0,138.6
2025-11-27 10:58:46+05:30,1256,164.1,31.7,33.4,51.9,663,17,4,143.1
2025-11-27 10:59:46+05:30,1256,169.7,34.9,33.4,52.2,693,62,5,196.5
2025-11-27 11:00:46+05:30,1256,171.5,40.6,33.2,51.0,635,12,9,189.8
2025-11-27 11:01:46+05:30,1256,171.1,40.1,34.1,50.0,536,37,3,196.9
2025-11-27 11:02:46+05:30,1256,171.4,34.1,33.7,50.2,694,27,6,181.4
2025-11-27 11:03:46+05:30,1256,168.6,37.9,33.0,52.6,639,15,1,171.0
2025-11-27 11:04:46+05:30,1256,171.1,34.5,33.4,56.2,717,33,2,208.3
2025-11-27 11:05:46+05:30,1256,174.0,43.6,33.5,52.1,704,26,3,189.6
2025-11-27 11:06:46+05:30,1256,168.7,43.6,33.5,50.0,628,43,0,190.1
2025-11-27 11:07:46+05:30,1256,171.0,43.9,33.1,51.2,637,37,3,196.8
2025-11-27 11:08:46+05:30,1256,172.3,42.1,33.3,52.2,697,33,1,206.0
2025-11-27 11:09:46+05:30,1256,171.1,39.3,33.7,49.9,600,36,5,175.6
2025-11-27 11:10:46+05:30,1256,171.7,42.5,32.9,53.4,687,2,4,180.3
2025-11-27 11:11:46+05:30,1256,172.7,39.6,33.2,52.0,650,26,4,163.4
2025-11-27 11:12:46+05:30,1256,169.7,41.7,33.0,54.3,620,46,8,201.1
2025-11-27 11:13:46+05:30,1256,167.5,38.7,33.2,54.5,681,20,6,164.7
2025-11-27 11:14:46+05:30,1256,171.7,41.8,33.1,49.1,718,16,6,166.1
2025-11-27 11:15:46+05:30,1256,168.9,41.6,33.3,53.1,775,38,1,130.2
2025-11-27 11:16:46+05:30,1256,170.4,41.4,33.5,55.3,631,15,3,191.3
2025-11-27 11:17:46+05:30,1256,172.4,45.6,33.1,50.8,609,51,0,170.4
2025-11-27 11:18:46+05:30,1256,166.2,43.0,33.8,51.0,646,57,0,173.4
2025-11-27 11:19:46+05:30,1256,168.4,36.4,32.9,48.9,589,17,5,127.6
2025-11-27 11:20:46+05:30,1256,168.6,41.0,32.9,51.8,673,28,2,138.6
2025-11-27 11:21:46+05:30,1256,169.3,42.9,33.1,51.0,623,33,2,190.0
2025-11-27 11:22:46+05:30,1256,168.9,38.8,33.6,50.5,573,39,4,175.5
2025-11-27 11:23:46+05:30,1256,169.2,39.1,32.9,51.9,649,1,3,201.8
2025-11-27 11:24:46+05:30,1256,167.0,37.1,33.4,52.4,697,22,3,192.6
2025-11-27 11:25:46+05:30,1256,171.1,40.9,32.8,50.1,645,30,0,185.0
2025-11-27 11:26:46+05:30,1256,170.8,41.4,33.0,50.3,678,28,5,193.1
2025-11-27 11:27:46+05:30,1256,169.6,34.1,34.2,54.0,619,24,5,179.3
2025-11-27 11:28:46+05:30,1256,171.2,38.7,33.1,52.2,667,41,7,160.6
2025-11-27 11:29:46+05:30,1256,171.1,36.8,33.0,55.0,671,19,4,155.3
2025-11-27 11:30:46+05:30,1256,171.5,46.0,34.1,50.3,638,32,4,163.6
2025-11-27 11:31:46+05:30,1256,170.7,44.4,32.9,53.9,531,28,5,196.4
2025-11-27 11:32:46+05:30,1256,165.3,39.2,33.2,50.7,728,31,0,115.5
2025-11-27 11:33:46+05:30,1256,177.6,39.8,33.6,52.0,650,41,7,202.0
2025-11-27 11:34:46+05:30,1256,172.6,41.4,33.3,53.4,587,31,5,191.9
2025-11-27 11:35:46+05:30,1256,179.0,40.4,33.1,51.8,714,31,7,159.3
2025-11-27 11:36:46+05:30,1256,170.0,38.4,33.1,50.5,583,54,1,184.5
2025-11-27 11:37:46+05:30,1256,168.7,40.3,33.4,51.4,542,26,2,154.6
2025-11-27 11:38:46+05:30,1256,171.0,43.5,33.5,55.4,625,34,1,153.5
2025-11-27 11:39:46+05:30,1256,171.6,37.8,33.3,52.1,637,34,0,243.4
2025-11-27 11:40:46+05:30,1256,168.2,38.0,33.3,51.6,760,31,7,181.3
2025-11-27 11:41:46+05:30,1256,172.5,34.8,33.4,50.5,567,30,10,122.1
2025-11-27 11:42:46+05:30,1256,170.7,37.9,32.9,52.1,624,27,0,188.0
2025-11-27 11:43:46+05:30,1256,169.2,37.3,33.1,56.6,667,37,2,174.0
2025-11-27 11:44:46+05:30,1256,172.7,44.9,33.6,51.2,530,9,6,169.8
2025-11-27 11:45:46+05:30,1256,168.1,40.0,33.3,50.6,606,24,12,203.3
2025-11-27 11:46:46+05:30,1256,172.8,38.3,33.2,52.0,644,28,3,196.8
2025-11-27 11:47:46+05:30,1256,171.8,45.9,33.4,52.4,704,32,5,200.3
2025-11-27 11:48:46+05:30,1256,171.1,42.2,33.2,52.8,660,21,8,204.5
2025-11-27 11:49:46+05:30,1256,173.7,38.3,33.6,50.6,628,24,4,208.1
2025-11-27 11:50:46+05:30,1256,168.7,42.2,33.7,53.0,688,35,3,178.0
2025-11-27 11:51:46+05:30,1256,167.1,43.6,33.8,53.3,717,48,6,182.1
2025-11-27 11:52:46+05:30,1256,168.0,42.3,33.3,51.9,627,28,2,207.5
2025-11-27 11:53:46+05:30,1256,169.0,41.5,32.7,52.8,660,42,10,168.5
2025-11-27 11:54:46+05:30,1256,170.3,44.1,33.2,52.5,621,23,4,177.1
2025-11-27 11:55:46+05:30,1256,170.4,39.1,33.6,53.7,640,46,0,199.4
2025-11-27 11:56:46+05:30,1256,164.4,40.6,33.5,50.5,693,24,3,199.1
2025-11-27 11:57:46+05:30,1256,170.7,40.4,32.8,47.8,643,27,4,168.2
2025-11-27 11:58:46+05:30,1256,167.8,35.2,33.2,50.6,789,21,8,164.1
2025-11-27 11:59:46+05:30,1256,168.5,44.9,33.3,53.4,581,32,5,201.2
2025-11-27 12:00:46+05:30,1256,167.6,41.7,33.6,52.0,661,34,5,183.4
2025-11-27 12:01:46+05:30,1256,170.6,40.7,33.5,50.5,614,25,0,161.4
2025-11-27 12:02:46+05:30,1256,166.2,44.4,33.5,52.7,574,29,5,183.0
2025-11-27 12:03:46+05:30,1256,166.9,35.9,33.6,52.7,587,28,7,165.4
2025-11-27 12:04:46+05:30,1256,170.5,43.2,33.2,53.4,710,18,2,189.9
2025-11-27 12:05:46+05:30,1256,169.5,41.2,33.7,50.7,652,24,4,152.4
2025-11-27 12:06:46+05:30,1256,170.4,42.5,32.3,50.2,651,30,10,161.9
2025-11-27 12:07:46+05:30,1256,174.7,44.1,33.3,53.3,574,6,3,203.3
2025-11-27 12:08:46+05:30,1256,167.9,38.8,33.1,53.6,698,42,5,176.7
2025-11-27 12:09:46+05:30,1256,170.1,38.5,33.0,48.5,670,51,6,173.1
2025-11-27 12:10:46+05:30,1256,168.9,36.0,33.4,53.1,705,31,0,157.5
2025-11-27 12:11:46+05:30,1256,167.6,41.3,33.1,53.8,604,12,11,173.5
2025-11-27 12:12:46+05:30,1256,176.5,34.1,33.6,51.2,594,25,7,177.7
2025-11-27 12:13:46+05:30,1256,173.2,37.1,33.0,51.3,675,25,4,215.7
2025-11-27 12:14:46+05:30,1256,175.8,41.4,33.5,52.5,654,42,4,187.3
2025-11-27 12:15:46+05:30,1256,170.6,46.5,33.1,52.4,682,41,4,174.6
2025-11-27 12:16:46+05:30,1256,163.0,31.0,33.0,50.2,670,24,3,154.2
2025-11-27 12:17:46+05:30,1256,171.7,36.3,33.2,51.9,624,9,5,179.3
2025-11-27 12:18:46+05:30,1256,172.6,39.8,32.9,49.8,695,33,3,166.4
2025-11-27 12:19:46+05:30,1256,168.8,37.1,33.2,53.1,585,39,3,166.7
2025-11-27 12:20:46+05:30,1256,170.0,39.0,33.8,54.2,698,27,2,175.4
2025-11-27 12:21:46+05:30,1256,171.6,47.7,33.2,49.4,681,27,2,195.4
2025-11-27 12:22:46+05:30,1256,171.0,42.3,33.4,53.1,579,36,1,147.7
2025-11-27 12:23:46+05:30,1256,164.0,43.7,32.9,54.7,644,28,9,160.3
2025-11-27 12:24:46+05:30,1256,167.9,38.6,33.0,51.6,685,41,0,191.0
2025-11-27 12:25:46+05:30,1256,172.8,40.0,33.3,52.0,572,24,6,204.9
2025-11-27 12:26:46+05:30,1256,170.3,41.9,33.1,48.8,659,30,0,181.6
2025-11-27 12:27:46+05:30,1256,169.9,40.1,33.3,51.8,741,24,9,167.4
2025-11-27 12:28:46+05:30,1256,169.0,41.7,33.3,52.2,619,29,5,187.9
2025-11-27 12:29:46+05:30,1256,166.9,41.9,33.3,51.9,630,22,1,203.3
2025-11-27 12:30:46+05:30,1256,165.3,38.8,32.9,52.6,728,37,1,156.7
2025-11-27 12:31:46+05:30,1256,167.7,44.9,32.7,53.2,620,32,6,177.4
2025-11-27 12:32:46+05:30,1256,172.6,44.5,33.1,54.9,620,33,6,190.2
2025-11-27 12:33:46+05:30,1256,166.8,40.6,33.7,52.8,693,8,3,162.7
2025-11-27 12:34:46+05:30,1256,168.5,42.2,33.1,54.7,674,36,5,171.1
2025-11-27 12:35:46+05:30,1256,169.0,40.2,33.2,50.6,643,32,0,198.8
2025-11-27 12:36:46+05:30,1256,167.9,42.9,33.3,51.0,600,26,8,183.8
2025-11-27 12:37:46+05:30,1256,166.8,39.2,33.7,54.2,703,13,0,180.7
2025-11-27 12:38:46+05:30,1256,163.7,46.9,32.8,52.7,640,33,3,176.4
2025-11-27 12:39:46+05:30,1256,163.4,42.7,33.6,52.5,598,25,5,200.5
2025-11-27 12:40:46+05:30,1256,169.7,40.5,33.2,50.8,740,48,4,188.9
2025-11-27 12:41:46+05:30,1256,165.9,39.7,33.7,53.8,755,42,6,190.8
2025-11-27 12:42:46+05:30,1256,168.4,45.1,33.5,51.2,660,42,4,186.0
2025-11-27 12:43:46+05:30,1256,169.6,40.3,33.2,52.6,713,35,10,180.6
2025-11-27 12:44:46+05:30,1256,173.3,39.3,33.6,48.1,553,37,0,184.4
2025-11-27 12:45:46+05:30,1256,170.0,38.5,33.8,52.6,578,44,7,188.3
2025-11-27 12:46:46+05:30,1256,167.1,38.6,33.1,53.0,578,31,5,192.8
2025-11-27 12:47:46+05:30,1256,166.2,45.4,33.1,52.1,644,27,4,189.7
2025-11-27 12:48:46+05:30,1256,170.3,41.3,33.2,51.5,499,47,3,187.9
2025-11-27 12:49:46+05:30,1256,168.0,39.3,33.0,50.9,732,37,0,174.7
2025-11-27 12:50:46+05:30,1256,169.6,36.4,33.1,56.3,520,32,6,192.9
2025-11-27 12:51:46+05:30,1256,169.8,41.3,34.0,50.4,648,37,3,157.6
2025-11-27 12:52:46+05:30,1256,174.0,43.3,33.4,54.1,530,40,6,156.8
2025-11-27 12:53:46+05:30,1256,175.3,40.5,33.3,52.6,670,29,5,203.1
2025-11-27 12:54:46+05:30,1256,170.5,33.3,33.3,51.4,583,27,4,189.3
2025-11-27 12:55:46+05:30,1256,166.1,42.5,33.4,52.7,675,34,2,178.9
2025-11-27 12:56:46+05:30,1256,170.2,40.5,33.4,48.2,676,26,3,210.8
2025-11-27 12:57:46+05:30,1256,169.2,46.2,33.3,56.4,583,32,5,164.5
2025-11-27 12:58:46+05:30,1256,172.2,35.0,33.0,52.1,633,30,5,186.5
2025-11-27 12:59:46+05:30,1256,165.9,35.2,33.3,52.0,654,51,2,198.1
2025-11-27 13:00:46+05:30,1256,175.8,32.2,33.4,51.0,665,45,4,178.0
2025-11-27 13:01:46+05:30,1256,168.0,37.8,33.7,50.9,707,17,0,196.6
2025-11-27 13:02:46+05:30,1256,174.4,39.1,33.5,50.3,600,18,3,189.1
2025-11-27 13:03:46+05:30,1256,171.7,44.1,33.3,51.6,543,27,5,141.8
2025-11-27 13:04:46+05:30,1256,171.6,41.3,33.2,49.0,515,24,8,193.6
2025-11-27 13:05:46+05:30,1256,175.0,41.0,33.3,54.9,648,43,0,186.2
2025-11-27 13:06:46+05:30,1256,171.8,34.8,33.2,47.9,624,39,4,146.4
2025-11-27 13:07:46+05:30,1256,167.4,40.2,33.6,50.3,627,19,5,156.3
2025-11-27 13:08:46+05:30,1256,169.2,35.9,33.1,49.7,666,34,5,150.6
2025-11-27 13:09:46+05:30,1256,174.8,38.8,32.9,53.4,675,29,8,186.1
2025-11-27 13:10:46+05:30,1256,167.2,36.6,32.9,52.0,677,12,2,220.6
2025-11-27 13:11:46+05:30,1256,169.5,39.5,33.5,55.1,749,2,0,206.4
2025-11-27 13:12:46+05:30,1256,165.1,35.6,32.9,52.2,627,31,6,166.7
2025-11-27 13:13:46+05:30,1256,168.3,39.0,33.8,52.1,676,24,0,220.4
2025-11-27 13:14:46+05:30,1256,166.4,40.4,33.2,50.4,569,38,2,184.9
2025-11-27 13:15:46+05:30,1256,169.5,41.4,33.4,50.9,595,36,6,168.6
2025-11-27 13:16:46+05:30,1256,167.6,39.9,32.9,55.9,733,25,0,186.3
2025-11-27 13:17:46+05:30,1256,171.8,41.3,33.0,51.4,590,21,4,208.0
2025-11-27 13:18:46+05:30,1256,175.5,39.6,33.2,46.1,622,33,5,179.5
2025-11-27 13:19:46+05:30,1256,171.8,43.5,33.5,49.5,662,29,1,141.9
2025-11-27 13:20:46+05:30,1256,169.0,36.7,33.5,53.5,694,34,0,211.7
2025-11-27 13:21:46+05:30,1256,168.0,39.0,33.4,51.5,674,11,4,168.5
2025-11-27 13:22:46+05:30,1256,168.6,36.1,33.3,52.7,705,29,10,179.4
2025-11-27 13:23:46+05:30,1256,172.0,38.9,33.7,48.8,712,27,10,200.9
2025-11-27 13:24:46+05:30,1256,165.6,44.0,33.4,58.0,688,24,8,147.0
2025-11-27 13:25:46+05:30,1256,174.0,36.8,33.4,51.2,613,28,1,171.2
2025-11-27 13:26:46+05:30,1256,171.0,37.5,33.4,52.0,689,34,3,139.4
2025-11-27 13:27:46+05:30,1256,165.6,38.5,32.8,54.0,691,45,2,134.7
2025-11-27 13:28:46+05:30,1256,169.3,38.2,33.0,53.0,703,35,5,214.5
2025-11-27 13:29:46+05:30,1256,171.7,43.0,33.3,51.2,676,15,2,163.0
2025-11-27 13:30:46+05:30,1256,172.0,37.5,33.5,51.9,759,16,0,162.9
2025-11-27 13:31:46+05:30,1256,171.0,43.7,33.0,54.4,613,34,2,221.9
2025-11-27 13:32:46+05:30,1256,169.9,38.9,33.5,50.3,667,32,5,166.2
2025-11-27 13:33:46+05:30,1256,168.1,39.4,33.1,50.6,696,39,4,165.4
2025-11-27 13:34:46+05:30,1256,168.8,43.5,33.6,53.2,652,36,7,174.0
2025-11-27 13:35:46+05:30,1256,173.6,40.4,32.9,52.3,621,15,5,171.7
2025-11-27 13:36:46+05:30,1256,167.8,37.9,33.5,53.2,628,35,1,159.1
2025-11-27 13:37:46+05:30,1256,174.8,38.5,32.9,53.5,640,31,3,170.0
2025-11-27 13:38:46+05:30,1256,169.7,43.0,33.1,51.1,657,39,5,217.8
2025-11-27 13:39:46+05:30,1256,172.0,40.3,33.5,54.5,590,12,5,192.8
2025-11-27 13:40:46+05:30,1256,171.8,37.7,32.7,51.8,652,34,4,166.8
2025-11-27 13:41:46+05:30,1256,167.6,39.1,33.5,51.2,623,38,4,193.7
2025-11-27 13:42:46+05:30,1256,176.5,41.4,32.9,50.5,614,38,5,178.6
2025-11-27 13:43:46+05:30,1256,171.7,39.4,33.6,49.0,700,35,1,166.7
2025-11-27 13:44:46+05:30,1256,168.7,44.2,33.0,52.3,614,29,8,164.2
2025-11-27 13:45:46+05:30,1256,170.7,47.6,33.2,51.3,736,16,4,192.9
2025-11-27 13:46:46+05:30,1256,168.1,34.9,33.3,50.9,661,35,5,170.4
2025-11-27 13:47:46+05:30,1256,168.4,40.8,32.8,52.2,606,40,1,168.0
2025-11-27 13:48:46+05:30,1256,168.7,39.8,33.4,54.0,668,23,9,203.7
2025-11-27 13:49:46+05:30,1256,162.6,41.1,33.8,50.2,645,47,3,160.8
2025-11-27 13:50:46+05:30,1256,169.7,39.9,33.4,55.9,637,13,8,200.7
2025-11-27 13:51:46+05:30,1256,171.0,40.8,33.3,50.6,640,47,5,170.3
2025-11-27 13:52:46+05:30,1256,167.6,40.9,33.3,51.6,593,30,7,205.2
2025-11-27 13:53:46+05:30,1256,169.3,41.2,32.9,52.2,733,34,5,182.7
2025-11-27 13:54:46+05:30,1256,169.9,43.5,33.6,51.8,675,33,4,211.7
2025-11-27 13:55:46+05:30,1256,167.9,46.5,33.1,50.0,689,23,4,173.6
2025-11-27 13:56:46+05:30,1256,170.8,37.5,33.6,49.9,694,26,6,179.1
2025-11-27 13:57:46+05:30,1256,172.4,38.9,33.4,49.9,647,28,3,195.4
2025-11-27 13:58:46+05:30,1256,170.3,40.2,33.5,52.9,661,24,11,134.4
2025-11-27 13:59:46+05:30,1256,170.8,40.9,33.4,49.5,665,38,7,140.4
2025-11-27 14:00:46+05:30,1256,168.8,40.8,33.2,54.4,617,37,9,168.7
2025-11-27 14:01:46+05:30,1256,168.3,32.7,33.0,47.7,631,38,0,177.8
2025-11-27 14:02:46+05:30,1256,173.8,44.0,33.4,51.3,587,38,3,203.5
2025-11-27 14:03:46+05:30,1256,166.7,41.8,33.1,52.0,566,33,4,203.3
2025-11-27 14:04:46+05:30,1256,173.4,38.8,33.2,52.0,597,20,4,179.8
2025-11-27 14:05:46+05:30,1256,170.5,46.2,33.0,50.9,716,11,4,187.7
2025-11-27 14:06:46+05:30,1256,163.8,39.3,32.8,49.7,669,28,3,230.3
2025-11-27 14:07:46+05:30,1256,169.7,35.7,33.5,49.8,585,29,2,179.3
2025-11-27 14:08:46+05:30,1256,172.9,40.7,33.9,52.1,693,38,5,203.1
2025-11-27 14:09:46+05:30,1256,169.2,40.0,33.3,49.6,694,19,7,180.6
2025-11-27 14:10:46+05:30,1256,168.5,39.7,32.9,50.9,688,23,4,142.7
2025-11-27 14:11:46+05:30,1256,164.8,42.1,33.6,52.3,732,30,6,219.9
2025-11-27 14:12:46+05:30,1256,173.4,41.8,33.6,51.5,663,16,5,186.3
2025-11-27 14:13:46+05:30,1256,167.6,35.3,33.4,51.6,708,31,7,193.0
2025-11-27 14:14:46+05:30,1256,166.4,38.4,33.7,53.6,679,18,5,177.4
2025-11-27 14:15:46+05:30,1256,168.5,40.4,32.8,52.8,641,27,9,182.1
2025-11-27 14:16:46+05:30,1256,172.3,34.6,32.8,54.8,653,24,6,217.0
2025-11-27 14:17:46+05:30,1256,173.8,39.7,33.6,56.0,716,34,4,159.7
2025-11-27 14:18:46+05:30,1256,168.4,39.2,33.2,53.6,583,27,5,207.8
2025-11-27 14:19:46+05:30,1256,169.2,42.4,33.3,52.8,577,11,7,212.5
2025-11-27 14:20:46+05:30,1256,173.0,37.6,33.3,50.5,579,38,0,172.9
2025-11-27 14:21:46+05:30,1256,174.1,41.2,33.0,53.4,624,30,8,177.7
2025-11-27 14:22:46+05:30,1256,166.7,40.5,33.0,50.9,623,18,4,140.9
2025-11-27 14:23:46+05:30,1256,172.0,35.0,33.5,46.2,585,35,3,190.0
2025-11-27 14:24:46+05:30,1256,167.1,39.8,32.9,52.2,628,20,0,189.7
2025-11-27 14:25:46+05:30,1256,173.4,42.7,33.0,51.7,668,26,0,237.7
2025-11-27 14:26:46+05:30,1256,170.2,43.9,33.1,50.6,629,30,7,172.8
2025-11-27 14:27:46+05:30,1256,167.8,35.4,32.9,48.3,674,30,6,188.1
2025-11-27 14:28:46+05:30,1256,164.1,44.0,33.3,49.3,633,28,5,188.1
2025-11-27 14:29:46+05:30,1256,168.0,37.0,33.3,52.6,625,25,4,158.0
2025-11-27 14:30:46+05:30,1256,172.6,41.9,33.2,49.4,581,26,5,176.4
2025-11-27 14:31:46+05:30,1256,172.9,41.0,33.1,51.6,607,41,7,184.6
2025-11-27 14:32:46+05:30,1256,170.5,36.0,34.2,52.6,615,36,6,178.1
2025-11-27 14:33:46+05:30,1256,168.2,41.7,33.2,48.1,605,23,5,198.3
2025-11-27 14:34:46+05:30,1256,172.5,43.8,33.5,52.5,622,31,5,193.6
2025-11-27 14:35:46+05:30,1256,167.8,34.9,33.4,50.1,606,29,0,201.0
2025-11-27 14:36:46+05:30,1256,177.1,40.9,33.4,52.0,731,37,3,167.5
2025-11-27 14:37:46+05:30,1256,170.1,37.3,33.5,53.0,597,25,3,185.5
2025-11-27 14:38:46+05:30,1256,168.7,39.0,33.8,47.0,661,29,4,195.7
2025-11-27 14:39:46+05:30,1256,169.9,40.3,33.5,50.9,667,32,5,175.7
2025-11-27 14:40:46+05:30,1256,170.1,41.1,33.4,52.8,674,40,11,178.6
2025-11-27 14:41:46+05:30,1256,172.4,39.4,33.3,51.5,607,21,6,191.4
2025-11-27 14:42:46+05:30,1256,169.3,39.6,33.1,49.2,629,38,5,175.1
2025-11-27 14:43:46+05:30,1256,170.9,42.6,33.1,50.2,739,30,3,171.1
2025-11-27 14:44:46+05:30,1256,161.0,39.9,33.1,54.9,656,35,1,184.5
2025-11-27 14:45:46+05:30,1256,170.4,37.3,33.6,51.5,689,47,2,182.8
2025-11-27 14:46:46+05:30,1256,166.0,39.2,33.4,50.7,539,29,3,177.6
2025-11-27 14:47:46+05:30,1256,168.7,37.2,33.4,47.4,733,28,9,136.5
2025-11-27 14:48:46+05:30,1256,164.9,39.0,33.3,54.0,605,35,4,191.4
2025-11-27 14:49:46+05:30,1256,170.5,34.2,33.6,52.8,596,17,2,150.3
2025-11-27 14:50:46+05:30,1256,173.3,37.0,33.4,50.6,636,35,3,159.5
2025-11-27 14:51:46+05:30,1256,176.1,41.7,32.9,54.5,583,45,8,193.3
2025-11-27 14:52:46+05:30,1256,171.6,37.2,33.8,53.3,573,50,7,171.0
2025-11-27 14:53:46+05:30,1256,166.5,39.8,33.3,52.4,639,29,8,205.2
2025-11-27 14:54:46+05:30,1256,169.4,41.1,33.5,53.3,566,5,8,178.0
2025-11-27 14:55:46+05:30,1256,168.0,42.1,33.2,51.0,679,36,8,197.1
2025-11-27 14:56:46+05:30,1256,174.8,41.0,33.8,54.4,537,16,8,183.3
2025-11-27 14:57:46+05:30,1256,172.9,46.0,33.1,50.2,640,37,10,208.8
2025-11-27 14:58:46+05:30,1256,171.4,40.0,33.2,52.6,649,41,4,139.5
2025-11-27 14:59:46+05:30,1256,172.5,44.6,33.5,53.5,609,19,4,164.1
2025-11-27 15:00:46+05:30,1256,166.7,39.1,34.4,50.8,647,25,6,155.9
2025-11-27 15:01:46+05:30,1256,168.4,38.5,33.3,54.6,523,15,0,188.4
2025-11-27 15:02:46+05:30,1256,168.8,39.7,33.6,55.1,746,32,8,174.9
2025-11-27 15:03:46+05:30,1256,164.4,42.2,33.6,50.2,576,28,9,166.2
2025-11-27 15:04:46+05:30,1256,172.4,35.0,33.1,50.2,660,53,5,185.8
2025-11-27 15:05:46+05:30,1256,166.8,42.4,33.1,52.1,784,13,4,163.8
2025-11-27 15:06:46+05:30,1256,171.3,40.6,32.9,53.3,723,32,5,178.8
2025-11-27 15:07:46+05:30,1256,165.5,36.1,33.3,48.6,803,36,4,190.0
2025-11-27 15:08:46+05:30,1256,173.2,37.8,32.5,52.5,619,27,2,200.6
2025-11-27 15:09:46+05:30,1256,170.9,39.0,33.0,50.1,678,26,6,174.6
2025-11-27 15:10:46+05:30,1256,170.5,42.3,33.4,56.3,672,19,7,173.2
2025-11-27 15:11:46+05:30,1256,166.6,34.3,33.3,55.8,566,23,9,206.4
2025-11-27 15:12:46+05:30,1256,170.0,38.2,33.3,51.2,603,37,1,219.2
2025-11-27 15:13:46+05:30,1256,168.7,42.8,32.7,50.6,759,19,5,177.1
2025-11-27 15:14:46+05:30,1256,174.2,39.6,33.6,52.3,629,6,3,155.3
2025-11-27 15:15:46+05:30,1256,174.8,38.3,33.5,52.1,582,39,3,146.1
2025-11-27 15:16:46+05:30,1256,172.2,41.5,33.8,55.2,631,2,11,171.5
2025-11-27 15:17:46+05:30,1256,169.5,40.8,33.5,53.1,577,9,8,225.0
2025-11-27 15:18:46+05:30,1256,169.6,40.6,33.3,51.8,622,36,9,162.6
2025-11-27 15:19:46+05:30,1256,169.9,37.3,33.4,50.9,715,40,1,173.4
2025-11-27 15:20:46+05:30,1256,172.1,35.5,33.8,52.4,688,21,8,182.2
2025-11-27 15:21:46+05:30,1256,170.2,37.3,33.6,55.3,554,16,4,125.3
2025-11-27 15:22:46+05:30,1256,176.4,44.5,33.0,50.7,671,64,1,193.0
2025-11-27 15:23:46+05:30,1256,172.1,39.7,33.4,49.7,642,9,8,168.3
2025-11-27 15:24:46+05:30,1256,172.8,43.3,33.7,50.3,635,47,7,195.6
2025-11-27 15:25:46+05:30,1256,168.2,40.6,33.4,54.8,609,24,8,217.0
2025-11-27 15:26:46+05:30,1256,172.1,38.0,33.8,46.0,640,36,5,159.0
2025-11-27 15:27:46+05:30,1256,168.8,35.9,33.1,51.3,619,36,7,177.6
2025-11-27 15:28:46+05:30,1256,171.4,41.3,33.3,49.4,491,24,2,173.9
2025-11-27 15:29:46+05:30,1256,171.4,39.0,33.6,56.3,614,12,5,185.7
2025-11-27 15:30:46+05:30,1256,169.0,39.2,33.8,50.5,617,34,2,192.5
2025-11-27 15:31:46+05:30,1256,171.4,36.2,33.3,50.3,665,40,1,166.3
2025-11-27 15:32:46+05:30,1256,172.0,43.0,33.1,53.2,631,25,6,151.1
2025-11-27 15:33:46+05:30,1256,175.6,41.8,33.1,51.7,626,36,4,179.9
2025-11-27 15:34:46+05:30,1256,168.9,35.1,33.2,54.1,672,36,5,197.2
2025-11-27 15:35:46+05:30,1256,171.8,45.6,33.7,53.2,631,23,6,157.4
2025-11-27 15:36:46+05:30,1256,169.7,39.0,32.9,52.3,677,31,0,165.2
2025-11-27 15:37:46+05:30,1256,175.4,42.5,32.9,53.7,568,25,2,214.1
2025-11-27 15:38:46+05:30,1256,174.6,37.5,32.9,51.5,640,32,6,196.6
2025-11-27 15:39:46+05:30,1256,169.8,41.4,33.3,51.8,720,39,10,172.4
2025-11-27 15:40:46+05:30,1256,166.8,46.8,33.1,56.7,641,28,6,188.8
2025-11-27 15:41:46+05:30,1256,170.5,38.5,33.3,50.5,642,20,5,184.6
2025-11-27 15:42:46+05:30,1256,173.2,41.7,33.6,54.8,637,34,0,202.2
2025-11-27 15:43:46+05:30,1256,171.1,38.9,33.7,50.8,719,51,2,156.4
2025-11-27 15:44:46+05:30,1256,169.4,42.1,33.1,50.2,681,36,3,179.0
2025-11-27 15:45:46+05:30,1256,173.8,38.6,33.7,49.7,711,22,9,170.9
2025-11-27 15:46:46+05:30,1256,169.3,39.3,33.4,53.7,699,47,6,185.6
2025-11-27 15:47:46+05:30,1256,173.3,42.0,33.4,48.3,599,16,8,160.4
2025-11-27 15:48:46+05:30,1256,161.8,42.3,33.1,54.8,609,27,8,185.7
2025-11-27 15:49:46+05:30,1256,171.6,43.6,33.4,53.0,603,20,0,169.0
2025-11-27 15:50:46+05:30,1256,171.0,40.6,33.1,52.9,659,37,7,181.3
2025-11-27 15:51:46+05:30,1256,171.2,38.9,33.3,53.3,652,32,0,146.1
2025-11-27 15:52:46+05:30,1256,174.6,38.9,33.2,47.0,695,20,1,162.3
2025-11-27 15:53:46+05:30,1256,170.5,39.7,33.2,50.8,735,44,0,175.3
2025-11-27 15:54:46+05:30,1256,170.8,42.1,33.4,51.2,765,22,5,184.8
2025-11-27 15:55:46+05:30,1256,169.0,40.1,33.4,52.1,641,15,4,189.0
2025-11-27 15:56:46+05:30,1256,172.7,41.2,32.9,54.2,584,23,7,177.8
2025-11-27 15:57:46+05:30,1256,171.2,43.6,32.9,54.3,656,32,6,191.0
2025-11-27 15:58:46+05:30,1256,168.8,42.3,33.3,51.4,606,20,3,191.9
2025-11-27 15:59:46+05:30,1256,170.6,39.7,32.7,51.7,632,40,6,221.2
2025-11-27 16:00:46+05:30,1256,170.0,38.2,33.1,51.4,661,29,8,160.2
2025-11-27 16:01:46+05:30,1256,174.0,38.8,33.8,48.0,617,46,0,198.7
2025-11-27 16:02:46+05:30,1256,167.4,34.8,33.7,52.1,635,22,1,212.6
2025-11-27 16:03:46+05:30,1256,165.0,42.5,33.5,54.1,553,25,4,203.3
2025-11-27 16:04:46+05:30,1256,168.3,40.3,33.9,51.0,644,40,1,158.8
2025-11-27 16:05:46+05:30,1256,173.5,44.2,33.6,53.1,660,50,6,166.9
2025-11-27 16:06:46+05:30,1256,174.5,40.3,33.1,53.9,709,19,7,174.5
2025-11-27 16:07:46+05:30,1256,166.5,46.7,33.5,53.2,586,21,0,156.6
2025-11-27 16:08:46+05:30,1256,170.1,37.1,32.9,49.7,659,26,1,179.2
2025-11-27 16:09:46+05:30,1256,169.9,45.2,33.3,49.2,756,33,5,170.6
2025-11-27 16:10:46+05:30,1256,174.2,38.3,33.2,50.8,658,37,1,195.2
2025-11-27 16:11:46+05:30,1256,173.6,38.2,33.5,54.1,694,20,5,188.5
2025-11-27 16:12:46+05:30,1256,173.1,46.8,33.0,49.7,646,22,5,183.3
2025-11-27 16:13:46+05:30,1256,166.5,46.4,32.7,53.3,669,32,6,178.0
2025-11-27 16:14:46+05:30,1256,161.7,41.5,33.5,49.8,668,35,3,188.1
2025-11-27 16:15:46+05:30,1256,171.9,41.1,33.0,52.7,601,15,4,168.3
2025-11-27 16:16:46+05:30,1256,167.8,36.1,33.4,54.7,597,28,5,156.6
2025-11-27 16:17:46+05:30,1256,164.9,35.3,33.5,54.0,672,21,3,168.0
2025-11-27 16:18:46+05:30,1256,169.5,40.4,33.3,53.8,639,31,6,194.9
2025-11-27 16:19:46+05:30,1256,169.7,38.1,33.5,51.4,733,21,4,151.0
2025-11-27 16:20:46+05:30,1256,169.9,39.7,33.4,48.8,645,40,4,186.5
2025-11-27 16:21:46+05:30,1256,169.5,42.5,33.0,51.0,715,42,6,210.4
2025-11-27 16:22:46+05:30,1256,172.7,42.6,32.9,52.8,630,41,11,193.8
2025-11-27 16:23:46+05:30,1256,169.7,41.6,33.7,54.2,705,31,2,157.7
2025-11-27 16:24:46+05:30,1256,172.8,41.1,33.4,55.0,629,27,0,184.7
2025-11-27 16:25:46+05:30,1256,167.8,39.7,33.1,52.1,561,33,10,181.4
2025-11-27 16:26:46+05:30,1256,164.5,43.1,33.2,52.0,682,29,6,163.5
2025-11-27 16:27:46+05:30,1256,164.5,42.1,33.6,52.9,628,31,4,199.8
2025-11-27 16:28:46+05:30,1256,171.2,43.1,33.4,50.3,606,43,5,150.9
2025-11-27 16:29:46+05:30,1256,164.9,38.4,33.0,57.7,521,39,11,180.8
2025-11-27 16:30:46+05:30,1256,169.5,42.4,33.2,50.3,689,8,7,167.1
2025-11-27 16:31:46+05:30,1256,169.6,41.9,33.8,51.8,654,45,4,200.0
2025-11-27 16:32:46+05:30,1256,174.1,37.5,33.3,47.6,701,40,1,184.4
2025-11-27 16:33:46+05:30,1256,172.4,43.4,32.8,56.0,658,23,6,187.9
2025-11-27 16:34:46+05:30,1256,163.8,38.4,33.6,53.5,713,28,11,143.7
2025-11-27 16:35:46+05:30,1256,167.6,37.6,33.1,49.5,610,22,9,191.9
2025-11-27 16:36:46+05:30,1256,171.3,38.1,32.9,49.5,549,39,0,155.2
2025-11-27 16:37:46+05:30,1256,170.1,35.9,33.5,52.7,680,46,2,148.7
2025-11-27 16:38:46+05:30,1256,174.7,40.1,33.4,52.8,680,44,6,177.1
2025-11-27 16:39:46+05:30,1256,166.3,37.4,33.3,52.9,635,56,5,200.3
2025-11-27 16:40:46+05:30,1256,172.9,40.4,33.7,52.8,614,37,6,199.0
2025-11-27 16:41:46+05:30,1256,173.3,41.0,33.6,50.5,609,24,3,167.7
2025-11-27 16:42:46+05:30,1256,167.2,40.9,32.8,53.5,711,28,4,170.8
2025-11-27 16:43:46+05:30,1256,164.0,41.7,33.7,52.7,637,26,10,213.4
2025-11-27 16:44:46+05:30,1256,171.2,42.1,33.2,50.1,644,35,0,187.4
2025-11-27 16:45:46+05:30,1256,170.3,38.8,33.1,52.7,577,23,4,176.8
2025-11-27 16:46:46+05:30,1256,165.9,40.2,33.3,48.2,666,27,2,195.6
2025-11-27 16:47:46+05:30,1256,175.8,42.0,33.3,51.5,710,29,3,159.6
2025-11-27 16:48:46+05:30,1256,175.0,42.9,33.0,56.2,630,12,3,194.7
2025-11-27 16:49:46+05:30,1256,168.6,42.5,33.0,51.1,687,34,7,177.5
2025-11-27 16:50:46+05:30,1256,173.2,40.6,33.4,51.1,592,19,7,176.4
2025-11-27 16:51:46+05:30,1256,170.6,38.7,33.4,54.2,677,35,0,154.7
2025-11-27 16:52:46+05:30,1256,169.1,39.4,33.8,48.8,696,30,1,188.4
2025-11-27 16:53:46+05:30,1256,170.1,40.2,33.4,50.2,642,41,1,202.1
2025-11-27 16:54:46+05:30,1256,168.8,42.1,33.2,52.7,658,20,0,192.1
2025-11-27 16:55:46+05:30,1256,170.3,44.7,33.1,52.0,620,12,5,200.8
2025-11-27 16:56:46+05:30,1256,163.9,38.8,32.9,52.0,680,23,0,184.0
2025-11-27 16:57:46+05:30,1256,167.6,37.8,33.1,52.0,634,37,9,137.0
2025-11-27 16:58:46+05:30,1256,171.7,40.6,33.1,51.7,639,29,2,234.5
2025-11-27 16:59:46+05:30,1256,174.8,37.4,33.6,53.5,715,33,7,197.1
2025-11-27 17:00:46+05:30,1256,164.8,41.9,33.2,52.2,613,41,2,168.3
2025-11-27 17:01:46+05:30,1256,166.9,40.6,33.2,50.4,564,20,4,161.3
2025-11-27 17:02:46+05:30,1256,172.7,36.6,33.3,51.2,599,29,5,130.3
2025-11-27 17:03:46+05:30,1256,170.7,38.3,33.6,51.9,628,36,0,199.9
2025-11-27 17:04:46+05:30,1256,172.3,41.8,33.6,53.1,652,34,12,208.1
2025-11-27 17:05:46+05:30,1256,170.5,41.2,33.7,52.0,689,44,6,215.2
2025-11-27 17:06:46+05:30,1256,175.5,41.0,33.7,50.9,564,26,8,185.8
2025-11-27 17:07:46+05:30,1256,172.6,43.7,33.2,50.5,748,37,4,192.6
2025-11-27 17:08:46+05:30,1256,175.0,41.4,33.3,50.9,699,37,4,169.9
2025-11-27 17:09:46+05:30,1256,167.9,40.7,33.7,52.2,670,34,6,153.9
2025-11-27 17:10:46+05:30,1256,172.8,37.9,33.5,49.0,684,32,6,166.7
2025-11-27 17:11:46+05:30,1256,166.7,36.6,33.4,52.3,693,33,7,195.4
2025-11-27 17:12:46+05:30,1256,171.0,45.3,32.9,55.0,640,25,8,173.5
2025-11-27 17:13:46+05:30,1256,171.8,35.5,33.4,53.8,674,30,3,171.3
2025-11-27 17:14:46+05:30,1256,172.3,38.5,33.2,52.1,586,28,5,193.1
2025-11-27 17:15:46+05:30,1256,165.8,40.6,33.3,51.7,630,23,2,185.7
2025-11-27 17:16:46+05:30,1256,171.8,39.0,33.4,56.0,637,29,1,192.2
2025-11-27 17:17:46+05:30,1256,167.9,38.9,33.1,51.9,628,28,6,176.6
2025-11-27 17:18:46+05:30,1256,167.8,42.0,33.4,54.0,664,27,6,163.2
2025-11-27 17:19:46+05:30,1256,173.1,40.1,34.1,54.3,672,22,0,204.9
2025-11-27 17:20:46+05:30,1256,166.3,41.5,33.3,52.7,601,25,3,182.3
2025-11-27 17:21:46+05:30,1256,169.4,42.4,32.8,53.0,711,37,1,199.6
2025-11-27 17:22:46+05:30,1256,165.0,40.7,33.0,52.1,661,7,2,161.1
2025-11-27 17:23:46+05:30,1256,164.9,45.0,33.7,52.2,683,30,7,183.8
2025-11-27 17:24:46+05:30,1256,175.1,42.0,33.3,52.4,639,31,3,154.9
2025-11-27 17:25:46+05:30,1256,170.3,36.9,33.1,51.0,638,29,4,186.1
2025-11-27 17:26:46+05:30,1256,167.3,38.2,32.9,51.1,669,30,1,165.6
2025-11-27 17:27:46+05:30,1256,168.4,42.2,33.4,51.7,615,32,3,185.0
2025-11-27 17:28:46+05:30,1256,168.8,42.2,33.4,54.1,650,18,4,184.6
2025-11-27 17:29:46+05:30,1256,173.5,39.7,33.4,49.1,720,15,0,214.9
2025-11-27 17:30:46+05:30,1256,171.4,42.5,33.5,54.5,715,41,9,217.9
2025-11-27 17:31:46+05:30,1256,168.2,45.6,33.3,53.7,705,30,12,174.5
2025-11-27 17:32:46+05:30,1256,169.6,38.9,34.0,51.2,653,21,4,185.9
2025-11-27 17:33:46+05:30,1256,167.9,31.3,33.5,53.7,685,38,0,198.3
2025-11-27 17:34:46+05:30,1256,175.3,43.5,33.5,55.4,632,15,6,215.2
2025-11-27 17:35:46+05:30,1256,172.3,43.3,33.3,50.8,680,23,3,161.3
2025-11-27 17:36:46+05:30,1256,170.8,38.8,33.8,51.7,698,42,1,172.4
2025-11-27 17:37:46+05:30,1256,166.2,38.0,33.1,54.0,564,26,4,164.7
2025-11-27 17:38:46+05:30,1256,174.4,40.8,33.7,53.4,688,9,8,165.1
2025-11-27 17:39:46+05:30,1256,169.5,44.2,32.9,54.8,668,29,5,168.8
2025-11-27 17:40:46+05:30,1256,168.5,37.4,32.8,48.3,671,30,3,201.5
2025-11-27 17:41:46+05:30,1256,174.4,40.7,33.0,49.5,567,22,8,178.0
2025-11-27 17:42:46+05:30,1256,173.2,42.9,33.0,52.5,627,30,1,165.7
2025-11-27 17:43:46+05:30,1256,173.5,33.7,32.8,53.6,629,39,7,173.7
2025-11-27 17:44:46+05:30,1256,170.0,43.0,34.1,51.6,662,36,5,176.5
2025-11-27 17:45:46+05:30,1256,167.6,43.9,33.3,54.0,730,29,5,196.1
2025-11-27 17:46:46+05:30,1256,178.0,35.1,33.0,53.7,661,40,4,158.7
2025-11-27 17:47:46+05:30,1256,169.5,30.9,32.7,51.8,666,22,8,205.3
2025-11-27 17:48:46+05:30,1256,174.1,39.9,32.8,53.6,717,31,3,154.8
2025-11-27 17:49:46+05:30,1256,167.9,34.1,33.5,52.5,602,37,3,159.4
2025-11-27 17:50:46+05:30,1256,169.5,36.3,33.3,52.9,599,37,4,208.5
2025-11-27 17:51:46+05:30,1256,168.6,41.2,33.1,53.0,677,32,9,182.6
2025-11-27 17:52:46+05:30,1256,163.0,42.0,33.3,51.2,632,32,1,170.8
2025-11-27 17:53:46+05:30,1256,168.2,37.1,33.4,52.8,601,16,4,212.3
2025-11-27 17:54:46+05:30,1256,166.4,34.7,33.3,52.9,566,25,7,173.3
2025-11-27 17:55:46+05:30,1256,168.4,32.1,33.3,53.0,662,31,2,212.7
2025-11-27 17:56:46+05:30,1256,169.0,38.4,33.2,50.6,658,12,6,163.6
2025-11-27 17:57:46+05:30,1256,174.5,43.9,33.3,50.3,640,56,1,182.8
2025-11-27 17:58:46+05:30,1256,172.2,43.6,33.5,52.5,693,36,4,202.3
2025-11-27 17:59:46+05:30,1256,165.3,40.9,33.2,51.9,647,25,2,149.2
2025-11-27 18:00:46+05:30,1256,171.0,39.1,33.1,52.7,598,59,10,167.0
2025-11-27 18:01:46+05:30,1256,170.1,37.3,33.5,50.3,628,44,6,175.5
2025-11-27 18:02:46+05:30,1256,170.5,38.7,33.0,50.7,612,45,2,193.0
2025-11-27 18:03:46+05:30,1256,171.0,38.8,33.7,56.2,666,11,5,157.6
2025-11-27 18:04:46+05:30,1256,171.6,43.6,32.6,54.4,597,44,4,212.8
2025-11-27 18:05:46+05:30,1256,173.4,43.3,33.2,53.7,735,41,7,179.4
2025-11-27 18:06:46+05:30,1256,167.2,36.7,33.1,53.9,648,24,11,211.7
2025-11-27 18:07:46+05:30,1256,170.2,37.9,33.4,52.3,625,27,0,164.4
2025-11-27 18:08:46+05:30,1256,167.3,42.2,33.2,53.1,730,33,0,164.9
2025-11-27 18:09:46+05:30,1256,170.1,39.2,33.6,50.1,691,30,2,149.8
2025-11-27 18:10:46+05:30,1256,168.6,43.9,33.7,50.9,592,9,3,158.0
2025-11-27 18:11:46+05:30,1256,178.2,37.6,32.8,51.4,600,54,5,204.2
2025-11-27 18:12:46+05:30,1256,172.3,40.5,33.3,46.2,661,37,0,179.2
2025-11-27 18:13:46+05:30,1256,164.1,36.2,33.6,50.6,682,15,4,195.7
2025-11-27 18:14:46+05:30,1256,174.7,36.7,33.5,52.9,730,31,8,172.7
2025-11-27 18:15:46+05:30,1256,174.3,41.2,33.0,51.7,607,39,4,170.9
2025-11-27 18:16:46+05:30,1256,166.5,39.6,33.1,51.4,629,37,6,171.3
2025-11-27 18:17:46+05:30,1256,176.3,38.2,33.2,51.8,556,19,2,183.5
2025-11-27 18:18:46+05:30,1256,166.6,39.1,33.9,51.0,598,26,13,144.0
2025-11-27 18:19:46+05:30,1256,173.7,35.3,33.5,52.6,690,31,3,176.6
2025-11-27 18:20:46+05:30,1256,169.3,42.3,33.4,51.5,554,20,4,163.3
2025-11-27 18:21:46+05:30,1256,171.6,38.4,32.7,50.7,602,31,2,167.0
2025-11-27 18:22:46+05:30,1256,169.3,39.2,33.1,52.4,608,29,3,186.1
2025-11-27 18:23:46+05:30,1256,169.6,43.1,33.3,55.4,597,13,3,196.5
2025-11-27 18:24:46+05:30,1256,166.7,37.8,34.2,52.4,708,40,8,199.9
2025-11-27 18:25:46+05:30,1256,165.8,41.6,33.5,55.7,543,36,12,176.2
2025-11-27 18:26:46+05:30,1256,169.5,39.6,33.6,54.6,672,16,11,194.0
2025-11-27 18:27:46+05:30,1256,170.7,38.2,33.1,52.4,642,17,1,196.0
2025-11-27 18:28:46+05:30,1256,167.2,37.8,33.9,53.6,651,46,2,167.1
2025-11-27 18:29:46+05:30,1256,168.9,38.3,33.5,52.2,706,34,5,197.5
2025-11-27 18:30:46+05:30,1256,167.5,46.9,33.5,51.0,636,27,8,144.4
2025-11-27 18:31:46+05:30,1256,169.9,39.8,33.3,51.4,632,32,4,243.5
2025-11-27 18:32:46+05:30,1256,169.1,34.5,33.0,51.9,705,26,4,169.5
2025-11-27 18:33:46+05:30,1256,163.3,44.2,33.4,50.8,637,32,1,182.2
2025-11-27 18:34:46+05:30,1256,168.7,40.8,33.2,50.0,601,25,0,184.6
2025-11-27 18:35:46+05:30,1256,170.9,41.5,33.1,52.1,649,27,8,170.8
2025-11-27 18:36:46+05:30,1256,172.7,41.8,33.3,50.4,666,34,5,171.7
2025-11-27 18:37:46+05:30,1256,163.3,37.1,33.3,51.6,720,32,5,142.3
2025-11-27 18:38:46+05:30,1256,164.9,42.4,32.9,47.6,668,26,3,162.8
2025-11-27 18:39:46+05:30,1256,173.4,43.2,33.3,53.7,710,32,13,165.1
2025-11-27 18:40:46+05:30,1256,174.7,37.7,33.6,50.4,665,39,3,199.9
2025-11-27 18:41:46+05:30,1256,167.6,42.6,34.2,48.3,672,32,5,171.6
2025-11-27 18:42:46+05:30,1256,167.6,35.7,33.6,47.8,740,19,2,194.5
2025-11-27 18:43:46+05:30,1256,173.2,40.2,33.0,50.3,655,25,0,179.6
2025-11-27 18:44:46+05:30,1256,164.6,39.6,33.0,52.3,651,51,2,200.2
2025-11-27 18:45:46+05:30,1256,167.4,42.7,33.4,52.7,664,37,2,184.6
2025-11-27 18:46:46+05:30,1256,175.2,39.4,33.3,51.1,691,30,8,140.6
2025-11-27 18:47:46+05:30,1256,166.9,42.9,32.9,49.7,634,48,5,165.7
2025-11-27 18:48:46+05:30,1256,165.1,40.2,33.3,53.3,616,23,7,157.8
2025-11-27 18:49:46+05:30,1256,171.0,32.7,33.2,55.9,661,10,4,166.9
2025-11-27 18:50:46+05:30,1256,168.3,38.3,33.0,51.4,715,32,6,185.5
2025-11-27 18:51:46+05:30,1256,171.8,44.4,33.9,52.4,625,28,2,221.7
2025-11-27 18:52:46+05:30,1256,169.6,37.7,33.5,51.5,700,26,1,141.5
2025-11-27 18:53:46+05:30,1256,166.2,41.3,33.1,52.0,665,28,8,153.2
2025-11-27 18:54:46+05:30,1256,174.1,39.1,33.0,53.1,542,27,7,186.0
2025-11-27 18:55:46+05:30,1256,167.5,45.9,33.0,50.8,680,23,3,163.6
2025-11-27 18:56:46+05:30,1256,168.7,37.0,33.2,50.6,645,44,4,195.4
2025-11-27 18:57:46+05:30,1256,170.4,39.4,33.3,48.9,693,36,8,167.1
2025-11-27 18:58:46+05:30,1256,171.4,38.6,33.3,52.8,670,33,11,170.5
2025-11-27 18:59:46+05:30,1256,168.3,39.9,33.1,52.9,626,18,0,219.5
2025-11-27 19:00:46+05:30,1256,172.6,41.8,33.9,51.5,689,38,6,170.5
2025-11-27 19:01:46+05:30,1256,171.6,45.1,32.7,54.2,680,20,0,154.0
2025-11-27 19:02:46+05:30,1256,170.2,43.6,33.3,53.4,638,36,1,163.5
2025-11-27 19:03:46+05:30,1256,168.7,37.9,32.9,51.8,681,45,8,159.9
2025-11-27 19:04:46+05:30,1256,172.5,35.3,32.8,50.1,677,29,3,166.4
2025-11-27 19:05:46+05:30,1256,172.8,36.3,32.9,49.0,598,33,10,218.1
2025-11-27 19:06:46+05:30,1256,170.6,42.7,33.5,52.7,580,28,1,151.8
2025-11-27 19:07:46+05:30,1256,168.9,37.4,33.7,51.8,556,33,8,150.5
2025-11-27 19:08:46+05:30,1256,171.6,42.1,33.3,53.9,578,37,7,191.4
2025-11-27 19:09:46+05:30,1256,171.5,41.3,33.2,51.0,664,22,1,170.4
2025-11-27 19:10:46+05:30,1256,169.5,39.6,33.1,51.6,677,37,2,193.2
2025-11-27 19:11:46+05:30,1256,169.0,43.6,33.2,53.4,626,30,7,177.6
2025-11-27 19:12:46+05:30,1256,169.3,41.6,33.4,52.6,708,29,6,156.2
2025-11-27 19:13:46+05:30,1256,169.9,38.0,33.1,52.6,708,50,0,155.7
2025-11-27 19:14:46+05:30,1256,169.6,39.2,33.3,53.5,590,33,3,163.0
2025-11-27 19:15:46+05:30,1256,172.0,43.9,34.0,52.9,737,34,6,168.6
2025-11-27 19:16:46+05:30,1256,167.5,43.3,33.1,52.2,668,44,0,167.5
2025-11-27 19:17:46+05:30,1256,171.2,40.8,33.2,53.9,622,22,5,182.5
2025-11-27 19:18:46+05:30,1256,173.2,44.2,33.4,51.4,706,30,6,189.7
2025-11-27 19:19:46+05:30,1256,166.7,36.1,33.6,48.4,646,31,4,211.2
2025-11-27 19:20:46+05:30,1256,168.6,37.2,33.6,52.1,647,19,2,181.1
2025-11-27 19:21:46+05:30,1256,171.6,41.8,33.0,54.9,671,22,6,195.0
2025-11-27 19:22:46+05:30,1256,168.8,37.6,32.5,54.4,703,33,3,174.0
2025-11-27 19:23:46+05:30,1256,169.5,41.3,33.3,50.1,634,35,8,179.4
2025-11-27 19:24:46+05:30,1256,170.0,39.7,33.8,55.2,658,34,5,155.8
2025-11-27 19:25:46+05:30,1256,169.2,38.0,33.1,51.3,701,39,1,192.3
2025-11-27 19:26:46+05:30,1256,169.2,41.5,33.8,50.2,752,46,5,174.6
2025-11-27 19:27:46+05:30,1256,170.8,43.5,33.8,48.8,635,34,10,159.7
2025-11-27 19:28:46+05:30,1256,172.1,39.0,33.8,53.4,616,26,6,205.9
2025-11-27 19:29:46+05:30,1256,174.7,34.0,33.2,53.3,638,26,6,137.2
2025-11-27 19:30:46+05:30,1256,173.0,36.7,33.5,52.4,608,18,0,215.3
2025-11-27 19:31:46+05:30,1256,166.2,43.9,33.1,47.2,663,36,2,207.5
2025-11-27 19:32:46+05:30,1256,171.8,42.2,33.7,52.7,651,24,3,123.4
2025-11-27 19:33:46+05:30,1256,168.1,45.9,33.3,56.1,632,38,3,154.4
2025-11-27 19:34:46+05:30,1256,172.3,35.9,32.6,49.6,607,38,5,158.9
2025-11-27 19:35:46+05:30,1256,174.4,44.1,33.2,49.5,644,34,9,160.8
2025-11-27 19:36:46+05:30,1256,167.2,42.3,33.4,51.3,633,39,8,195.7
2025-11-27 19:37:46+05:30,1256,171.0,39.6,33.5,54.3,626,25,7,180.2
2025-11-27 19:38:46+05:30,1256,172.7,35.7,33.6,55.6,625,33,1,202.7
2025-11-27 19:39:46+05:30,1256,168.5,37.7,33.1,52.2,537,31,5,164.8
2025-11-27 19:40:46+05:30,1256,168.2,42.6,33.8,52.4,610,30,3,177.1
2025-11-27 19:41:46+05:30,1256,166.6,39.7,33.8,50.9,657,27,6,190.2
2025-11-27 19:42:46+05:30,1256,168.8,39.2,33.2,49.2,751,40,4,161.7
2025-11-27 19:43:46+05:30,1256,170.9,41.3,33.5,50.7,624,7,3,181.3
2025-11-27 19:44:46+05:30,1256,171.4,43.0,33.3,49.9,640,41,4,178.1
2025-11-27 19:45:46+05:30,1256,165.6,43.7,33.2,49.8,544,5,10,154.6
2025-11-27 19:46:46+05:30,1256,175.6,40.4,33.3,54.8,612,30,7,192.1
2025-11-27 19:47:46+05:30,1256,168.4,43.2,33.2,51.9,696,32,6,221.7
2025-11-27 19:48:46+05:30,1256,170.1,42.2,33.1,53.3,550,38,6,147.2
2025-11-27 19:49:46+05:30,1256,172.0,38.4,32.6,51.0,612,24,8,172.9
2025-11-27 19:50:46+05:30,1256,172.1,43.0,33.8,53.2,701,26,0,182.8
2025-11-27 19:51:46+05:30,1256,168.4,41.7,33.5,52.6,707,17,4,196.0
2025-11-27 19:52:46+05:30,1256,167.6,35.2,33.4,52.8,687,35,3,171.3
2025-11-27 19:53:46+05:30,1256,175.0,40.7,33.2,57.1,685,35,4,152.5
2025-11-27 19:54:46+05:30,1256,167.9,32.6,33.5,55.9,659,37,2,182.1
2025-11-27 19:55:46+05:30,1256,165.8,36.6,34.1,47.0,607,30,0,157.9
2025-11-27 19:56:46+05:30,1256,169.8,41.0,33.5,51.0,614,42,5,196.0
2025-11-27 19:57:46+05:30,1256,166.6,38.5,33.5,49.8,742,16,0,149.3
2025-11-27 19:58:46+05:30,1256,174.7,40.5,33.5,51.4,678,42,2,188.6
2025-11-27 19:59:46+05:30,1256,174.2,38.4,33.4,55.1,631,22,8,154.9
2025-11-27 20:00:46+05:30,1256,170.4,38.6,33.5,51.4,585,4,6,185.3
2025-11-27 20:01:46+05:30,1256,167.3,38.7,32.1,51.6,743,18,4,181.6
2025-11-27 20:02:46+05:30,1256,164.8,32.9,33.3,53.5,558,32,7,160.9
2025-11-27 20:03:46+05:30,1256,164.0,42.8,33.2,51.9,557,60,2,194.3
2025-11-27 20:04:46+05:30,1256,169.6,42.7,33.4,49.0,624,34,2,186.5
2025-11-27 20:05:46+05:30,1256,163.2,45.5,33.3,54.5,669,22,3,170.3
2025-11-27 20:06:46+05:30,1256,173.1,38.7,33.4,50.8,652,22,0,194.7
2025-11-27 20:07:46+05:30,1256,173.3,37.8,33.0,52.7,720,35,5,182.7
2025-11-27 20:08:46+05:30,1256,174.2,42.7,32.9,54.0,635,40,4,155.3
2025-11-27 20:09:46+05:30,1256,170.5,40.2,33.4,51.6,684,44,0,166.4
2025-11-27 20:10:46+05:30,1256,167.6,37.5,33.1,55.3,657,30,2,180.5
2025-11-27 20:11:46+05:30,1256,172.5,40.5,33.3,53.2,595,29,0,189.6
2025-11-27 20:12:46+05:30,1256,171.0,35.4,33.1,52.2,601,27,11,234.9
2025-11-27 20:13:46+05:30,1256,171.4,39.9,32.9,47.8,698,30,7,150.6
2025-11-27 20:14:46+05:30,1256,171.4,38.5,32.8,53.1,600,37,1,158.0
2025-11-27 20:15:46+05:30,1256,162.2,39.4,33.7,49.2,594,51,4,166.0
2025-11-27 20:16:46+05:30,1256,167.9,44.1,33.4,52.8,614,30,4,197.0
2025-11-27 20:17:46+05:30,1256,170.8,39.9,33.3,55.6,645,26,4,181.1
2025-11-27 20:18:46+05:30,1256,171.8,37.8,33.5,55.2,680,16,6,167.7
2025-11-27 20:19:46+05:30,1256,167.7,39.2,33.1,51.7,611,35,6,177.0
2025-11-27 20:20:46+05:30,1256,168.4,41.9,33.4,58.0,655,36,3,146.7
2025-11-27 20:21:46+05:30,1256,173.1,41.4,33.1,52.5,684,38,6,217.4
2025-11-27 20:22:46+05:30,1256,173.7,41.8,32.9,52.3,621,33,8,167.1
2025-11-27 20:23:46+05:30,1256,177.1,33.3,32.9,54.4,697,30,6,166.8
2025-11-27 20:24:46+05:30,1256,169.6,39.7,33.4,51.3,679,35,0,170.7
2025-11-27 20:25:46+05:30,1256,167.1,40.7,33.4,55.5,588,25,5,185.7
2025-11-27 20:26:46+05:30,1256,168.4,41.7,33.0,50.4,629,17,7,174.6
2025-11-27 20:27:46+05:30,1256,175.9,43.9,33.1,51.7,739,25,2,149.6
2025-11-27 20:28:46+05:30,1256,173.1,37.6,33.3,50.5,606,28,0,182.3
2025-11-27 20:29:46+05:30,1256,175.0,41.2,33.4,51.8,683,36,7,143.9
2025-11-27 20:30:46+05:30,1256,169.9,38.5,33.1,53.4,708,17,4,170.0
2025-11-27 20:31:46+05:30,1256,173.6,33.8,33.7,55.6,630,12,4,182.9
2025-11-27 20:32:46+05:30,1256,170.7,33.6,33.3,51.7,592,16,8,187.9
2025-11-27 20:33:46+05:30,1256,171.5,40.2,34.0,52.5,737,18,4,165.4
2025-11-27 20:34:46+05:30,1256,170.5,36.2,33.5,52.0,690,37,6,203.9
2025-11-27 20:35:46+05:30,1256,170.2,41.1,33.6,51.1,631,26,4,135.9
2025-11-27 20:36:46+05:30,1256,169.8,33.9,33.0,51.9,608,34,4,202.0
2025-11-27 20:37:46+05:30,1256,173.5,41.4,33.3,51.3,590,50,1,160.5
2025-11-27 20:38:46+05:30,1256,170.6,43.0,33.7,48.1,611,30,3,186.7
2025-11-27 20:39:46+05:30,1256,166.3,37.6,32.9,55.0,630,36,6,151.3
2025-11-27 20:40:46+05:30,1256,173.5,36.8,32.9,51.0,667,31,5,190.2
2025-11-27 20:41:46+05:30,1256,169.2,44.8,33.3,52.9,696,42,5,139.3
2025-11-27 20:42:46+05:30,1256,164.7,39.3,33.3,49.8,649,36,9,213.8
2025-11-27 20:43:46+05:30,1256,167.2,38.0,33.0,47.0,644,34,0,138.6
2025-11-27 20:44:46+05:30,1256,168.2,42.1,33.3,51.1,629,30,2,170.8
2025-11-27 20:45:46+05:30,1256,166.8,37.3,34.2,53.9,736,37,7,174.2
2025-11-27 20:46:46+05:30,1256,168.0,38.6,33.0,52.4,736,20,9,203.8
2025-11-27 20:47:46+05:30,1256,167.5,37.5,32.8,56.4,689,28,2,176.1
2025-11-27 20:48:46+05:30,1256,169.8,38.1,32.9,52.4,668,9,11,149.4
2025-11-27 20:49:46+05:30,1256,167.0,43.0,33.6,51.0,680,19,2,193.8
2025-11-27 20:50:46+05:30,1256,172.4,43.3,33.1,53.2,620,46,7,180.9
2025-11-27 20:51:46+05:30,1256,172.7,39.2,33.3,49.0,685,21,5,217.8
2025-11-27 20:52:46+05:30,1256,169.7,37.2,32.9,51.8,681,19,2,178.6
2025-11-27 20:53:46+05:30,1256,164.2,41.5,33.6,47.6,610,16,5,179.2
2025-11-27 20:54:46+05:30,1256,170.4,39.1,33.0,50.8,676,39,7,139.8
2025-11-27 20:55:46+05:30,1256,172.8,42.7,33.3,53.4,730,22,4,157.6
2025-11-27 20:56:46+05:30,1256,173.0,39.2,33.1,53.7,629,37,4,169.5
2025-11-27 20:57:46+05:30,1256,176.2,37.8,33.4,53.2,632,18,6,141.9
2025-11-27 20:58:46+05:30,1256,174.8,36.8,33.1,50.5,677,31,3,158.9
2025-11-27 20:59:46+05:30,1256,176.9,39.7,33.1,52.0,640,24,5,183.3
2025-11-27 21:00:46+05:30,1256,168.7,42.7,32.7,54.0,627,39,7,179.0
2025-11-27 21:01:46+05:30,1256,171.1,41.8,32.9,51.5,644,22,6,144.8
2025-11-27 21:02:46+05:30,1256,167.0,40.2,33.6,50.0,604,49,4,236.1
2025-11-27 21:03:46+05:30,1256,167.7,41.5,33.7,52.3,590,44,6,185.1
2025-11-27 21:04:46+05:30,1256,170.5,43.4,33.5,50.0,682,22,0,184.5
2025-11-27 21:05:46+05:30,1256,169.5,40.9,32.8,54.6,595,37,2,170.1
2025-11-27 21:06:46+05:30,1256,173.4,38.1,33.3,49.3,647,41,0,202.3
2025-11-27 21:07:46+05:30,1256,169.7,41.3,33.5,53.5,748,30,2,169.4
2025-11-27 21:08:46+05:30,1256,169.2,38.4,33.2,54.3,613,39,3,186.8
2025-11-27 21:09:46+05:30,1256,166.4,39.1,32.9,53.0,641,27,9,176.1
2025-11-27 21:10:46+05:30,1256,174.3,34.7,33.7,52.3,612,28,7,183.5
2025-11-27 21:11:46+05:30,1256,171.7,42.9,33.3,51.8,607,24,9,187.8
2025-11-27 21:12:46+05:30,1256,173.0,39.8,33.1,51.4,643,12,11,193.3
2025-11-27 21:13:46+05:30,1256,173.9,37.0,33.1,53.2,623,47,13,172.9
2025-11-27 21:14:46+05:30,1256,170.0,35.8,33.7,53.7,706,32,11,182.7
2025-11-27 21:15:46+05:30,1256,169.4,42.1,33.6,51.9,557,29,9,185.9
2025-11-27 21:16:46+05:30,1256,168.6,42.3,33.4,50.1,689,20,12,204.4
2025-11-27 21:17:46+05:30,1256,166.0,36.6,33.7,48.6,589,42,7,166.0
2025-11-27 21:18:46+05:30,1256,178.0,41.9,33.2,48.3,631,18,0,151.3
2025-11-27 21:19:46+05:30,1256,165.0,40.1,33.4,52.3,678,25,5,188.4
2025-11-27 21:20:46+05:30,1256,173.2,36.3,33.5,52.3,667,26,0,207.5
2025-11-27 21:21:46+05:30,1256,169.5,34.8,33.2,55.0,598,11,4,166.9
2025-11-27 21:22:46+05:30,1256,169.1,37.2,32.7,51.3,653,24,11,184.3
2025-11-27 21:23:46+05:30,1256,174.2,40.9,33.4,51.9,666,19,1,188.5
2025-11-27 21:24:46+05:30,1256,170.5,43.7,33.6,49.3,660,32,6,171.8
2025-11-27 21:25:46+05:30,1256,168.2,39.5,33.2,52.3,609,38,7,185.9
2025-11-27 21:26:46+05:30,1256,168.8,44.7,33.3,52.0,707,21,1,184.6
2025-11-27 21:27:46+05:30,1256,174.2,38.4,33.3,54.9,679,21,8,155.3
2025-11-27 21:28:46+05:30,1256,170.3,34.9,33.2,51.7,729,43,9,168.8
2025-11-27 21:29:46+05:30,1256,171.6,38.3,33.3,52.1,570,35,8,174.3
2025-11-27 21:30:46+05:30,1256,176.5,47.3,33.3,49.7,605,33,4,187.0
2025-11-27 21:31:46+05:30,1256,167.6,43.6,33.4,50.2,654,22,9,171.9
2025-11-27 21:32:46+05:30,1256,165.0,42.1,33.5,50.2,695,34,10,155.7
2025-11-27 21:33:46+05:30,1256,174.2,43.5,33.8,55.3,679,41,5,206.6
2025-11-27 21:34:46+05:30,1256,169.2,45.3,33.3,50.2,703,27,2,199.5
2025-11-27 21:35:46+05:30,1256,169.3,40.1,33.2,49.9,620,31,8,225.0
2025-11-27 21:36:46+05:30,1256,168.5,42.2,33.5,55.4,686,33,1,175.3
2025-11-27 21:37:46+05:30,1256,169.4,40.5,32.8,51.4,680,27,9,188.5
2025-11-27 21:38:46+05:30,1256,167.9,31.8,33.7,52.8,692,18,4,201.2
2025-11-27 21:39:46+05:30,1256,167.5,45.6,33.7,52.9,652,39,8,216.4
2025-11-27 21:40:46+05:30,1256,171.5,38.0,33.2,52.2,568,12,4,154.9
2025-11-27 21:41:46+05:30,1256,165.3,40.9,33.6,52.4,727,32,5,197.5
2025-11-27 21:42:46+05:30,1256,171.7,41.7,32.8,54.1,740,1,5,186.5
2025-11-27 21:43:46+05:30,1256,173.6,38.5,33.0,49.5,672,33,6,200.0
2025-11-27 21:44:46+05:30,1256,173.8,39.0,33.1,53.2,649,11,3,138.2
2025-11-27 21:45:46+05:30,1256,169.8,43.5,33.1,49.5,654,31,2,183.9
2025-11-27 21:46:46+05:30,1256,166.3,42.8,33.4,53.2,662,28,7,187.7
2025-11-27 21:47:46+05:30,1256,167.8,38.3,33.0,52.5,703,37,3,181.8
2025-11-27 21:48:46+05:30,1256,168.7,40.4,33.4,48.4,605,17,5,175.0
2025-11-27 21:49:46+05:30,1256,166.4,38.3,33.2,53.6,617,22,6,218.6
2025-11-27 21:50:46+05:30,1256,167.3,38.7,33.3,57.2,634,41,5,154.0
2025-11-27 21:51:46+05:30,1256,174.7,42.1,33.4,51.6,582,25,0,166.1
2025-11-27 21:52:46+05:30,1256,170.5,41.2,33.2,53.0,644,36,4,164.8
2025-11-27 21:53:46+05:30,1256,167.7,44.6,33.6,49.8,618,30,1,169.9
2025-11-27 21:54:46+05:30,1256,171.1,41.6,33.8,53.1,734,30,11,164.4
2025-11-27 21:55:46+05:30,1256,164.9,39.1,33.6,52.2,720,15,0,167.4
2025-11-27 21:56:46+05:30,1256,172.5,43.7,33.8,50.1,632,42,11,182.2
2025-11-27 21:57:46+05:30,1256,172.0,39.7,32.8,49.2,585,26,8,167.3
2025-11-27 21:58:46+05:30,1256,174.7,37.5,33.4,51.0,591,35,5,193.4
2025-11-27 21:59:46+05:30,1256,171.6,44.1,33.5,50.5,746,16,3,197.7
2025-11-27 22:00:46+05:30,1256,171.4,42.1,33.9,51.9,562,39,0,202.5
2025-11-27 22:01:46+05:30,1256,175.4,35.9,33.7,52.0,623,34,2,200.7
2025-11-27 22:02:46+05:30,1256,169.6,38.1,33.3,52.9,665,42,3,171.1
2025-11-27 22:03:46+05:30,1256,172.4,44.9,33.3,55.1,661,47,7,190.4
2025-11-27 22:04:46+05:30,1256,173.3,38.2,33.1,52.2,634,51,1,159.1
2025-11-27 22:05:46+05:30,1256,171.4,42.0,32.8,50.9,643,34,2,178.9
2025-11-27 22:06:46+05:30,1256,170.8,42.0,33.1,52.7,592,28,5,180.6
2025-11-27 22:07:46+05:30,1256,168.7,40.8,33.4,52.3,703,22,3,208.0
2025-11-27 22:08:46+05:30,1256,169.9,38.4,32.9,50.4,660,25,8,198.1
2025-11-27 22:09:46+05:30,1256,167.3,41.0,32.9,52.0,579,19,0,193.4
2025-11-27 22:10:46+05:30,1256,168.2,37.7,33.0,52.3,698,21,7,208.2
2025-11-27 22:11:46+05:30,1256,170.3,38.3,33.6,53.0,611,21,5,211.9
2025-11-27 22:12:46+05:30,1256,170.0,43.0,33.1,51.9,663,28,8,189.5
2025-11-27 22:13:46+05:30,1256,173.8,39.3,33.1,50.1,712,7,3,204.1
2025-11-27 22:14:46+05:30,1256,164.4,35.9,33.4,49.5,753,50,5,174.3
2025-11-27 22:15:46+05:30,1256,168.5,41.8,33.5,53.4,675,50,8,148.5
2025-11-27 22:16:46+05:30,1256,170.8,43.3,33.2,49.3,639,35,2,187.9
2025-11-27 22:17:46+05:30,1256,165.7,34.8,33.1,48.7,585,25,1,150.8
2025-11-27 22:18:46+05:30,1256,175.0,40.9,33.3,51.2,688,31,1,180.7
2025-11-27 22:19:46+05:30,1256,170.0,34.9,32.9,50.0,693,19,6,188.8
2025-11-27 22:20:46+05:30,1256,166.6,42.9,33.9,53.3,514,35,2,174.8
2025-11-27 22:21:46+05:30,1256,171.7,42.6,33.5,52.5,753,28,4,185.1
2025-11-27 22:22:46+05:30,1256,172.9,39.8,33.2,52.0,589,35,7,200.7
2025-11-27 22:23:46+05:30,1256,167.6,44.6,33.5,51.0,676,23,5,188.6
2025-11-27 22:24:46+05:30,1256,166.3,37.2,33.8,51.3,668,35,6,228.7
2025-11-27 22:25:46+05:30,1256,169.9,43.3,33.3,49.6,695,26,3,167.6
2025-11-27 22:26:46+05:30,1256,174.6,39.9,33.2,54.1,676,21,11,204.2
2025-11-27 22:27:46+05:30,1256,170.9,41.4,33.4,49.9,569,34,2,176.5
2025-11-27 22:28:46+05:30,1256,172.8,44.0,33.0,51.7,674,34,2,177.8
2025-11-27 22:29:46+05:30,1256,168.2,43.1,33.6,51.9,649,26,12,171.5
2025-11-27 22:30:46+05:30,1256,169.6,40.7,33.4,50.1,681,30,4,176.5
2025-11-27 22:31:46+05:30,1256,171.0,36.7,33.3,53.2,610,17,3,170.9
2025-11-27 22:32:46+05:30,1256,165.9,42.2,33.8,53.1,680,4,6,143.3
2025-11-27 22:33:46+05:30,1256,172.1,37.5,33.1,53.1,653,31,6,183.5
2025-11-27 22:34:46+05:30,1256,169.3,42.5,33.8,47.8,600,41,6,184.3
2025-11-27 22:35:46+05:30,1256,170.5,38.5,32.9,52.7,608,13,7,163.4
2025-11-27 22:36:46+05:30,1256,174.5,40.4,33.3,53.5,683,33,4,181.5
2025-11-27 22:37:46+05:30,1256,174.1,38.4,33.5,51.5,629,33,4,166.5
2025-11-27 22:38:46+05:30,1256,173.7,40.0,32.9,53.7,606,19,0,162.1
2025-11-27 22:39:46+05:30,1256,169.2,39.9,33.5,52.2,537,39,2,203.4
2025-11-27 22:40:46+05:30,1256,171.2,43.9,33.4,51.7,641,32,7,202.1
2025-11-27 22:41:46+05:30,1256,163.1,40.0,33.7,49.4,640,25,5,207.8
2025-11-27 22:42:46+05:30,1256,167.6,38.3,33.5,51.5,612,23,8,210.2
2025-11-27 22:43:46+05:30,1256,164.1,40.8,33.4,52.4,563,24,8,155.7
2025-11-27 22:44:46+05:30,1256,169.0,40.0,32.9,51.9,572,9,4,208.9
2025-11-27 22:45:46+05:30,1256,166.2,40.1,33.4,54.6,588,25,6,190.7
2025-11-27 22:46:46+05:30,1256,176.1,36.2,33.6,50.7,611,26,0,217.3
2025-11-27 22:47:46+05:30,1256,169.4,32.8,32.9,52.8,639,28,3,174.8
2025-11-27 22:48:46+05:30,1256,167.8,36.1,33.2,51.7,753,30,4,141.3
2025-11-27 22:49:46+05:30,1256,171.8,38.5,33.3,51.1,696,28,2,180.4
2025-11-27 22:50:46+05:30,1256,169.9,41.0,33.1,52.2,677,26,2,172.5
2025-11-27 22:51:46+05:30,1256,165.9,40.5,33.7,55.6,590,21,5,177.9
2025-11-27 22:52:46+05:30,1256,173.3,44.3,33.1,55.1,704,44,4,176.0
2025-11-27 22:53:46+05:30,1256,171.1,37.8,33.1,50.2,708,41,2,199.6
2025-11-27 22:54:46+05:30,1256,161.7,38.8,33.0,52.0,607,39,3,183.9
2025-11-27 22:55:46+05:30,1256,171.1,39.7,33.2,53.4,691,26,1,160.8
2025-11-27 22:56:46+05:30,1256,177.4,35.1,33.7,54.6,643,30,2,218.2
2025-11-27 22:57:46+05:30,1256,167.4,36.5,33.1,50.7,572,34,5,181.5
2025-11-27 22:58:46+05:30,1256,170.0,40.8,33.2,52.7,665,21,4,167.7
2025-11-27 22:59:46+05:30,1256,171.8,46.1,33.6,52.8,696,27,7,183.4
2025-11-27 23:00:46+05:30,1256,168.9,37.2,33.4,53.4,707,42,3,198.7
2025-11-27 23:01:46+05:30,1256,170.7,36.5,33.7,51.5,666,27,9,179.8
2025-11-27 23:02:46+05:30,1256,166.1,40.5,32.9,47.7,579,28,9,211.7
2025-11-27 23:03:46+05:30,1256,170.4,34.0,33.4,56.2,584,42,9,178.0
2025-11-27 23:04:46+05:30,1256,168.7,46.3,33.3,50.8,665,40,3,183.6
2025-11-27 23:05:46+05:30,1256,171.8,39.9,33.3,54.5,706,42,3,125.8
2025-11-27 23:06:46+05:30,1256,172.6,42.5,33.0,53.7,723,30,10,178.3
2025-11-27 23:07:46+05:30,1256,169.1,44.4,33.3,53.9,575,34,7,154.0
2025-11-27 23:08:46+05:30,1256,168.3,35.5,33.4,52.0,640,34,4,187.2
2025-11-27 23:09:46+05:30,1256,172.4,39.8,33.1,51.8,637,27,2,218.0
2025-11-27 23:10:46+05:30,1256,172.6,38.7,33.6,50.1,591,31,2,201.0
2025-11-27 23:11:46+05:30,1256,169.3,36.7,33.1,46.1,749,9,7,193.8
2025-11-27 23:12:46+05:30,1256,161.8,38.6,32.8,55.8,668,39,5,200.7
2025-11-27 23:13:46+05:30,1256,170.8,45.2,33.1,49.8,636,29,5,173.0
2025-11-27 23:14:46+05:30,1256,165.6,32.9,33.0,54.3,695,42,5,173.1
2025-11-27 23:15:46+05:30,1256,170.3,38.0,33.5,52.3,669,35,3,184.5
2025-11-27 23:16:46+05:30,1256,168.5,39.6,33.4,53.2,712,29,8,201.0
2025-11-27 23:17:46+05:30,1256,167.0,41.0,33.0,52.0,488,39,5,185.4
2025-11-27 23:18:46+05:30,1256,166.3,45.2,32.7,47.8,658,23,8,186.9
2025-11-27 23:19:46+05:30,1256,173.1,41.6,33.3,53.6,653,45,4,137.0
2025-11-27 23:20:46+05:30,1256,168.9,37.8,33.6,49.3,646,40,7,176.0
2025-11-27 23:21:46+05:30,1256,162.7,37.4,32.7,50.2,670,26,2,179.4
2025-11-27 23:22:46+05:30,1256,167.2,40.4,33.2,48.4,686,21,5,166.2
2025-11-27 23:23:46+05:30,1256,168.5,43.5,33.5,51.2,626,34,10,171.4
2025-11-27 23:24:46+05:30,1256,171.3,41.4,33.4,51.5,624,38,5,158.2
2025-11-27 23:25:46+05:30,1256,168.5,41.3,33.3,48.2,648,31,4,173.1
2025-11-27 23:26:46+05:30,1256,169.9,42.5,33.1,47.1,728,49,9,192.1
2025-11-27 23:27:46+05:30,1256,167.5,36.9,33.7,51.2,676,29,3,178.9
2025-11-27 23:28:46+05:30,1256,175.2,40.1,33.6,51.0,704,27,6,141.2
2025-11-27 23:29:46+05:30,1256,168.2,31.4,33.4,52.8,596,39,0,190.3
2025-11-27 23:30:46+05:30,1256,168.8,41.5,33.0,54.5,561,30,1,196.3
2025-11-27 23:31:46+05:30,1256,178.0,36.2,32.9,47.6,699,42,1,221.9
2025-11-27 23:32:46+05:30,1256,169.0,39.2,33.3,48.9,635,43,8,191.8
2025-11-27 23:33:46+05:30,1256,169.8,43.3,32.9,50.9,671,12,8,206.9
2025-11-27 23:34:46+05:30,1256,174.1,40.2,33.5,52.8,595,23,4,174.5
2025-11-27 23:35:46+05:30,1256,173.0,40.6,33.2,48.9,687,33,5,184.1
2025-11-27 23:36:46+05:30,1256,171.0,41.9,33.4,49.6,655,35,4,170.4
2025-11-27 23:37:46+05:30,1256,173.1,40.5,33.3,53.3,646,27,11,176.2
2025-11-27 23:38:46+05:30,1256,173.4,37.5,33.4,53.1,639,34,4,164.0
2025-11-27 23:39:46+05:30,1256,164.8,40.2,33.2,48.6,716,26,5,166.0
2025-11-27 23:40:46+05:30,1256,170.9,41.6,33.6,53.1,644,32,1,181.4
2025-11-27 23:41:46+05:30,1256,172.4,41.8,33.0,50.8,638,29,2,141.9
2025-11-27 23:42:46+05:30,1256,167.5,32.4,33.4,51.9,613,22,6,170.2
2025-11-27 23:43:46+05:30,1256,173.4,37.5,33.2,50.2,648,39,0,170.2
2025-11-27 23:44:46+05:30,1256,164.1,37.5,33.1,50.6,701,19,5,193.1
2025-11-27 23:45:46+05:30,1256,170.2,39.2,33.1,50.9,727,23,10,199.1
2025-11-27 23:46:46+05:30,1256,175.8,39.4,33.5,50.3,666,34,7,170.7
2025-11-27 23:47:46+05:30,1256,168.9,41.9,33.6,51.6,580,49,9,154.5
2025-11-27 23:48:46+05:30,1256,167.5,45.4,33.9,52.0,673,20,10,189.8
2025-11-27 23:49:46+05:30,1256,171.9,36.3,33.3,52.6,721,39,8,185.2
2025-11-27 23:50:46+05:30,1256,172.1,38.8,33.3,54.3,654,10,2,205.5
2025-11-27 23:51:46+05:30,1256,169.9,41.6,32.9,51.7,650,31,2,183.3
2025-11-27 23:52:46+05:30,1256,171.6,43.7,33.0,50.1,653,32,4,204.3
2025-11-27 23:53:46+05:30,1256,169.3,44.4,33.7,53.5,649,34,6,173.1
2025-11-27 23:54:46+05:30,1256,178.7,35.7,33.4,50.9,684,38,4,183.3
2025-11-27 23:55:46+05:30,1256,175.2,40.8,33.5,55.5,619,32,9,191.2
2025-11-27 23:56:46+05:30,1256,167.8,43.0,32.8,48.0,636,34,4,171.2
2025-11-27 23:57:46+05:30,1256,168.7,44.2,33.3,53.1,607,32,4,195.3
2025-11-27 23:58:46+05:30,1256,170.4,38.3,34.0,54.7,567,24,9,185.8
2025-11-27 23:59:46+05:30,1256,171.4,37.8,33.0,49.7,646,38,4,171.7
2025-11-28 00:00:46+05:30,1256,171.1,41.3,33.1,53.1,591,35,9,170.8
2025-11-28 00:01:46+05:30,1256,170.0,44.2,33.2,52.9,615,33,4,166.8
2025-11-28 00:02:46+05:30,1256,172.2,38.0,32.9,56.2,588,36,12,183.2
2025-11-28 00:03:46+05:30,1256,173.9,39.8,32.9,52.9,714,41,2,163.0
2025-11-28 00:04:46+05:30,1256,171.1,41.4,32.8,51.1,680,26,3,197.0
2025-11-28 00:05:46+05:30,1256,167.9,42.7,33.4,51.3,785,29,7,200.2
2025-11-28 00:06:46+05:30,1256,172.0,44.2,33.2,54.6,649,26,3,191.9
2025-11-28 00:07:46+05:30,1256,172.2,38.9,33.0,46.5,694,29,2,205.6
2025-11-28 00:08:46+05:30,1256,165.9,38.8,33.8,49.1,696,29,4,182.2
2025-11-28 00:09:46+05:30,1256,174.8,35.5,33.1,54.1,663,27,9,171.1
2025-11-28 00:10:46+05:30,1256,175.4,42.5,33.6,55.4,502,23,0,189.9
2025-11-28 00:11:46+05:30,1256,170.4,38.6,33.4,50.3,590,29,3,197.9
2025-11-28 00:12:46+05:30,1256,166.5,39.8,33.3,59.7,713,14,5,152.9
2025-11-28 00:13:46+05:30,1256,173.4,42.4,34.2,52.7,663,20,6,183.7
2025-11-28 00:14:46+05:30,1256,172.6,37.5,33.2,49.9,723,18,8,165.8
2025-11-28 00:15:46+05:30,1256,170.5,39.1,33.2,50.1,673,20,3,181.9
2025-11-28 00:16:46+05:30,1256,172.4,38.8,33.5,52.5,593,48,8,166.2
2025-11-28 00:17:46+05:30,1256,167.3,43.5,33.0,52.4,686,26,5,175.1
2025-11-28 00:18:46+05:30,1256,174.7,39.1,33.4,48.2,699,13,8,183.1
2025-11-28 00:19:46+05:30,1256,169.5,41.9,32.9,52.4,632,32,0,169.8
2025-11-28 00:20:46+05:30,1256,168.0,32.8,33.4,48.7,581,31,1,155.3
2025-11-28 00:21:46+05:30,1256,169.4,39.0,33.2,49.2,584,24,2,140.2
2025-11-28 00:22:46+05:30,1256,172.7,33.9,33.1,48.2,742,12,7,179.0
2025-11-28 00:23:46+05:30,1256,170.2,40.6,33.6,54.0,644,45,4,166.6
2025-11-28 00:24:46+05:30,1256,171.0,45.2,33.1,48.2,623,15,7,214.2
2025-11-28 00:25:46+05:30,1256,169.2,44.4,32.8,54.1,621,38,1,164.8
2025-11-28 00:26:46+05:30,1256,168.0,38.9,33.6,53.4,635,25,6,178.9
2025-11-28 00:27:46+05:30,1256,169.3,42.1,33.5,49.5,621,24,5,171.5
2025-11-28 00:28:46+05:30,1256,173.8,41.2,33.6,50.4,713,17,7,169.5
2025-11-28 00:29:46+05:30,1256,168.5,39.9,33.0,50.8,734,33,5,171.4
2025-11-28 00:30:46+05:30,1256,174.3,38.6,33.9,51.6,642,19,0,192.5
2025-11-28 00:31:46+05:30,1256,167.8,42.0,33.7,49.8,617,32,2,171.2
2025-11-28 00:32:46+05:30,1256,171.7,40.0,33.4,52.8,572,30,9,157.7
2025-11-28 00:33:46+05:30,1256,169.5,42.1,32.9,47.8,567,36,5,209.5
2025-11-28 00:34:46+05:30,1256,169.3,39.2,33.4,55.0,723,27,4,167.8
2025-11-28 00:35:46+05:30,1256,174.9,38.3,32.7,50.1,665,27,7,217.3
2025-11-28 00:36:46+05:30,1256,167.7,36.8,33.8,53.6,650,24,0,163.0
2025-11-28 00:37:46+05:30,1256,172.6,46.5,33.7,51.3,658,43,2,174.0
2025-11-28 00:38:46+05:30,1256,170.3,41.8,33.5,55.4,701,31,2,195.3
2025-11-28 00:39:46+05:30,1256,164.3,43.5,33.7,51.4,591,20,0,202.1
2025-11-28 00:40:46+05:30,1256,170.2,48.2,33.4,50.5,735,37,0,154.5
2025-11-28 00:41:46+05:30,1256,171.0,37.3,33.2,49.6,669,20,0,192.1
2025-11-28 00:42:46+05:30,1256,170.8,40.9,33.8,55.0,703,32,3,201.5
2025-11-28 00:43:46+05:30,1256,173.4,38.7,33.1,51.6,593,36,1,160.0
2025-11-28 00:44:46+05:30,1256,165.9,43.0,33.0,50.9,694,24,3,157.5
2025-11-28 00:45:46+05:30,1256,167.4,42.7,33.3,52.1,563,20,6,239.8
2025-11-28 00:46:46+05:30,1256,172.0,42.0,33.7,52.8,677,39,9,136.1
2025-11-28 00:47:46+05:30,1256,172.6,36.0,33.5,51.9,688,51,6,177.9
2025-11-28 00:48:46+05:30,1256,165.9,37.4,33.1,52.5,663,36,6,173.8
2025-11-28 00:49:46+05:30,1256,171.7,40.7,33.0,50.1,555,34,5,190.5
2025-11-28 00:50:46+05:30,1256,170.0,31.6,33.3,56.2,712,41,2,211.7
2025-11-28 00:51:46+05:30,1256,167.3,41.6,33.3,52.1,683,35,3,185.6
2025-11-28 00:52:46+05:30,1256,169.3,39.6,33.6,51.6,594,22,4,187.2
2025-11-28 00:53:46+05:30,1256,171.8,41.6,33.7,51.9,567,22,2,183.5
2025-11-28 00:54:46+05:30,1256,171.0,41.3,33.4,53.4,642,22,10,173.6
2025-11-28 00:55:46+05:30,1256,173.2,39.6,33.2,54.1,685,33,7,149.1
2025-11-28 00:56:46+05:30,1256,172.9,39.0,33.5,52.3,728,41,6,177.4
2025-11-28 00:57:46+05:30,1256,171.1,41.9,33.5,53.8,641,33,0,181.5
2025-11-28 00:58:46+05:30,1256,172.1,40.9,33.1,52.2,672,14,5,170.8
2025-11-28 00:59:46+05:30,1256,169.2,43.3,33.2,49.5,646,48,3,195.1
2025-11-28 01:00:46+05:30,1256,166.8,42.4,33.7,50.6,681,31,8,185.7
2025-11-28 01:01:46+05:30,1256,165.3,44.1,33.4,49.8,608,34,8,166.7
2025-11-28 01:02:46+05:30,1256,169.6,39.1,33.4,53.4,659,28,2,195.4
2025-11-28 01:03:46+05:30,1256,171.6,39.0,33.3,50.5,627,51,3,162.9
2025-11-28 01:04:46+05:30,1256,174.0,41.5,33.1,54.5,636,24,2,181.4
2025-11-28 01:05:46+05:30,1256,165.9,44.2,33.6,54.2,634,49,8,204.0
2025-11-28 01:06:46+05:30,1256,165.3,34.6,32.9,53.3,681,25,8,201.3
2025-11-28 01:07:46+05:30,1256,176.6,45.3,33.4,49.5,707,24,0,204.3
2025-11-28 01:08:46+05:30,1256,171.5,37.5,33.6,52.6,707,18,2,168.4
2025-11-28 01:09:46+05:30,1256,168.5,43.9,32.9,51.8,761,16,4,157.4
2025-11-28 01:10:46+05:30,1256,172.0,38.3,33.7,51.1,565,24,5,197.2
2025-11-28 01:11:46+05:30,1256,171.4,40.1,33.8,52.6,648,23,2,155.6
2025-11-28 01:12:46+05:30,1256,173.3,37.8,33.3,51.4,775,32,6,185.4
2025-11-28 01:13:46+05:30,1256,171.2,38.4,33.8,52.9,670,26,5,193.0
2025-11-28 01:14:46+05:30,1256,167.6,39.1,33.3,54.2,687,32,4,178.0
2025-11-28 01:15:46+05:30,1256,170.5,36.3,33.8,52.4,561,38,0,203.1
2025-11-28 01:16:46+05:30,1256,166.0,40.9,33.5,52.5,713,25,4,130.9
2025-11-28 01:17:46+05:30,1256,175.2,43.9,33.6,53.6,568,22,7,184.2
2025-11-28 01:18:46+05:30,1256,170.2,38.3,33.7,54.0,670,11,4,162.1
2025-11-28 01:19:46+05:30,1256,171.1,44.3,33.2,52.9,609,35,1,166.3
2025-11-28 01:20:46+05:30,1256,165.0,44.8,33.4,49.2,719,32,7,168.0
2025-11-28 01:21:46+05:30,1256,170.5,35.4,33.3,53.2,720,34,5,124.8
2025-11-28 01:22:46+05:30,1256,175.8,43.2,33.1,53.2,600,28,8,191.6
2025-11-28 01:23:46+05:30,1256,170.9,37.9,33.0,52.5,687,40,3,214.5
2025-11-28 01:24:46+05:30,1256,171.1,38.4,33.0,48.3,624,25,6,138.1
2025-11-28 01:25:46+05:30,1256,170.6,42.4,32.9,52.5,629,49,3,184.0
2025-11-28 01:26:46+05:30,1256,169.5,44.2,32.9,51.9,656,30,6,155.8
2025-11-28 01:27:46+05:30,1256,168.9,32.5,32.6,51.4,603,29,7,208.7
2025-11-28 01:28:46+05:30,1256,164.6,40.2,32.9,51.3,569,29,8,163.0
2025-11-28 01:29:46+05:30,1256,170.5,40.2,33.3,52.8,570,28,0,195.7
2025-11-28 01:30:46+05:30,1256,168.5,41.9,33.0,49.5,586,27,0,182.8
2025-11-28 01:31:46+05:30,1256,166.7,36.9,33.0,50.6,675,25,7,172.3
2025-11-28 01:32:46+05:30,1256,173.1,43.1,33.1,53.5,690,34,4,177.2
2025-11-28 01:33:46+05:30,1256,167.4,43.0,33.6,51.3,751,40,3,197.3
2025-11-28 01:34:46+05:30,1256,165.8,41.0,33.5,52.2,663,30,1,201.0
2025-11-28 01:35:46+05:30,1256,175.8,41.0,32.9,53.6,730,41,0,160.9
2025-11-28 01:36:46+05:30,1256,169.9,40.4,33.6,55.4,580,4,0,159.4
2025-11-28 01:37:46+05:30,1256,172.8,38.8,33.8,55.2,673,28,2,175.0
2025-11-28 01:38:46+05:30,1256,169.9,41.0,33.5,48.1,700,10,2,201.9
2025-11-28 01:39:46+05:30,1256,163.7,40.0,33.4,50.8,744,31,7,162.6
2025-11-28 01:40:46+05:30,1256,170.3,34.1,33.6,53.7,638,18,8,167.2
2025-11-28 01:41:46+05:30,1256,172.4,35.6,33.3,52.5,673,44,1,175.8
2025-11-28 01:42:46+05:30,1256,168.9,41.4,33.5,51.3,650,13,0,197.6
2025-11-28 01:43:46+05:30,1256,165.1,38.2,33.3,51.0,644,16,0,219.5
2025-11-28 01:44:46+05:30,1256,171.8,41.4,32.7,53.5,700,12,2,188.4
2025-11-28 01:45:46+05:30,1256,170.9,37.3,33.6,51.4,626,7,6,194.9
2025-11-28 01:46:46+05:30,1256,166.0,34.5,33.7,52.9,637,25,7,186.8
2025-11-28 01:47:46+05:30,1256,167.4,41.5,33.3,55.5,678,24,5,205.7
2025-11-28 01:48:46+05:30,1256,168.7,41.5,32.9,50.1,615,19,2,193.0
2025-11-28 01:49:46+05:30,1256,170.8,39.3,33.8,53.2,653,32,4,167.9
2025-11-28 01:50:46+05:30,1256,174.3,42.5,33.4,50.6,676,18,5,181.5
2025-11-28 01:51:46+05:30,1256,171.0,38.8,33.2,52.9,637,34,3,170.5
2025-11-28 01:52:46+05:30,1256,177.5,34.7,33.9,48.6,734,33,6,149.1
2025-11-28 01:53:46+05:30,1256,172.6,44.0,33.0,51.3,641,25,6,135.5
2025-11-28 01:54:46+05:30,1256,169.0,45.3,32.7,52.4,601,32,2,184.9
2025-11-28 01:55:46+05:30,1256,170.4,38.0,33.1,52.1,578,33,4,187.7
2025-11-28 01:56:46+05:30,1256,177.6,43.1,33.3,54.0,684,15,1,188.2
2025-11-28 01:57:46+05:30,1256,166.4,45.0,33.8,50.9,646,19,8,195.8
2025-11-28 01:58:46+05:30,1256,174.0,39.6,33.5,49.6,628,41,1,144.9
2025-11-28 01:59:46+05:30,1256,172.1,40.7,32.8,53.5,568,19,8,186.5
2025-11-28 02:00:46+05:30,1256,170.0,40.7,33.3,50.1,604,51,9,166.8
2025-11-28 02:01:46+05:30,1256,166.7,38.4,33.0,52.4,697,50,6,167.6
2025-11-28 02:02:46+05:30,1256,171.2,38.4,32.8,51.0,615,23,7,162.4
2025-11-28 02:03:46+05:30,1256,178.0,35.3,33.4,51.7,574,35,0,188.1
2025-11-28 02:04:46+05:30,1256,172.3,37.5,33.7,55.1,629,39,6,160.7
2025-11-28 02:05:46+05:30,1256,171.8,41.1,33.6,58.0,653,36,1,171.9
2025-11-28 02:06:46+05:30,1256,172.3,50.1,33.2,49.7,678,28,3,202.9
2025-11-28 02:07:46+05:30,1256,172.4,40.1,33.5,50.7,618,19,0,183.8
2025-11-28 02:08:46+05:30,1256,171.5,40.7,33.7,54.1,677,30,10,201.6
2025-11-28 02:09:46+05:30,1256,168.1,41.5,32.8,52.4,685,39,2,209.2
2025-11-28 02:10:46+05:30,1256,170.3,39.3,33.6,52.4,591,20,0,169.9
2025-11-28 02:11:46+05:30,1256,171.4,40.8,33.5,52.9,629,36,0,201.7
2025-11-28 02:12:46+05:30,1256,163.9,37.6,33.3,53.2,632,34,1,215.3
2025-11-28 02:13:46+05:30,1256,171.9,42.5,33.3,51.7,675,46,8,175.4
2025-11-28 02:14:46+05:30,1256,168.9,40.6,33.2,51.5,634,23,4,167.3
2025-11-28 02:15:46+05:30,1256,164.7,37.6,33.1,50.4,648,23,4,174.9
2025-11-28 02:16:46+05:30,1256,167.3,38.1,33.5,50.9,628,42,7,166.5
2025-11-28 02:17:46+05:30,1256,163.5,39.7,33.5,47.9,676,21,5,219.1
2025-11-28 02:18:46+05:30,1256,170.4,44.8,33.0,52.3,664,19,1,206.1
2025-11-28 02:19:46+05:30,1256,166.7,38.9,33.2,49.2,664,34,3,216.0
2025-11-28 02:20:46+05:30,1256,166.6,38.4,32.9,53.5,548,30,7,207.5
2025-11-28 02:21:46+05:30,1256,174.0,42.5,33.2,54.6,609,24,4,181.5
2025-11-28 02:22:46+05:30,1256,167.9,42.1,33.5,54.1,653,34,6,200.0
2025-11-28 02:23:46+05:30,1256,175.5,42.2,32.9,52.8,648,30,6,176.9
2025-11-28 02:24:46+05:30,1256,171.9,40.1,33.3,55.3,695,21,1,129.8
2025-11-28 02:25:46+05:30,1256,163.4,43.8,33.3,53.7,655,37,1,168.1
2025-11-28 02:26:46+05:30,1256,167.1,39.9,32.9,53.7,673,26,4,121.7
2025-11-28 02:27:46+05:30,1256,167.5,38.0,33.8,48.6,620,35,8,170.1
2025-11-28 02:28:46+05:30,1256,175.0,41.9,33.2,51.6,756,33,4,159.1
2025-11-28 02:29:46+05:30,1256,173.0,41.7,33.0,51.2,651,28,7,158.4
2025-11-28 02:30:46+05:30,1256,164.6,41.2,33.5,50.5,585,38,5,161.0
2025-11-28 02:31:46+05:30,1256,169.2,39.4,33.1,49.4,666,34,2,171.3
2025-11-28 02:32:46+05:30,1256,169.9,40.3,33.7,54.3,669,30,4,195.5
2025-11-28 02:33:46+05:30,1256,167.9,43.1,33.1,52.8,691,43,3,182.0
2025-11-28 02:34:46+05:30,1256,169.3,41.3,33.3,54.1,605,18,4,189.5
2025-11-28 02:35:46+05:30,1256,172.4,35.7,33.5,56.1,617,33,5,204.2
2025-11-28 02:36:46+05:30,1256,168.1,42.8,32.9,52.1,669,50,10,184.1
2025-11-28 02:37:46+05:30,1256,173.0,41.7,33.6,53.3,647,37,0,216.2
2025-11-28 02:38:46+05:30,1256,173.0,38.2,33.5,53.4,630,30,11,192.2
2025-11-28 02:39:46+05:30,1256,165.4,34.3,33.0,51.4,675,25,8,213.6
2025-11-28 02:40:46+05:30,1256,169.9,35.8,33.2,50.0,636,33,2,158.9
2025-11-28 02:41:46+05:30,1256,169.0,35.8,33.3,53.6,635,22,6,183.7
2025-11-28 02:42:46+05:30,1256,169.3,40.9,32.7,48.7,765,28,5,178.3
2025-11-28 02:43:46+05:30,1256,172.7,44.7,33.4,48.3,562,40,10,164.2
2025-11-28 02:44:46+05:30,1256,160.4,46.3,33.3,48.9,627,10,1,248.0
2025-11-28 02:45:46+05:30,1256,168.5,33.6,33.9,49.5,717,43,3,193.7
2025-11-28 02:46:46+05:30,1256,173.1,39.5,33.6,52.0,642,20,4,153.3
2025-11-28 02:47:46+05:30,1256,170.2,43.3,33.1,52.1,671,26,3,166.3
2025-11-28 02:48:46+05:30,1256,172.7,36.9,32.9,54.2,648,43,1,180.0
2025-11-28 02:49:46+05:30,1256,170.7,40.1,33.3,49.9,598,27,1,170.9
2025-11-28 02:50:46+05:30,1256,167.8,39.9,33.1,48.5,728,19,2,179.9
2025-11-28 02:51:46+05:30,1256,172.0,36.2,32.9,50.9,651,26,3,170.1
2025-11-28 02:52:46+05:30,1256,168.3,40.6,33.2,52.8,732,35,8,198.3
2025-11-28 02:53:46+05:30,1256,171.4,39.0,33.8,49.9,527,31,7,183.5
2025-11-28 02:54:46+05:30,1256,171.6,41.1,33.9,50.1,640,0,8,213.0
2025-11-28 02:55:46+05:30,1256,169.0,37.8,33.1,53.5,606,32,6,184.5
2025-11-28 02:56:46+05:30,1256,169.0,39.9,33.4,53.8,654,33,5,200.5
2025-11-28 02:57:46+05:30,1256,170.6,43.5,32.9,48.4,643,12,4,168.2
2025-11-28 02:58:46+05:30,1256,167.9,43.1,33.8,54.1,657,38,9,174.9
2025-11-28 02:59:46+05:30,1256,176.8,41.0,33.4,49.2,614,48,8,174.4
2025-11-28 03:00:46+05:30,1256,173.8,42.3,33.1,54.4,618,26,5,225.9
2025-11-28 03:01:46+05:30,1256,168.1,48.1,33.3,48.2,643,32,5,140.5
2025-11-28 03:02:46+05:30,1256,171.3,42.6,33.2,51.4,677,35,4,179.6
2025-11-28 03:03:46+05:30,1256,172.1,37.8,32.9,53.8,697,17,4,165.6
2025-11-28 03:04:46+05:30,1256,167.2,46.6,33.1,49.2,549,39,9,171.4
2025-11-28 03:05:46+05:30,1256,173.5,34.3,33.1,52.3,612,24,4,191.7
2025-11-28 03:06:46+05:30,1256,171.3,42.6,33.4,51.7,629,16,0,150.3
2025-11-28 03:07:46+05:30,1256,172.0,41.2,33.0,52.0,675,31,7,145.3
2025-11-28 03:08:46+05:30,1256,166.4,36.1,33.2,49.8,638,36,1,154.9
2025-11-28 03:09:46+05:30,1256,173.3,42.6,33.7,49.2,708,30,3,167.0
2025-11-28 03:10:46+05:30,1256,172.3,36.6,33.0,51.9,677,49,9,191.7
2025-11-28 03:11:46+05:30,1256,174.2,36.7,33.9,53.4,637,36,1,181.3
2025-11-28 03:12:46+05:30,1256,170.2,40.0,33.6,51.1,526,27,5,200.7
2025-11-28 03:13:46+05:30,1256,172.3,38.9,33.2,59.1,701,27,8,178.6
2025-11-28 03:14:46+05:30,1256,169.3,40.4,33.2,52.6,684,18,5,190.6
2025-11-28 03:15:46+05:30,1256,170.7,37.6,33.3,52.9,658,35,3,167.9
2025-11-28 03:16:46+05:30,1256,170.9,38.5,33.1,53.8,664,38,6,168.2
2025-11-28 03:17:46+05:30,1256,170.3,41.4,33.4,53.2,638,17,1,156.6
2025-11-28 03:18:46+05:30,1256,162.0,37.9,33.7,52.4,606,32,7,183.3
2025-11-28 03:19:46+05:30,1256,171.6,35.7,33.1,50.6,615,27,3,179.2
2025-11-28 03:20:46+05:30,1256,174.7,41.9,33.5,48.5,648,19,6,240.8
2025-11-28 03:21:46+05:30,1256,167.7,39.7,32.9,50.0,535,17,6,208.2
2025-11-28 03:22:46+05:30,1256,174.2,37.6,33.3,50.6,647,26,0,184.9
2025-11-28 03:23:46+05:30,1256,166.0,38.5,33.5,50.2,556,27,6,178.7
2025-11-28 03:24:46+05:30,1256,172.8,39.3,32.9,54.8,588,12,9,218.7
2025-11-28 03:25:46+05:30,1256,166.3,40.8,33.3,47.7,653,16,0,165.5
2025-11-28 03:26:46+05:30,1256,167.7,39.2,33.6,49.3,641,32,0,194.9
2025-11-28 03:27:46+05:30,1256,169.7,37.0,33.0,55.3,571,32,2,171.1
2025-11-28 03:28:46+05:30,1256,171.4,36.3,33.4,53.9,665,28,2,151.6
2025-11-28 03:29:46+05:30,1256,167.3,41.4,32.9,55.9,612,32,5,179.7
2025-11-28 03:30:46+05:30,1256,169.2,35.5,33.4,52.5,615,27,3,167.7
2025-11-28 03:31:46+05:30,1256,170.0,42.1,33.6,48.5,635,29,4,188.3
2025-11-28 03:32:46+05:30,1256,173.5,41.0,32.9,53.6,675,22,3,155.7
2025-11-28 03:33:46+05:30,1256,169.0,40.5,33.4,49.2,697,39,0,196.4
2025-11-28 03:34:46+05:30,1256,170.4,39.4,33.1,51.8,620,35,7,207.0
2025-11-28 03:35:46+05:30,1256,169.0,36.0,32.9,52.8,682,34,1,143.5
2025-11-28 03:36:46+05:30,1256,163.9,39.6,33.4,50.4,576,13,4,152.7
2025-11-28 03:37:46+05:30,1256,167.4,39.2,33.9,49.0,630,27,4,156.6
2025-11-28 03:38:46+05:30,1256,171.7,42.5,33.1,49.9,654,26,8,191.9
2025-11-28 03:39:46+05:30,1256,167.8,41.3,33.6,53.0,658,53,2,183.2
2025-11-28 03:40:46+05:30,1256,172.6,34.0,33.4,49.9,543,35,0,162.1
2025-11-28 03:41:46+05:30,1256,172.9,42.0,33.3,51.7,668,42,7,184.8
2025-11-28 03:42:46+05:30,1256,171.7,45.1,33.4,54.1,603,37,9,186.1
2025-11-28 03:43:46+05:30,1256,170.1,41.3,33.5,53.9,661,17,1,136.1
2025-11-28 03:44:46+05:30,1256,164.5,41.0,33.2,46.8,632,26,11,207.8
2025-11-28 03:45:46+05:30,1256,175.8,39.6,33.0,53.6,604,28,4,183.0
2025-11-28 03:46:46+05:30,1256,170.4,37.9,33.4,52.6,600,23,5,187.0
2025-11-28 03:47:46+05:30,1256,167.6,41.2,33.6,50.3,619,32,0,166.6
2025-11-28 03:48:46+05:30,1256,169.9,38.0,33.3,51.1,706,28,9,222.2
2025-11-28 03:49:46+05:30,1256,164.2,45.4,33.3,52.9,653,7,2,193.9
2025-11-28 03:50:46+05:30,1256,169.1,34.4,33.1,54.8,636,17,2,222.6
2025-11-28 03:51:46+05:30,1256,173.6,39.9,32.7,50.0,645,41,3,185.3
2025-11-28 03:52:46+05:30,1256,168.7,42.0,33.1,53.6,676,30,6,173.3
2025-11-28 03:53:46+05:30,1256,171.8,40.0,33.7,50.5,702,32,7,220.4
2025-11-28 03:54:46+05:30,1256,168.8,40.9,33.3,51.3,617,18,2,180.6
2025-11-28 03:55:46+05:30,1256,171.0,40.6,33.3,50.8,585,20,0,184.9
2025-11-28 03:56:46+05:30,1256,170.5,40.7,33.0,53.3,534,39,1,197.7
2025-11-28 03:57:46+05:30,1256,169.7,37.6,33.2,52.3,590,43,5,201.1
2025-11-28 03:58:46+05:30,1256,167.3,36.6,33.6,52.6,746,24,11,206.2
2025-11-28 03:59:46+05:30,1256,163.3,39.1,32.8,55.0,618,36,6,176.2
2025-11-28 04:00:46+05:30,1256,171.8,42.1,33.2,53.4,670,20,4,160.4
2025-11-28 04:01:46+05:30,1256,164.8,43.4,34.1,52.8,691,36,4,201.6
2025-11-28 04:02:46+05:30,1256,172.1,37.7,33.3,48.9,609,39,4,205.8
2025-11-28 04:03:46+05:30,1256,172.4,38.7,33.3,53.1,624,50,4,181.7
2025-11-28 04:04:46+05:30,1256,171.1,38.5,33.3,55.5,598,34,6,161.5
2025-11-28 04:05:46+05:30,1256,167.5,41.2,33.4,52.6,643,16,11,172.4
2025-11-28 04:06:46+05:30,1256,165.7,45.2,32.8,50.4,637,28,4,180.8
2025-11-28 04:07:46+05:30,1256,166.3,38.1,33.0,49.3,623,43,3,180.2
2025-11-28 04:08:46+05:30,1256,170.1,35.2,33.0,52.9,743,42,1,191.0
2025-11-28 04:09:46+05:30,1256,165.0,39.2,33.6,49.3,727,28,6,191.7
2025-11-28 04:10:46+05:30,1256,170.4,38.0,33.5,50.7,643,17,2,143.8
2025-11-28 04:11:46+05:30,1256,172.1,39.8,33.1,52.3,611,26,3,151.0
2025-11-28 04:12:46+05:30,1256,171.8,38.1,33.5,48.9,568,25,4,195.2
2025-11-28 04:13:46+05:30,1256,167.5,39.7,33.3,50.0,701,9,4,154.5
2025-11-28 04:14:46+05:30,1256,173.4,45.8,33.4,52.5,597,32,8,214.6
2025-11-28 04:15:46+05:30,1256,167.2,44.1,33.8,52.8,661,23,1,160.8
2025-11-28 04:16:46+05:30,1256,170.5,42.3,33.6,51.3,698,33,4,188.0
2025-11-28 04:17:46+05:30,1256,171.3,41.6,33.5,51.3,638,26,0,172.6
2025-11-28 04:18:46+05:30,1256,172.4,40.0,32.8,54.1,681,32,1,152.5
2025-11-28 04:19:46+05:30,1256,172.8,39.0,33.7,54.3,637,18,4,175.6
2025-11-28 04:20:46+05:30,1256,173.2,46.0,33.7,51.7,574,21,5,180.2
2025-11-28 04:21:46+05:30,1256,170.6,40.5,33.6,51.3,650,18,6,180.6
2025-11-28 04:22:46+05:30,1256,165.7,45.4,33.3,51.7,674,29,10,163.6
2025-11-28 04:23:46+05:30,1256,173.9,36.5,33.3,45.2,710,33,7,174.4
2025-11-28 04:24:46+05:30,1256,172.7,38.5,33.0,54.0,635,27,3,186.4
2025-11-28 04:25:46+05:30,1256,165.3,42.7,33.5,50.7,628,42,2,203.2
2025-11-28 04:26:46+05:30,1256,169.2,39.9,33.5,53.9,714,36,4,169.3
2025-11-28 04:27:46+05:30,1256,171.8,43.6,33.3,51.1,572,21,0,177.8
2025-11-28 04:28:46+05:30,1256,168.6,40.7,32.8,50.0,711,32,8,172.9
2025-11-28 04:29:46+05:30,1256,173.8,40.4,33.6,52.7,723,38,2,158.0
2025-11-28 04:30:46+05:30,1256,169.7,38.7,32.8,53.1,722,39,3,181.2
2025-11-28 04:31:46+05:30,1256,168.9,38.1,33.4,51.0,542,28,1,160.2
2025-11-28 04:32:46+05:30,1256,168.8,36.5,32.9,50.6,635,31,7,191.3
2025-11-28 04:33:46+05:30,1256,164.8,40.6,33.3,51.7,685,33,8,202.5
2025-11-28 04:34:46+05:30,1256,170.7,36.1,33.8,52.5,626,27,3,213.0
2025-11-28 04:35:46+05:30,1256,169.5,35.9,33.5,50.3,717,27,7,196.5
2025-11-28 04:36:46+05:30,1256,169.8,33.7,33.5,49.7,658,39,9,159.1
2025-11-28 04:37:46+05:30,1256,172.1,35.0,32.9,55.2,677,41,4,193.7
2025-11-28 04:38:46+05:30,1256,165.8,42.3,33.3,51.8,644,29,7,217.6
2025-11-28 04:39:46+05:30,1256,165.5,46.6,32.4,54.9,622,32,7,200.0
2025-11-28 04:40:46+05:30,1256,166.7,39.7,33.7,48.8,710,15,9,169.3
2025-11-28 04:41:46+05:30,1256,173.4,34.7,32.6,53.9,685,14,4,206.8
2025-11-28 04:42:46+05:30,1256,176.1,39.7,33.1,51.6,579,28,8,185.5
2025-11-28 04:43:46+05:30,1256,174.3,41.5,33.0,52.0,612,31,5,184.4
2025-11-28 04:44:46+05:30,1256,169.5,39.4,32.9,52.8,570,42,0,191.0
2025-11-28 04:45:46+05:30,1256,172.2,40.1,33.7,52.7,663,21,3,172.2
2025-11-28 04:46:46+05:30,1256,169.2,40.8,32.8,52.2,697,32,5,173.8
2025-11-28 04:47:46+05:30,1256,168.4,40.4,33.3,49.4,680,30,4,171.2
2025-11-28 04:48:46+05:30,1256,169.3,39.3,33.4,52.2,682,39,4,177.5
2025-11-28 04:49:46+05:30,1256,170.4,41.7,33.5,53.1,643,24,9,203.6
2025-11-28 04:50:46+05:30,1256,170.0,33.2,33.5,53.1,643,30,1,176.7
2025-11-28 04:51:46+05:30,1256,170.3,38.3,33.3,53.4,639,39,2,202.7
2025-11-28 04:52:46+05:30,1256,173.7,40.9,32.9,54.3,666,22,2,150.5
2025-11-28 04:53:46+05:30,1256,172.5,36.4,33.4,51.8,735,57,6,164.9
2025-11-28 04:54:46+05:30,1256,170.1,35.7,33.7,53.6,557,35,7,179.7
2025-11-28 04:55:46+05:30,1256,171.8,38.2,33.8,53.9,649,34,5,221.0
2025-11-28 04:56:46+05:30,1256,166.2,36.9,33.4,53.5,627,28,3,167.0
2025-11-28 04:57:46+05:30,1256,168.7,46.5,33.0,51.0,717,41,3,195.3
2025-11-28 04:58:46+05:30,1256,169.9,42.1,33.7,51.9,643,60,6,169.7
2025-11-28 04:59:46+05:30,1256,171.5,40.3,33.5,50.6,587,34,2,184.3
2025-11-28 05:00:46+05:30,1256,171.4,39.8,33.7,51.6,669,19,10,161.0
2025-11-28 05:01:46+05:30,1256,168.1,41.4,33.4,47.7,687,27,3,194.8
2025-11-28 05:02:46+05:30,1256,169.1,38.1,32.6,51.1,632,30,5,169.6
2025-11-28 05:03:46+05:30,1256,165.7,41.3,34.0,52.5,620,12,0,205.3
2025-11-28 05:04:46+05:30,1256,169.9,39.8,33.6,55.7,670,31,6,181.5
2025-11-28 05:05:46+05:30,1256,171.5,40.0,33.1,49.9,666,19,6,206.0
2025-11-28 05:06:46+05:30,1256,170.1,42.1,33.1,50.1,627,31,10,148.6
2025-11-28 05:07:46+05:30,1256,172.4,40.3,33.3,52.7,713,31,3,199.7
2025-11-28 05:08:46+05:30,1256,176.3,42.5,33.5,54.2,722,21,6,172.8
2025-11-28 05:09:46+05:30,1256,172.1,43.5,32.9,54.2,671,11,5,166.4
2025-11-28 05:10:46+05:30,1256,173.6,38.5,32.9,52.5,678,30,7,204.5
2025-11-28 05:11:46+05:30,1256,170.8,38.1,33.2,48.5,623,7,2,153.0
2025-11-28 05:12:46+05:30,1256,169.3,40.1,33.8,52.2,562,6,4,209.5
2025-11-28 05:13:46+05:30,1256,178.7,37.9,32.8,54.9,577,31,5,155.5
2025-11-28 05:14:46+05:30,1256,172.7,40.5,33.7,48.0,606,33,5,194.6
2025-11-28 05:15:46+05:30,1256,167.4,40.4,33.1,54.4,646,39,6,185.3
2025-11-28 05:16:46+05:30,1256,167.0,42.6,33.4,53.3,722,22,1,154.9
2025-11-28 05:17:46+05:30,1256,167.6,36.1,33.5,49.4,620,51,8,188.8
2025-11-28 05:18:46+05:30,1256,167.1,36.8,33.4,55.9,588,56,2,161.8
2025-11-28 05:19:46+05:30,1256,166.6,37.4,33.7,51.6,642,38,4,171.2
2025-11-28 05:20:46+05:30,1256,170.6,46.5,33.4,51.0,658,36,0,188.0
2025-11-28 05:21:46+05:30,1256,171.5,43.2,33.2,51.4,675,16,2,197.9
2025-11-28 05:22:46+05:30,1256,173.9,41.4,32.9,52.1,660,38,5,180.7
2025-11-28 05:23:46+05:30,1256,169.5,39.1,33.6,53.6,645,32,3,181.7
2025-11-28 05:24:46+05:30,1256,169.9,43.2,33.5,50.5,655,18,5,169.0
2025-11-28 05:25:46+05:30,1256,166.3,41.6,33.7,52.5,641,24,5,154.2
2025-11-28 05:26:46+05:30,1256,170.1,35.6,33.8,52.4,649,40,0,204.1
2025-11-28 05:27:46+05:30,1256,167.4,42.3,33.4,49.8,679,34,9,196.0
2025-11-28 05:28:46+05:30,1256,169.0,38.7,33.1,53.9,600,28,4,174.3
2025-11-28 05:29:46+05:30,1256,169.7,44.9,33.4,53.6,681,19,7,168.2
2025-11-28 05:30:46+05:30,1256,166.8,39.3,33.3,52.0,689,32,2,179.6
2025-11-28 05:31:46+05:30,1256,168.1,39.4,33.1,54.2,672,24,4,195.3
2025-11-28 05:32:46+05:30,1256,176.1,40.8,33.6,50.5,672,30,7,175.4
2025-11-28 05:33:46+05:30,1256,169.5,39.5,33.3,49.3,605,53,3,177.3
2025-11-28 05:34:46+05:30,1256,170.6,37.3,33.3,48.5,710,38,9,237.8
2025-11-28 05:35:46+05:30,1256,168.9,40.6,34.2,52.1,730,45,5,167.0
2025-11-28 05:36:46+05:30,1256,168.6,37.6,33.4,51.7,614,18,5,140.3
2025-11-28 05:37:46+05:30,1256,170.0,38.9,33.3,49.7,720,12,0,197.9
2025-11-28 05:38:46+05:30,1256,170.8,43.1,33.8,51.0,719,36,7,161.6
2025-11-28 05:39:46+05:30,1256,171.4,37.8,33.4,53.3,682,34,5,142.2
2025-11-28 05:40:46+05:30,1256,174.6,44.5,33.6,50.2,594,6,2,190.0
2025-11-28 05:41:46+05:30,1256,172.0,38.3,33.2,54.1,610,38,8,208.9
2025-11-28 05:42:46+05:30,1256,164.7,41.0,33.2,52.4,627,29,5,180.1
2025-11-28 05:43:46+05:30,1256,165.6,41.1,33.4,53.0,664,26,8,166.6
2025-11-28 05:44:46+05:30,1256,169.0,42.4,33.2,55.7,620,21,7,197.3
2025-11-28 05:45:46+05:30,1256,171.7,39.6,33.4,52.6,643,35,0,182.3
2025-11-28 05:46:46+05:30,1256,165.5,47.1,33.3,54.3,712,2,0,151.2
2025-11-28 05:47:46+05:30,1256,168.2,42.7,32.7,54.8,620,46,7,168.4
2025-11-28 05:48:46+05:30,1256,165.9,39.7,33.7,51.6,585,33,6,175.7
2025-11-28 05:49:46+05:30,1256,170.6,43.6,33.6,54.2,665,31,2,167.3
2025-11-28 05:50:46+05:30,1256,171.4,41.1,33.0,50.2,648,33,5,176.1
2025-11-28 05:51:46+05:30,1256,169.3,38.7,33.7,55.2,636,39,1,195.2
2025-11-28 05:52:46+05:30,1256,173.9,43.0,32.8,55.2,650,22,10,164.9
2025-11-28 05:53:46+05:30,1256,170.7,36.3,33.3,55.6,577,35,6,142.3
2025-11-28 05:54:46+05:30,1256,171.9,38.6,33.3,52.4,711,44,0,190.6
2025-11-28 05:55:46+05:30,1256,170.3,38.6,32.9,51.5,750,39,2,140.5
2025-11-28 05:56:46+05:30,1256,174.3,41.5,33.2,49.5,666,39,0,144.3
2025-11-28 05:57:46+05:30,1256,169.9,48.1,33.5,51.2,670,26,1,191.7
2025-11-28 05:58:46+05:30,1256,168.7,40.1,33.0,53.6,616,25,2,178.0
2025-11-28 05:59:46+05:30,1256,172.6,38.8,33.4,54.4,715,25,6,170.9
2025-11-28 06:00:46+05:30,1256,166.8,43.3,33.5,50.5,634,18,10,208.0
2025-11-28 06:01:46+05:30,1256,169.3,40.6,33.9,52.7,670,2,4,210.3
2025-11-28 06:02:46+05:30,1256,172.0,38.6,33.0,54.8,713,22,5,186.0
2025-11-28 06:03:46+05:30,1256,168.7,43.7,33.1,52.9,647,49,2,159.8
2025-11-28 06:04:46+05:30,1256,169.4,43.9,33.4,50.9,649,15,4,187.6
2025-11-28 06:05:46+05:30,1256,172.8,44.6,33.2,52.4,676,19,5,171.3
2025-11-28 06:06:46+05:30,1256,170.7,42.5,33.4,50.0,649,29,2,156.7
2025-11-28 06:07:46+05:30,1256,168.2,38.7,33.3,49.7,542,43,5,175.0
2025-11-28 06:08:46+05:30,1256,169.8,35.7,33.0,51.5,689,38,5,197.5
2025-11-28 06:09:46+05:30,1256,170.1,39.5,33.4,53.2,645,23,3,216.5
2025-11-28 06:10:46+05:30,1256,163.5,37.4,34.0,51.5,704,31,0,172.1
2025-11-28 06:11:46+05:30,1256,172.5,42.8,33.2,53.8,768,19,6,163.6
2025-11-28 06:12:46+05:30,1256,172.2,46.0,33.3,52.6,589,37,5,180.6
2025-11-28 06:13:46+05:30,1256,167.9,32.3,33.5,53.8,771,33,5,170.6
2025-11-28 06:14:46+05:30,1256,171.8,39.7,33.3,48.6,562,23,6,182.0
2025-11-28 06:15:46+05:30,1256,166.7,39.9,32.7,52.7,655,51,7,163.1
2025-11-28 06:16:46+05:30,1256,174.1,38.9,32.8,51.0,671,25,3,173.4
2025-11-28 06:17:46+05:30,1256,171.5,38.6,33.5,53.7,619,48,6,205.6
2025-11-28 06:18:46+05:30,1256,170.3,39.1,33.4,49.6,599,13,3,179.2
2025-11-28 06:19:46+05:30,1256,167.5,39.9,33.0,55.6,707,25,6,188.3
2025-11-28 06:20:46+05:30,1256,166.2,38.2,33.4,51.0,657,34,2,189.8
2025-11-28 06:21:46+05:30,1256,170.1,48.3,33.4,53.9,536,30,7,188.8
2025-11-28 06:22:46+05:30,1256,169.4,37.9,33.5,53.5,720,46,7,207.3
2025-11-28 06:23:46+05:30,1256,167.4,41.8,33.8,51.8,639,17,7,210.9
2025-11-28 06:24:46+05:30,1256,177.0,40.7,33.7,49.9,621,37,9,167.9
2025-11-28 06:25:46+05:30,1256,167.1,43.6,32.8,53.6,616,16,7,171.6
2025-11-28 06:26:46+05:30,1256,168.7,34.4,32.9,51.1,565,12,8,166.4
2025-11-28 06:27:46+05:30,1256,172.2,38.9,33.3,54.8,700,17,0,170.2
2025-11-28 06:28:46+05:30,1256,169.8,39.0,33.2,51.8,742,38,7,211.9
2025-11-28 06:29:46+05:30,1256,171.5,42.1,33.3,50.5,784,20,4,136.2
2025-11-28 06:30:46+05:30,1256,170.2,36.0,33.1,53.1,644,22,4,198.4
2025-11-28 06:31:46+05:30,1256,172.3,38.3,32.8,53.8,605,14,9,195.6
2025-11-28 06:32:46+05:30,1256,165.2,37.1,33.5,56.7,648,49,1,150.7
2025-11-28 06:33:46+05:30,1256,170.6,38.8,33.3,49.0,623,37,13,176.2
2025-11-28 06:34:46+05:30,1256,170.5,42.8,33.4,53.2,743,39,5,171.6
2025-11-28 06:35:46+05:30,1256,172.7,36.5,33.4,52.6,684,33,3,190.8
2025-11-28 06:36:46+05:30,1256,171.2,37.1,33.3,49.5,638,36,2,168.0
2025-11-28 06:37:46+05:30,1256,166.9,38.6,34.0,45.9,701,27,2,196.3
2025-11-28 06:38:46+05:30,1256,164.2,38.0,32.9,48.2,643,26,5,149.3
2025-11-28 06:39:46+05:30,1256,175.3,42.9,33.6,51.2,723,26,2,185.0
2025-11-28 06:40:46+05:30,1256,170.6,36.9,32.9,50.8,674,31,2,193.4
2025-11-28 06:41:46+05:30,1256,166.3,43.9,32.7,49.9,701,25,7,188.2
2025-11-28 06:42:46+05:30,1256,167.3,40.2,33.6,52.3,734,36,2,202.1
2025-11-28 06:43:46+05:30,1256,170.4,43.6,33.5,56.0,665,19,8,185.5
2025-11-28 06:44:46+05:30,1256,168.0,34.8,33.5,51.2,614,39,6,206.3
2025-11-28 06:45:46+05:30,1256,168.4,41.6,32.6,47.6,619,11,4,209.9
2025-11-28 06:46:46+05:30,1256,167.4,42.7,32.8,53.6,691,25,1,208.3
2025-11-28 06:47:46+05:30,1256,173.7,36.0,33.3,52.7,668,21,2,161.2
2025-11-28 06:48:46+05:30,1256,169.7,38.2,32.3,53.0,673,20,5,186.4
2025-11-28 06:49:46+05:30,1256,168.6,40.4,33.1,51.8,625,43,0,155.1
2025-11-28 06:50:46+05:30,1256,165.7,40.1,33.6,50.5,648,51,3,158.2
2025-11-28 06:51:46+05:30,1256,166.7,39.0,33.4,52.5,650,34,5,185.7
2025-11-28 06:52:46+05:30,1256,171.9,40.3,33.5,54.3,608,16,10,188.2
2025-11-28 06:53:46+05:30,1256,165.2,37.2,33.0,55.5,679,34,5,185.2
2025-11-28 06:54:46+05:30,1256,165.9,40.5,33.0,49.1,655,5,6,209.6
2025-11-28 06:55:46+05:30,1256,163.0,40.7,33.3,50.2,658,42,5,187.0
2025-11-28 06:56:46+05:30,1256,170.3,40.2,33.6,49.5,620,32,5,160.8
2025-11-28 06:57:46+05:30,1256,172.2,45.2,33.3,49.4,689,25,3,154.0
2025-11-28 06:58:46+05:30,1256,170.6,41.3,33.1,53.0,733,45,4,195.2
2025-11-28 06:59:46+05:30,1256,170.3,35.4,33.7,52.1,694,28,3,164.5
2025-11-28 07:00:46+05:30,1256,173.3,41.1,33.4,52.3,618,45,2,190.3
2025-11-28 07:01:46+05:30,1256,169.1,39.7,33.7,54.3,659,47,4,223.8
2025-11-28 07:02:46+05:30,1256,179.0,40.5,33.2,52.4,629,43,5,159.9
2025-11-28 07:03:46+05:30,1256,173.5,37.7,33.3,52.7,613,36,4,168.4
2025-11-28 07:04:46+05:30,1256,170.4,46.7,33.2,50.7,557,44,0,191.6
2025-11-28 07:05:46+05:30,1256,167.2,34.3,33.1,53.3,599,28,1,147.9
2025-11-28 07:06:46+05:30,1256,165.4,44.9,33.2,49.4,675,31,3,164.2
2025-11-28 07:07:46+05:30,1256,171.7,37.0,33.5,52.6,745,32,8,156.3
2025-11-28 07:08:46+05:30,1256,173.2,36.5,33.3,49.9,632,29,0,170.7
2025-11-28 07:09:46+05:30,1256,165.6,39.6,33.2,53.7,659,5,6,184.3
2025-11-28 07:10:46+05:30,1256,169.9,36.0,33.5,53.4,668,20,2,188.6
2025-11-28 07:11:46+05:30,1256,169.0,41.6,33.5,51.8,723,21,4,171.3
2025-11-28 07:12:46+05:30,1256,171.6,36.8,33.1,54.4,647,44,6,200.9
2025-11-28 07:13:46+05:30,1256,167.0,41.7,33.6,50.4,568,5,5,158.3
2025-11-28 07:14:46+05:30,1256,176.0,38.8,33.1,51.9,643,30,0,179.1
2025-11-28 07:15:46+05:30,1256,167.6,44.6,33.7,50.6,573,38,5,225.7
2025-11-28 07:16:46+05:30,1256,174.4,40.6,33.6,54.9,664,27,8,161.1
2025-11-28 07:17:46+05:30,1256,169.2,38.6,33.4,47.6,659,29,5,207.5
2025-11-28 07:18:46+05:30,1256,167.2,42.9,33.6,48.9,611,35,5,198.8
2025-11-28 07:19:46+05:30,1256,175.9,42.2,33.2,51.0,576,24,10,180.6
2025-11-28 07:20:46+05:30,1256,170.2,39.4,32.8,55.2,661,25,0,174.4
2025-11-28 07:21:46+05:30,1256,172.4,39.0,33.7,56.5,715,26,3,205.6
2025-11-28 07:22:46+05:30,1256,171.9,43.4,33.0,51.1,694,14,1,150.6
2025-11-28 07:23:46+05:30,1256,171.5,46.1,33.5,54.6,646,31,1,156.3
2025-11-28 07:24:46+05:30,1256,171.0,45.9,33.4,51.9,666,47,4,164.2
2025-11-28 07:25:46+05:30,1256,170.9,39.7,33.4,54.2,641,38,5,200.4
2025-11-28 07:26:46+05:30,1256,175.3,39.4,33.2,49.5,611,25,3,154.5
2025-11-28 07:27:46+05:30,1256,173.4,39.6,33.4,54.3,593,17,7,157.4
2025-11-28 07:28:46+05:30,1256,171.0,39.8,33.5,52.1,638,13,7,158.0
2025-11-28 07:29:46+05:30,1256,166.6,41.6,33.4,51.4,698,41,4,174.8
2025-11-28 07:30:46+05:30,1256,168.0,42.1,33.1,53.7,759,28,4,181.4
2025-11-28 07:31:46+05:30,1256,169.2,39.7,33.4,49.0,642,20,1,188.7
2025-11-28 07:32:46+05:30,1256,169.6,38.6,32.8,51.4,718,23,3,192.2
2025-11-28 07:33:46+05:30,1256,167.2,38.8,33.1,49.2,696,23,5,183.4
2025-11-28 07:34:46+05:30,1256,166.5,39.3,33.3,52.6,627,25,0,207.0
2025-11-28 07:35:46+05:30,1256,162.1,40.3,33.1,49.6,526,19,4,175.9
2025-11-28 07:36:46+05:30,1256,175.9,40.0,32.8,52.9,612,44,8,192.1
2025-11-28 07:37:46+05:30,1256,171.5,43.3,33.1,50.2,624,27,6,212.2
2025-11-28 07:38:46+05:30,1256,170.1,43.6,33.5,50.8,540,22,6,185.2
2025-11-28 07:39:46+05:30,1256,167.8,39.8,33.7,51.4,730,26,3,147.4
2025-11-28 07:40:46+05:30,1256,164.1,42.3,32.9,50.3,664,29,1,175.2
2025-11-28 07:41:46+05:30,1256,171.3,42.1,33.2,53.7,677,28,8,209.1
2025-11-28 07:42:46+05:30,1256,173.3,38.1,33.2,52.9,639,37,5,213.0
2025-11-28 07:43:46+05:30,1256,168.6,37.5,33.3,49.2,683,38,8,161.0
2025-11-28 07:44:46+05:30,1256,168.6,43.5,33.6,50.0,645,16,5,160.8
2025-11-28 07:45:46+05:30,1256,165.3,38.9,33.0,52.8,593,25,3,169.1
2025-11-28 07:46:46+05:30,1256,168.3,39.8,32.8,53.8,700,27,6,203.0
2025-11-28 07:47:46+05:30,1256,169.0,35.4,33.6,53.3,587,30,4,162.7
2025-11-28 07:48:46+05:30,1256,169.1,38.6,33.4,51.1,683,42,6,190.2
2025-11-28 07:49:46+05:30,1256,169.0,42.3,33.3,48.8,666,34,4,192.0
2025-11-28 07:50:46+05:30,1256,171.2,41.7,33.2,53.5,586,28,3,215.4
2025-11-28 07:51:46+05:30,1256,168.8,38.6,33.6,51.2,616,25,9,166.9
2025-11-28 07:52:46+05:30,1256,171.8,37.2,33.5,51.6,655,22,4,171.8
2025-11-28 07:53:46+05:30,1256,170.9,35.9,33.3,53.5,645,43,1,177.1
2025-11-28 07:54:46+05:30,1256,165.2,40.5,33.3,48.8,642,27,6,174.1
2025-11-28 07:55:46+05:30,1256,165.7,38.9,33.0,51.4,567,34,8,202.0
2025-11-28 07:56:46+05:30,1256,167.1,39.2,33.4,49.4,680,12,5,189.6
2025-11-28 07:57:46+05:30,1256,172.8,37.4,33.5,55.7,621,38,3,174.4
2025-11-28 07:58:46+05:30,1256,172.0,45.7,33.5,54.3,621,41,6,153.7
2025-11-28 07:59:46+05:30,1256,167.2,41.6,33.1,53.1,612,49,1,166.2
2025-11-28 08:00:46+05:30,1256,172.6,40.1,33.7,50.9,672,21,8,183.1
2025-11-28 08:01:46+05:30,1256,175.2,37.3,33.4,50.8,643,33,2,162.7
2025-11-28 08:02:46+05:30,1256,169.8,42.9,33.2,50.7,677,33,3,160.3
2025-11-28 08:03:46+05:30,1256,170.3,43.7,33.1,50.7,739,39,0,209.7
2025-11-28 08:04:46+05:30,1256,171.6,43.0,33.5,52.8,677,31,6,191.6
2025-11-28 08:05:46+05:30,1256,172.4,39.1,33.4,52.5,687,38,8,164.7
2025-11-28 08:06:46+05:30,1256,173.0,40.5,33.6,51.0,645,27,0,194.6
2025-11-28 08:07:46+05:30,1256,169.3,44.2,33.9,51.6,629,19,5,168.4
2025-11-28 08:08:46+05:30,1256,170.1,43.2,34.0,51.4,706,19,5,197.8
2025-11-28 08:09:46+05:30,1256,170.4,38.2,33.1,53.0,634,35,6,165.8
2025-11-28 08:10:46+05:30,1256,170.4,42.9,34.0,51.8,674,31,4,236.2
2025-11-28 08:11:46+05:30,1256,161.9,40.2,33.5,53.1,649,47,7,179.0
2025-11-28 08:12:46+05:30,1256,172.4,38.6,33.4,49.0,726,41,8,208.0
2025-11-28 08:13:46+05:30,1256,169.3,37.7,32.9,49.8,707,22,2,183.4
2025-11-28 08:14:46+05:30,1256,171.8,38.9,33.4,52.4,697,29,1,194.3
2025-11-28 08:15:46+05:30,1256,172.9,34.8,33.3,55.3,703,29,5,175.9
2025-11-28 08:16:46+05:30,1256,168.0,38.9,33.3,53.3,608,27,5,173.2
2025-11-28 08:17:46+05:30,1256,162.2,41.0,33.3,50.1,708,36,6,209.3
2025-11-28 08:18:46+05:30,1256,173.0,39.9,33.6,52.7,608,19,4,172.2
2025-11-28 08:19:46+05:30,1256,172.2,44.6,33.9,52.4,694,26,0,187.6
2025-11-28 08:20:46+05:30,1256,161.8,36.9,33.7,48.8,640,14,2,146.4
2025-11-28 08:21:46+05:30,1256,169.4,39.1,32.7,56.0,588,27,7,201.3
2025-11-28 08:22:46+05:30,1256,170.8,35.6,33.3,55.1,655,19,4,174.9
2025-11-28 08:23:46+05:30,1256,171.9,43.8,33.2,52.3,668,31,9,198.4
2025-11-28 08:24:46+05:30,1256,166.8,41.2,32.8,51.3,631,41,3,157.6
2025-11-28 08:25:46+05:30,1256,167.8,38.4,33.0,52.5,642,26,7,167.7
2025-11-28 08:26:46+05:30,1256,171.7,43.0,33.1,52.2,648,27,4,128.9
2025-11-28 08:27:46+05:30,1256,171.4,40.5,32.9,50.2,677,31,7,185.2
2025-11-28 08:28:46+05:30,1256,171.5,37.2,33.3,49.9,716,56,3,166.6
2025-11-28 08:29:46+05:30,1256,169.5,46.3,33.5,54.3,692,48,3,167.2
2025-11-28 08:30:46+05:30,1256,174.1,46.3,33.4,50.7,581,46,0,171.4
2025-11-28 08:31:46+05:30,1256,170.5,42.0,33.3,52.9,569,27,9,192.7
2025-11-28 08:32:46+05:30,1256,173.1,38.9,32.5,54.7,647,28,1,186.1
2025-11-28 08:33:46+05:30,1256,168.9,42.9,33.7,51.1,660,47,7,189.9
2025-11-28 08:34:46+05:30,1256,168.6,44.0,33.4,50.8,731,34,4,158.9
2025-11-28 08:35:46+05:30,1256,162.7,40.2,33.1,52.6,638,17,3,201.6
2025-11-28 08:36:46+05:30,1256,166.0,41.8,33.4,51.2,610,29,2,207.4
2025-11-28 08:37:46+05:30,1256,165.6,40.4,33.6,52.6,711,41,7,175.3
2025-11-28 08:38:46+05:30,1256,173.0,45.0,33.0,51.2,705,59,9,191.9
2025-11-28 08:39:46+05:30,1256,167.0,34.6,33.3,51.7,737,26,3,165.2
2025-11-28 08:40:46+05:30,1256,172.2,40.1,33.1,54.2,628,47,2,193.0
2025-11-28 08:41:46+05:30,1256,170.7,42.4,33.2,52.0,643,39,2,193.5
2025-11-28 08:42:46+05:30,1256,168.5,36.9,33.2,52.4,646,26,6,200.2
2025-11-28 08:43:46+05:30,1256,165.0,42.0,33.6,52.6,648,12,0,165.4
2025-11-28 08:44:46+05:30,1256,166.7,39.8,33.5,49.5,653,31,4,198.9
2025-11-28 08:45:46+05:30,1256,171.5,33.5,33.6,50.1,709,33,2,186.6
2025-11-28 08:46:46+05:30,1256,170.4,40.1,33.3,51.8,650,28,8,144.4
2025-11-28 08:47:46+05:30,1256,172.2,40.4,33.3,51.7,597,26,10,179.9
2025-11-28 08:48:46+05:30,1256,166.2,42.6,33.3,55.4,611,24,7,184.7
2025-11-28 08:49:46+05:30,1256,166.8,36.6,33.1,49.9,660,24,4,158.5
2025-11-28 08:50:46+05:30,1256,165.4,37.6,32.4,52.5,627,27,7,158.6
2025-11-28 08:51:46+05:30,1256,169.4,42.8,33.1,50.0,692,30,5,179.8
2025-11-28 08:52:46+05:30,1256,171.3,41.2,33.0,52.1,621,34,1,169.8
2025-11-28 08:53:46+05:30,1256,167.7,45.0,33.4,53.0,668,31,7,156.6
2025-11-28 08:54:46+05:30,1256,170.2,35.1,33.3,54.1,637,55,1,190.3
2025-11-28 08:55:46+05:30,1256,167.6,43.8,33.5,53.4,662,24,3,206.6
2025-11-28 08:56:46+05:30,1256,165.8,39.7,33.3,56.2,593,23,0,174.4
2025-11-28 08:57:46+05:30,1256,168.7,44.0,33.0,53.8,652,21,1,147.1
2025-11-28 08:58:46+05:30,1256,172.8,34.9,32.8,48.6,586,15,0,181.1
2025-11-28 08:59:46+05:30,1256,170.8,39.0,33.9,52.6,643,37,4,178.6
2025-11-28 09:00:46+05:30,1256,167.9,40.1,33.2,55.4,697,37,4,168.5
2025-11-28 09:01:46+05:30,1256,170.4,45.1,33.3,50.9,591,26,2,170.1
2025-11-28 09:02:46+05:30,1256,170.6,40.5,33.5,52.3,687,31,4,157.8
2025-11-28 09:03:46+05:30,1256,171.5,38.3,33.5,51.3,668,32,1,195.4
2025-11-28 09:04:46+05:30,1256,171.6,43.4,34.0,49.9,581,38,2,187.6
2025-11-28 09:05:46+05:30,1256,172.7,35.8,33.3,48.1,712,32,3,162.2
2025-11-28 09:06:46+05:30,1256,175.8,36.1,33.6,49.0,683,42,12,172.8
2025-11-28 09:07:46+05:30,1256,173.2,41.8,33.3,54.0,625,55,6,195.5
2025-11-28 09:08:46+05:30,1256,164.6,42.8,33.3,50.6,626,52,7,165.6
2025-11-28 09:09:46+05:30,1256,165.6,40.1,33.0,54.6,657,27,5,200.3
2025-11-28 09:10:46+05:30,1256,167.2,40.1,33.3,55.9,658,42,0,184.6
2025-11-28 09:11:46+05:30,1256,169.3,41.1,33.3,52.7,663,23,0,199.2
2025-11-28 09:12:46+05:30,1256,167.8,36.4,33.6,49.8,716,9,5,174.7
2025-11-28 09:13:46+05:30,1256,169.5,40.2,33.6,52.2,610,35,6,185.1
2025-11-28 09:14:46+05:30,1256,164.8,40.0,33.9,52.4,645,40,8,189.2
2025-11-28 09:15:46+05:30,1256,171.0,37.5,33.4,48.3,557,25,5,191.4
2025-11-28 09:16:46+05:30,1256,173.5,39.7,33.5,46.6,640,36,7,176.9
2025-11-28 09:17:46+05:30,1256,171.1,36.9,33.7,51.0,647,17,4,193.9
2025-11-28 09:18:46+05:30,1256,167.0,40.7,33.6,49.4,574,23,2,178.4
2025-11-28 09:19:46+05:30,1256,168.5,39.5,33.6,50.9,677,10,8,187.4
2025-11-28 09:20:46+05:30,1256,168.9,39.5,33.5,47.7,635,38,2,181.1
2025-11-28 09:21:46+05:30,1256,167.4,40.9,33.4,52.1,669,23,5,147.7
2025-11-28 09:22:46+05:30,1256,165.6,40.3,33.0,52.8,693,34,4,164.8
2025-11-28 09:23:46+05:30,1256,173.4,41.5,33.1,49.7,633,15,2,149.7
2025-11-28 09:24:46+05:30,1256,169.0,36.0,32.7,52.0,696,23,2,158.2
2025-11-28 09:25:46+05:30,1256,171.4,44.0,33.3,53.6,617,32,6,174.3
2025-11-28 09:26:46+05:30,1256,172.8,35.5,33.8,52.4,645,24,1,186.6
2025-11-28 09:27:46+05:30,1256,170.9,34.8,33.6,49.2,709,36,1,194.3
2025-11-28 09:28:46+05:30,1256,171.6,47.3,33.4,49.4,713,16,3,146.6
2025-11-28 09:29:46+05:30,1256,168.6,40.9,33.5,52.3,708,28,1,187.0
2025-11-28 09:30:46+05:30,1256,164.2,37.9,33.3,56.1,578,33,9,196.6
2025-11-28 09:31:46+05:30,1256,177.8,40.4,33.1,49.7,601,38,1,184.9
2025-11-28 09:32:46+05:30,1256,173.7,40.7,32.8,54.4,589,39,4,176.3
2025-11-28 09:33:46+05:30,1256,172.6,41.9,33.0,52.3,577,16,3,185.8
2025-11-28 09:34:46+05:30,1256,170.7,38.5,33.0,49.5,655,26,4,191.0
2025-11-28 09:35:46+05:30,1256,170.9,37.7,32.8,54.2,666,33,3,169.0
2025-11-28 09:36:46+05:30,1256,172.3,44.7,33.8,53.9,628,21,4,208.0
2025-11-28 09:37:46+05:30,1256,173.7,41.5,32.4,52.4,629,35,7,176.1
2025-11-28 09:38:46+05:30,1256,170.4,42.2,33.7,48.1,667,34,5,182.3
2025-11-28 09:39:46+05:30,1256,169.1,40.2,33.4,51.9,711,16,5,182.0
2025-11-28 09:40:46+05:30,1256,170.3,40.1,33.2,53.8,703,40,4,158.6
2025-11-28 09:41:46+05:30,1256,174.5,43.1,33.5,51.9,774,33,0,170.5
2025-11-28 09:42:46+05:30,1256,170.1,38.3,33.5,50.7,655,30,9,185.4
2025-11-28 09:43:46+05:30,1256,170.1,40.8,33.9,49.6,713,23,0,193.5
2025-11-28 09:44:46+05:30,1256,172.6,39.6,33.5,52.6,651,38,2,198.9
2025-11-28 09:45:46+05:30,1256,171.7,39.7,33.4,55.8,644,35,7,176.2
2025-11-28 09:46:46+05:30,1256,174.3,35.8,33.2,51.2,711,36,5,158.8
2025-11-28 09:47:46+05:30,1256,174.9,36.2,33.0,50.0,616,0,2,156.5
2025-11-28 09:48:46+05:30,1256,165.8,41.1,32.9,54.6,654,19,4,144.7
2025-11-28 09:49:46+05:30,1256,166.7,45.2,33.1,48.2,619,40,10,152.5
2025-11-28 09:50:46+05:30,1256,171.9,38.6,33.5,53.6,724,21,5,155.0
2025-11-28 09:51:46+05:30,1256,166.9,36.0,33.1,52.1,721,31,9,177.2
2025-11-28 09:52:46+05:30,1256,174.8,44.1,33.2,49.6,671,34,3,187.8
2025-11-28 09:53:46+05:30,1256,167.4,37.5,33.6,48.6,592,30,5,176.2
2025-11-28 09:54:46+05:30,1256,173.2,35.0,33.4,51.3,693,33,4,176.7
2025-11-28 09:55:46+05:30,1256,166.1,41.2,33.1,52.2,630,30,7,161.8
2025-11-28 09:56:46+05:30,1256,174.6,44.3,33.4,50.8,600,30,2,159.7
2025-11-28 09:57:46+05:30,1256,168.4,38.4,33.4,50.9,657,32,2,213.1
2025-11-28 09:58:46+05:30,1256,163.4,45.4,33.2,54.0,555,34,5,213.6
2025-11-28 09:59:46+05:30,1256,167.8,38.0,32.8,51.5,568,31,7,154.6
2025-11-28 10:00:46+05:30,1256,172.0,39.5,33.8,52.1,648,43,2,170.1
2025-11-28 10:01:46+05:30,1256,166.8,36.7,33.5,47.8,705,27,4,182.1
2025-11-28 10:02:46+05:30,1256,169.3,40.7,33.1,51.7,636,27,8,167.9
2025-11-28 10:03:46+05:30,1256,172.2,40.1,32.8,52.3,719,14,3,187.2
2025-11-28 10:04:46+05:30,1256,169.7,36.8,32.8,52.7,623,33,0,182.3
2025-11-28 10:05:46+05:30,1256,166.9,38.8,33.2,50.1,630,22,5,196.1
2025-11-28 10:06:46+05:30,1256,169.4,37.9,33.9,53.7,713,34,10,188.7
2025-11-28 10:07:46+05:30,1256,171.8,40.1,33.3,53.3,586,31,6,160.3
2025-11-28 10:08:46+05:30,1256,169.8,42.6,32.8,54.2,670,16,7,191.3
2025-11-28 10:09:46+05:30,1256,169.5,40.1,32.6,51.7,585,36,2,139.5
2025-11-28 10:10:46+05:30,1256,172.7,40.9,33.1,53.0,589,18,7,142.6
2025-11-28 10:11:46+05:30,1256,168.2,38.2,33.1,47.9,637,24,3,190.1
2025-11-28 10:12:46+05:30,1256,170.1,42.0,33.5,54.7,709,15,3,177.8
2025-11-28 10:13:46+05:30,1256,173.1,39.5,33.0,51.6,654,47,3,164.2
2025-11-28 10:14:46+05:30,1256,164.9,39.8,33.7,51.0,661,36,8,206.5
2025-11-28 10:15:46+05:30,1256,169.7,38.9,33.4,54.7,619,29,5,216.1
2025-11-28 10:16:46+05:30,1256,166.3,34.1,32.9,53.2,631,18,8,200.3
2025-11-28 10:17:46+05:30,1256,170.7,37.5,33.6,48.4,633,42,9,175.1
2025-11-28 10:18:46+05:30,1256,172.3,44.0,33.6,58.5,602,25,5,207.8
2025-11-28 10:19:46+05:30,1256,171.1,38.6,33.0,53.7,574,3,0,159.9
2025-11-28 10:20:46+05:30,1256,167.3,38.2,33.0,50.9,635,23,7,154.9
2025-11-28 10:21:46+05:30,1256,174.0,42.2,32.9,49.9,644,22,5,195.8
2025-11-28 10:22:46+05:30,1256,168.5,42.0,33.7,54.4,723,26,8,179.6
2025-11-28 10:23:46+05:30,1256,170.2,35.6,33.7,54.8,616,40,6,164.1
2025-11-28 10:24:46+05:30,1256,177.3,38.1,32.9,52.4,768,26,3,176.2
2025-11-28 10:25:46+05:30,1256,177.0,39.7,33.1,53.2,593,37,2,168.1
2025-11-28 10:26:46+05:30,1256,168.1,46.4,33.1,54.1,682,25,5,187.8
2025-11-28 10:27:46+05:30,1256,165.7,40.4,33.5,49.3,638,38,6,188.2
2025-11-28 10:28:46+05:30,1256,168.3,39.9,33.6,54.9,595,26,8,165.3
2025-11-28 10:29:46+05:30,1256,171.8,41.2,33.4,53.6,678,23,7,166.7
2025-11-28 10:30:46+05:30,1256,172.3,44.8,33.3,51.3,706,23,3,159.7
2025-11-28 10:31:46+05:30,1256,171.8,40.0,33.9,52.8,672,28,7,165.1
2025-11-28 10:32:46+05:30,1256,169.8,35.1,33.6,52.0,670,33,4,173.5
2025-11-28 10:33:46+05:30,1256,165.1,37.5,32.9,50.6,625,36,0,202.7
2025-11-28 10:34:46+05:30,1256,166.9,38.4,32.2,54.2,627,33,5,180.0
2025-11-28 10:35:46+05:30,1256,167.5,42.0,32.9,55.5,622,32,4,192.7
2025-11-28 10:36:46+05:30,1256,178.9,40.4,33.3,48.8,605,34,9,206.3
2025-11-28 10:37:46+05:30,1256,174.7,34.1,33.5,53.6,698,22,5,202.5
2025-11-28 10:38:46+05:30,1256,169.9,44.7,33.5,52.9,633,22,4,185.0
2025-11-28 10:39:46+05:30,1256,169.2,40.8,33.4,52.7,764,34,5,168.3
2025-11-28 10:40:46+05:30,1256,172.2,38.5,33.5,51.8,707,54,5,175.0
2025-11-28 10:41:46+05:30,1256,169.0,40.3,33.0,47.7,691,30,0,198.9
2025-11-28 10:42:46+05:30,1256,166.3,38.8,33.8,55.9,635,28,9,177.6
2025-11-28 10:43:46+05:30,1256,172.1,43.2,33.4,53.6,621,20,9,153.7
2025-11-28 10:44:46+05:30,1256,166.2,38.1,33.9,50.6,635,33,0,178.5
2025-11-28 10:45:46+05:30,1256,173.4,38.0,33.1,49.5,610,9,4,149.3
2025-11-28 10:46:46+05:30,1256,166.7,43.8,33.1,52.5,703,25,2,138.9
2025-11-28 10:47:46+05:30,1256,169.1,38.2,33.6,50.0,672,38,4,192.5
2025-11-28 10:48:46+05:30,1256,172.4,39.8,33.3,55.1,523,22,3,199.8
2025-11-28 10:49:46+05:30,1256,165.5,39.2,33.3,52.3,655,30,6,192.4
2025-11-28 10:50:46+05:30,1256,169.7,38.0,32.8,53.2,620,40,0,192.4
2025-11-28 10:51:46+05:30,1256,173.7,41.5,33.5,55.4,618,14,0,199.9
2025-11-28 10:52:46+05:30,1256,169.3,43.8,33.0,52.7,656,33,5,179.6
2025-11-28 10:53:46+05:30,1256,168.3,40.5,33.1,50.0,628,28,1,189.7
2025-11-28 10:54:46+05:30,1256,170.7,35.4,32.8,53.8,600,36,9,155.7
2025-11-28 10:55:46+05:30,1256,173.5,38.5,33.3,57.6,651,38,5,158.2
2025-11-28 10:56:46+05:30,1256,175.7,36.5,33.5,52.7,674,26,5,159.5
2025-11-28 10:57:46+05:30,1256,164.0,40.3,33.0,49.7,766,23,6,160.7
2025-11-28 10:58:46+05:30,1256,169.4,41.5,33.7,52.9,639,11,10,154.3
2025-11-28 10:59:46+05:30,1256,173.6,40.6,33.0,53.2,644,21,9,170.1
2025-11-28 11:00:46+05:30,1256,172.6,37.6,33.1,50.3,644,23,5,165.0
2025-11-28 11:01:46+05:30,1256,166.5,42.1,33.4,50.3,700,3,3,181.0
2025-11-28 11:02:46+05:30,1256,168.8,41.1,33.8,48.2,649,49,3,169.6
2025-11-28 11:03:46+05:30,1256,171.4,40.0,33.0,54.7,667,44,6,161.9
2025-11-28 11:04:46+05:30,1256,172.9,39.5,33.2,52.6,610,16,3,164.1
2025-11-28 11:05:46+05:30,1256,173.5,42.3,32.9,52.5,712,33,7,177.2
2025-11-28 11:06:46+05:30,1256,172.3,43.2,33.3,52.3,645,34,0,176.5
2025-11-28 11:07:46+05:30,1256,164.8,39.0,32.9,52.8,627,24,6,189.1
2025-11-28 11:08:46+05:30,1256,171.6,36.7,33.3,54.4,614,29,7,167.1
2025-11-28 11:09:46+05:30,1256,170.9,33.1,33.9,53.8,653,31,0,176.5
2025-11-28 11:10:46+05:30,1256,170.0,46.1,33.5,50.2,620,15,5,168.9
2025-11-28 11:11:46+05:30,1256,169.2,34.6,32.5,55.5,600,22,5,172.2
2025-11-28 11:12:46+05:30,1256,169.6,36.8,33.5,56.1,620,18,1,211.7
2025-11-28 11:13:46+05:30,1256,169.2,39.5,34.0,51.3,684,17,2,175.4
2025-11-28 11:14:46+05:30,1256,169.6,40.7,33.2,53.1,644,27,3,202.5
2025-11-28 11:15:46+05:30,1256,165.3,38.9,33.2,49.4,641,32,1,183.0
2025-11-28 11:16:46+05:30,1256,169.3,44.9,33.2,50.6,651,24,4,182.4
2025-11-28 11:17:46+05:30,1256,170.8,39.0,33.6,52.3,612,40,5,162.9
2025-11-28 11:18:46+05:30,1256,168.4,41.1,32.8,54.2,666,28,6,209.9
2025-11-28 11:19:46+05:30,1256,166.7,33.7,33.7,51.2,588,39,8,178.4
2025-11-28 11:20:46+05:30,1256,173.1,40.4,34.0,55.8,685,37,3,199.4
2025-11-28 11:21:46+05:30,1256,177.5,41.1,33.7,53.8,702,43,10,206.5
2025-11-28 11:22:46+05:30,1256,171.9,40.4,32.8,50.7,646,33,7,186.1
2025-11-28 11:23:46+05:30,1256,172.4,41.8,32.9,51.1,721,37,3,140.6
2025-11-28 11:24:46+05:30,1256,170.7,42.7,33.1,51.6,674,20,5,161.8
2025-11-28 11:25:46+05:30,1256,167.4,37.3,33.5,47.4,702,29,9,178.2
2025-11-28 11:26:46+05:30,1256,171.1,38.3,33.5,47.2,639,32,0,162.4
2025-11-28 11:27:46+05:30,1256,177.9,41.2,33.3,54.2,690,28,4,183.4
2025-11-28 11:28:46+05:30,1256,169.6,42.6,32.7,48.4,673,17,3,220.9
2025-11-28 11:29:46+05:30,1256,163.8,41.2,33.3,52.3,625,26,8,206.1
2025-11-28 11:30:46+05:30,1256,166.6,41.9,33.7,50.2,599,30,5,159.2
2025-11-28 11:31:46+05:30,1256,168.8,35.1,33.7,56.3,720,21,8,184.8
2025-11-28 11:32:46+05:30,1256,163.3,37.3,33.4,48.2,660,22,6,165.1
2025-11-28 11:33:46+05:30,1256,172.2,42.5,33.2,54.1,736,51,6,195.0
2025-11-28 11:34:46+05:30,1256,170.0,37.0,33.4,50.4,620,30,12,149.5
2025-11-28 11:35:46+05:30,1256,167.0,42.6,33.7,51.0,572,22,3,193.9
2025-11-28 11:36:46+05:30,1256,168.0,38.6,33.4,49.8,664,38,6,166.8
2025-11-28 11:37:46+05:30,1256,176.1,38.4,33.3,56.6,618,12,5,178.2
2025-11-28 11:38:46+05:30,1256,168.6,37.6,33.0,48.2,651,24,4,173.3
2025-11-28 11:39:46+05:30,1256,165.1,39.6,33.3,51.4,664,64,3,191.9
2025-11-28 11:40:46+05:30,1256,177.5,37.2,33.3,51.9,741,23,3,188.8
2025-11-28 11:41:46+05:30,1256,166.2,43.4,33.5,53.4,577,51,0,156.7
2025-11-28 11:42:46+05:30,1256,171.1,41.4,33.6,51.7,700,39,3,167.0
2025-11-28 11:43:46+05:30,1256,166.4,38.0,32.7,51.2,719,37,3,137.7
2025-11-28 11:44:46+05:30,1256,168.8,39.6,33.1,50.0,666,36,5,170.5
2025-11-28 11:45:46+05:30,1256,164.4,38.7,33.1,52.8,628,32,2,218.5
2025-11-28 11:46:46+05:30,1256,171.2,43.3,33.0,54.2,704,29,4,197.9
2025-11-28 11:47:46+05:30,1256,168.1,45.0,33.7,52.3,592,20,5,178.7
2025-11-28 11:48:46+05:30,1256,167.0,40.1,33.2,55.7,698,45,5,188.2
2025-11-28 11:49:46+05:30,1256,170.7,39.6,33.0,51.5,688,29,0,154.7
2025-11-28 11:50:46+05:30,1256,173.2,45.3,32.7,52.3,636,19,8,169.8
2025-11-28 11:51:46+05:30,1256,168.2,36.1,33.2,55.6,645,26,2,163.1
2025-11-28 11:52:46+05:30,1256,173.4,42.9,33.3,53.6,637,11,6,167.3
2025-11-28 11:53:46+05:30,1256,166.6,35.5,33.5,56.5,649,13,1,152.4
2025-11-28 11:54:46+05:30,1256,169.6,43.4,33.0,48.6,713,15,2,181.7
2025-11-28 11:55:46+05:30,1256,172.1,40.2,33.3,49.3,650,31,4,185.3
2025-11-28 11:56:46+05:30,1256,169.5,40.6,33.2,52.8,591,29,4,180.1
2025-11-28 11:57:46+05:30,1256,170.4,37.8,32.9,55.1,659,30,5,144.4
2025-11-28 11:58:46+05:30,1256,166.1,36.5,33.4,49.9,659,23,13,191.3
2025-11-28 11:59:46+05:30,1256,166.3,33.6,33.5,53.0,636,18,2,197.2
2025-11-28 12:00:46+05:30,1256,172.6,39.5,33.5,50.8,581,27,3,179.2
2025-11-28 12:01:46+05:30,1256,166.3,38.0,33.7,53.0,712,45,7,206.8
2025-11-28 12:02:46+05:30,1256,165.8,37.8,33.4,50.9,676,23,4,181.4
2025-11-28 12:03:46+05:30,1256,171.3,39.6,33.7,52.2,575,31,7,213.2
2025-11-28 12:04:46+05:30,1256,173.5,37.7,33.3,52.5,664,34,6,185.1
2025-11-28 12:05:46+05:30,1256,172.7,37.9,32.6,44.5,719,29,3,167.3
2025-11-28 12:06:46+05:30,1256,166.7,39.5,33.5,51.8,657,32,11,155.1
2025-11-28 12:07:46+05:30,1256,171.6,41.3,32.9,56.7,598,30,10,188.1
2025-11-28 12:08:46+05:30,1256,166.6,41.8,33.2,54.6,640,48,0,167.2
2025-11-28 12:09:46+05:30,1256,172.3,35.4,32.8,51.1,706,25,1,172.9
2025-11-28 12:10:46+05:30,1256,168.1,41.5,33.3,48.8,670,33,8,201.1
2025-11-28 12:11:46+05:30,1256,173.6,41.0,33.2,50.4,616,25,6,154.7
2025-11-28 12:12:46+05:30,1256,167.5,37.5,33.5,51.2,764,16,0,187.8
2025-11-28 12:13:46+05:30,1256,169.5,43.2,33.5,49.7,554,36,8,138.2
2025-11-28 12:14:46+05:30,1256,168.2,37.7,33.4,51.5,749,46,7,180.3
2025-11-28 12:15:46+05:30,1256,174.2,40.8,33.7,51.5,654,22,10,155.2
2025-11-28 12:16:46+05:30,1256,167.4,36.2,33.2,51.9,666,24,9,150.4
2025-11-28 12:17:46+05:30,1256,170.5,40.7,33.4,49.1,601,17,7,174.2
2025-11-28 12:18:46+05:30,1256,168.5,42.0,33.1,52.1,598,28,1,208.3
2025-11-28 12:19:46+05:30,1256,168.6,41.0,33.1,49.7,645,28,0,190.8
2025-11-28 12:20:46+05:30,1256,173.9,42.2,33.4,52.5,603,38,4,199.6
2025-11-28 12:21:46+05:30,1256,168.1,36.8,33.1,55.0,513,28,2,191.8
2025-11-28 12:22:46+05:30,1256,168.3,41.9,33.1,52.8,665,12,2,163.0
2025-11-28 12:23:46+05:30,1256,171.6,37.1,33.4,52.5,678,38,5,199.9
2025-11-28 12:24:46+05:30,1256,174.3,41.9,33.1,50.3,662,37,3,178.7
2025-11-28 12:25:46+05:30,1256,171.9,37.0,33.5,51.4,726,35,8,196.1
2025-11-28 12:26:46+05:30,1256,171.9,45.5,33.5,50.9,627,36,6,148.7
2025-11-28 12:27:46+05:30,1256,173.2,35.6,34.1,55.8,645,29,7,169.4
2025-11-28 12:28:46+05:30,1256,173.7,37.5,33.5,51.8,741,26,8,146.6
2025-11-28 12:29:46+05:30,1256,174.8,39.2,32.8,57.3,535,42,6,163.1
2025-11-28 12:30:46+05:30,1256,166.4,40.6,33.1,54.4,648,41,0,199.3
2025-11-28 12:31:46+05:30,1256,167.3,35.9,33.8,52.4,745,38,6,186.4
2025-11-28 12:32:46+05:30,1256,166.5,41.5,33.6,51.0,676,31,0,192.7
2025-11-28 12:33:46+05:30,1256,177.1,40.7,33.3,54.5,695,40,3,181.4
2025-11-28 12:34:46+05:30,1256,171.6,38.5,33.8,50.4,703,43,6,193.4
2025-11-28 12:35:46+05:30,1256,167.4,40.8,33.4,49.1,575,20,2,154.0
2025-11-28 12:36:46+05:30,1256,173.2,41.5,33.6,52.4,636,12,4,171.0
2025-11-28 12:37:46+05:30,1256,169.4,44.3,33.4,49.4,613,23,3,176.4
2025-11-28 12:38:46+05:30,1256,171.2,41.0,33.5,52.3,560,32,7,165.3
2025-11-28 12:39:46+05:30,1256,170.5,39.7,33.2,53.0,643,46,9,166.6
2025-11-28 12:40:46+05:30,1256,173.1,41.8,33.2,48.7,676,17,1,184.9
2025-11-28 12:41:46+05:30,1256,168.1,46.1,33.6,52.6,623,32,4,170.4
2025-11-28 12:42:46+05:30,1256,172.4,35.8,33.4,49.4,649,29,7,146.4
2025-11-28 12:43:46+05:30,1256,168.1,35.0,33.0,49.9,631,8,0,152.6
2025-11-28 12:44:46+05:30,1256,173.6,39.4,33.4,51.5,612,37,0,194.4
2025-11-28 12:45:46+05:30,1256,172.3,38.4,33.2,51.7,655,30,4,188.1
2025-11-28 12:46:46+05:30,1256,166.1,40.2,33.3,53.2,713,6,10,184.0
2025-11-28 12:47:46+05:30,1256,170.9,36.6,33.1,54.4,663,36,1,156.1
2025-11-28 12:48:46+05:30,1256,170.4,42.4,33.4,51.2,602,30,6,154.0
2025-11-28 12:49:46+05:30,1256,168.7,43.8,32.9,52.7,681,28,7,199.5
2025-11-28 12:50:46+05:30,1256,172.4,33.3,33.5,53.2,595,7,12,180.4
2025-11-28 12:51:46+05:30,1256,168.3,42.7,33.3,49.0,646,55,8,172.2
2025-11-28 12:52:46+05:30,1256,166.7,40.0,32.9,51.8,622,18,0,184.2
2025-11-28 12:53:46+05:30,1256,169.9,43.3,33.5,51.5,744,15,5,222.8
2025-11-28 12:54:46+05:30,1256,166.7,37.1,33.2,53.1,655,38,10,172.6
2025-11-28 12:55:46+05:30,1256,170.7,38.6,33.0,52.5,674,20,1,200.8
2025-11-28 12:56:46+05:30,1256,170.2,38.8,33.9,50.9,517,20,2,195.7
2025-11-28 12:57:46+05:30,1256,168.4,38.3,33.4,52.5,646,37,3,190.0
2025-11-28 12:58:46+05:30,1256,168.4,43.0,33.5,49.6,691,19,7,167.7
2025-11-28 12:59:46+05:30,1256,168.2,37.6,33.3,53.7,692,35,5,188.4
2025-11-28 13:00:46+05:30,1256,170.6,38.4,33.1,53.8,684,37,7,174.5
2025-11-28 13:01:46+05:30,1256,165.8,37.9,33.3,49.6,613,34,1,176.5
2025-11-28 13:02:46+05:30,1256,174.0,40.7,33.5,54.3,704,47,10,195.6
2025-11-28 13:03:46+05:30,1256,169.3,39.6,33.4,45.9,630,21,8,153.2
2025-11-28 13:04:46+05:30,1256,166.4,37.7,33.8,50.3,545,28,8,167.5
2025-11-28 13:05:46+05:30,1256,167.0,41.7,33.6,53.2,651,31,3,138.1
2025-11-28 13:06:46+05:30,1256,172.0,39.4,32.8,52.6,690,50,7,208.2
2025-11-28 13:07:46+05:30,1256,172.8,42.7,33.3,49.2,674,40,5,163.0
2025-11-28 13:08:46+05:30,1256,175.8,36.8,33.2,51.9,610,9,0,212.7
2025-11-28 13:09:46+05:30,1256,167.5,38.9,33.6,53.2,743,27,7,171.8
2025-11-28 13:10:46+05:30,1256,169.0,40.5,33.4,48.1,683,38,8,201.1
2025-11-28 13:11:46+05:30,1256,163.4,41.4,33.4,51.9,732,10,0,182.2
2025-11-28 13:12:46+05:30,1256,169.1,38.2,33.1,51.7,642,17,2,195.2
2025-11-28 13:13:46+05:30,1256,176.7,40.9,33.7,54.7,625,36,4,202.6
2025-11-28 13:14:46+05:30,1256,172.9,38.9,33.7,53.1,573,33,3,205.4
2025-11-28 13:15:46+05:30,1256,171.1,45.0,33.3,54.5,678,35,8,196.8
2025-11-28 13:16:46+05:30,1256,169.3,40.8,33.3,49.8,675,17,5,194.0
2025-11-28 13:17:46+05:30,1256,170.6,40.9,33.3,51.4,707,20,7,202.9
2025-11-28 13:18:46+05:30,1256,172.6,43.5,33.5,53.4,605,33,1,176.1
2025-11-28 13:19:46+05:30,1256,171.8,38.7,33.4,53.6,676,17,6,181.1
2025-11-28 13:20:46+05:30,1256,168.6,40.2,33.2,52.3,620,34,5,193.8
2025-11-28 13:21:46+05:30,1256,164.8,39.7,33.6,50.8,646,25,3,204.9
2025-11-28 13:22:46+05:30,1256,170.4,40.8,33.7,53.6,725,14,9,225.2
2025-11-28 13:23:46+05:30,1256,170.6,36.4,33.4,49.1,693,52,5,185.0
2025-11-28 13:24:46+05:30,1256,168.0,38.2,33.3,53.1,581,34,11,194.1
2025-11-28 13:25:46+05:30,1256,171.1,39.9,33.6,53.6,716,30,3,181.3
2025-11-28 13:26:46+05:30,1256,169.7,42.8,33.6,51.1,663,44,0,154.0
2025-11-28 13:27:46+05:30,1256,168.5,38.6,33.5,51.9,623,18,7,224.5
2025-11-28 13:28:46+05:30,1256,169.1,41.0,33.3,51.8,702,33,8,175.1
2025-11-28 13:29:46+05:30,1256,172.9,36.4,33.8,51.8,626,16,1,169.6
2025-11-28 13:30:46+05:30,1256,166.3,40.8,33.0,51.9,682,33,0,161.3
2025-11-28 13:31:46+05:30,1256,173.2,37.0,33.0,51.9,685,51,3,188.1
2025-11-28 13:32:46+05:30,1256,170.2,41.6,33.5,48.1,628,23,7,188.2
2025-11-28 13:33:46+05:30,1256,169.1,45.2,33.3,51.7,628,16,7,222.8
2025-11-28 13:34:46+05:30,1256,166.9,39.8,33.2,50.7,693,34,2,215.7
2025-11-28 13:35:46+05:30,1256,162.3,44.4,33.6,50.6,670,28,0,206.4
2025-11-28 13:36:46+05:30,1256,169.1,47.6,33.2,52.5,674,37,10,141.6
2025-11-28 13:37:46+05:30,1256,170.2,39.7,33.6,51.6,747,37,5,161.6
2025-11-28 13:38:46+05:30,1256,167.5,39.3,33.1,51.5,597,16,7,224.4
2025-11-28 13:39:46+05:30,1256,169.9,43.1,32.9,52.0,629,36,7,175.2
2025-11-28 13:40:46+05:30,1256,172.3,41.7,32.8,50.0,637,12,6,165.3
2025-11-28 13:41:46+05:30,1256,173.1,41.9,33.3,52.4,669,27,6,215.5
2025-11-28 13:42:46+05:30,1256,171.4,39.6,32.9,53.6,757,24,1,167.0
2025-11-28 13:43:46+05:30,1256,167.8,39.7,33.2,49.8,707,30,6,190.6
2025-11-28 13:44:46+05:30,1256,169.8,35.5,33.1,51.0,708,38,1,164.9
2025-11-28 13:45:46+05:30,1256,169.9,34.5,33.0,53.0,678,19,3,197.4
2025-11-28 13:46:46+05:30,1256,169.6,37.0,33.1,52.5,653,27,5,166.3
2025-11-28 13:47:46+05:30,1256,171.4,37.1,32.8,49.1,656,13,5,180.8
2025-11-28 13:48:46+05:30,1256,172.6,47.0,33.5,50.8,646,20,5,197.4
2025-11-28 13:49:46+05:30,1256,168.8,36.0,33.4,53.5,609,20,5,199.7
2025-11-28 13:50:46+05:30,1256,168.0,36.9,33.3,49.4,607,26,4,190.1
2025-11-28 13:51:46+05:30,1256,169.4,40.1,32.9,49.4,690,29,0,224.6
2025-11-28 13:52:46+05:30,1256,171.9,37.7,33.5,53.6,621,34,6,211.1
2025-11-28 13:53:46+05:30,1256,168.3,40.6,33.3,54.4,673,36,0,159.9
2025-11-28 13:54:46+05:30,1256,172.0,42.9,33.8,51.6,686,22,6,169.5
2025-11-28 13:55:46+05:30,1256,164.7,43.3,33.2,52.3,704,35,5,199.0
2025-11-28 13:56:46+05:30,1256,170.4,39.8,33.0,52.5,642,48,12,136.0
2025-11-28 13:57:46+05:30,1256,166.9,38.5,33.7,51.5,713,60,3,161.5
2025-11-28 13:58:46+05:30,1256,170.5,38.2,33.4,53.3,707,46,3,157.2
2025-11-28 13:59:46+05:30,1256,168.0,44.7,33.1,51.4,743,19,0,202.6
2025-11-28 14:00:46+05:30,1256,166.3,42.3,33.5,50.2,619,14,0,205.0
2025-11-28 14:01:46+05:30,1256,169.1,47.1,33.7,48.9,601,17,7,167.0
2025-11-28 14:02:46+05:30,1256,165.1,46.2,33.3,53.6,592,16,1,199.7
2025-11-28 14:03:46+05:30,1256,170.0,42.3,33.4,50.4,512,14,3,152.6
2025-11-28 14:04:46+05:30,1256,165.6,39.5,32.8,50.5,581,18,4,199.9
2025-11-28 14:05:46+05:30,1256,171.6,41.0,33.4,52.3,634,23,0,167.4
2025-11-28 14:06:46+05:30,1256,169.9,40.0,33.5,50.5,663,27,0,194.5
2025-11-28 14:07:46+05:30,1256,168.8,42.3,33.5,50.2,617,31,6,196.7
2025-11-28 14:08:46+05:30,1256,170.9,39.7,33.0,53.8,657,32,7,173.7
2025-11-28 14:09:46+05:30,1256,169.5,38.4,33.0,52.3,579,36,1,139.5
2025-11-28 14:10:46+05:30,1256,175.0,38.5,33.4,54.9,746,46,0,183.4
2025-11-28 14:11:46+05:30,1256,172.3,36.9,33.3,52.0,727,22,4,200.3
2025-11-28 14:12:46+05:30,1256,165.7,42.3,33.5,50.9,611,30,0,189.9
2025-11-28 14:13:46+05:30,1256,165.7,41.8,32.8,53.6,594,36,4,175.5
2025-11-28 14:14:46+05:30,1256,171.9,45.6,33.5,52.5,603,12,2,149.1
2025-11-28 14:15:46+05:30,1256,176.5,42.3,33.4,50.4,616,28,3,181.1
2025-11-28 14:16:46+05:30,1256,168.4,45.7,33.5,52.2,689,40,1,195.7
2025-11-28 14:17:46+05:30,1256,171.2,39.9,32.7,50.3,670,34,6,182.8
2025-11-28 14:18:46+05:30,1256,170.6,39.5,33.0,50.7,592,10,4,200.8
2025-11-28 14:19:46+05:30,1256,166.8,40.3,33.5,54.8,684,56,8,176.7
2025-11-28 14:20:46+05:30,1256,167.5,43.2,33.5,49.3,690,25,1,137.0
2025-11-28 14:21:46+05:30,1256,173.4,40.3,32.7,53.2,552,26,9,175.2
2025-11-28 14:22:46+05:30,1256,168.9,41.8,33.1,51.5,653,46,3,175.9
2025-11-28 14:23:46+05:30,1256,171.0,34.3,33.5,50.3,662,34,6,183.3
2025-11-28 14:24:46+05:30,1256,167.9,39.3,33.2,52.8,688,27,3,175.2
2025-11-28 14:25:46+05:30,1256,164.6,41.4,33.8,52.6,658,36,7,199.3
2025-11-28 14:26:46+05:30,1256,162.8,36.7,32.9,52.9,731,20,3,189.1
2025-11-28 14:27:46+05:30,1256,168.9,40.5,33.4,50.2,702,17,5,199.4
2025-11-28 14:28:46+05:30,1256,168.0,40.3,33.3,51.6,721,28,6,223.1
2025-11-28 14:29:46+05:30,1256,167.6,36.3,33.3,54.2,649,37,5,178.3
2025-11-28 14:30:46+05:30,1256,168.6,40.5,33.6,51.5,652,32,17,166.8
2025-11-28 14:31:46+05:30,1256,174.2,39.3,33.5,50.4,631,14,10,185.4
2025-11-28 14:32:46+05:30,1256,171.0,43.2,33.4,53.3,582,21,2,195.3
2025-11-28 14:33:46+05:30,1256,165.3,36.7,33.6,50.4,683,32,6,140.7
2025-11-28 14:34:46+05:30,1256,170.2,41.9,33.4,50.5,727,32,9,181.3
2025-11-28 14:35:46+05:30,1256,177.0,39.8,32.8,51.9,710,25,1,194.7
2025-11-28 14:36:46+05:30,1256,167.9,40.8,33.4,51.8,624,36,6,170.8
2025-11-28 14:37:46+05:30,1256,174.3,41.1,33.2,49.4,669,18,5,218.9
2025-11-28 14:38:46+05:30,1256,168.9,33.2,32.9,50.1,713,37,7,199.2
2025-11-28 14:39:46+05:30,1256,171.4,40.1,33.4,50.4,622,9,5,207.6
2025-11-28 14:40:46+05:30,1256,172.1,30.9,33.8,50.7,659,27,2,190.2
2025-11-28 14:41:46+05:30,1256,172.1,40.7,33.5,49.4,633,17,7,164.9
2025-11-28 14:42:46+05:30,1256,168.4,41.2,33.2,52.6,588,32,1,187.4
2025-11-28 14:43:46+05:30,1256,173.7,44.3,33.3,50.8,647,23,3,159.4
2025-11-28 14:44:46+05:30,1256,172.0,35.0,32.7,54.1,633,41,6,202.9
2025-11-28 14:45:46+05:30,1256,167.5,38.0,33.2,50.8,631,29,2,151.1
2025-11-28 14:46:46+05:30,1256,171.1,38.6,33.5,48.7,699,34,10,165.0
2025-11-28 14:47:46+05:30,1256,170.8,38.5,33.4,52.5,672,24,9,206.5
2025-11-28 14:48:46+05:30,1256,172.7,36.8,33.2,47.4,704,43,1,184.0
2025-11-28 14:49:46+05:30,1256,174.5,36.5,33.0,49.6,660,31,5,177.2
2025-11-28 14:50:46+05:30,1256,170.5,38.7,33.2,51.4,683,34,6,195.2
2025-11-28 14:51:46+05:30,1256,169.7,34.5,33.4,50.4,656,32,3,173.0
2025-11-28 14:52:46+05:30,1256,170.9,40.2,33.3,51.6,605,19,4,190.4
2025-11-28 14:53:46+05:30,1256,168.8,38.4,33.4,54.4,568,25,11,172.7
2025-11-28 14:54:46+05:30,1256,174.2,38.7,33.0,49.5,642,29,2,204.6
2025-11-28 14:55:46+05:30,1256,172.9,38.8,33.2,51.6,629,22,8,191.9
2025-11-28 14:56:46+05:30,1256,169.9,40.6,33.2,51.4,706,24,5,201.7
2025-11-28 14:57:46+05:30,1256,172.7,39.6,33.1,51.6,604,7,7,175.5
2025-11-28 14:58:46+05:30,1256,172.9,44.6,32.8,49.7,659,32,6,164.8
2025-11-28 14:59:46+05:30,1256,166.1,35.4,33.4,51.4,555,40,5,141.2
2025-11-28 15:00:46+05:30,1256,165.8,38.8,33.2,52.8,653,18,7,166.4
2025-11-28 15:01:46+05:30,1256,172.5,40.0,33.4,50.4,685,4,10,207.2
2025-11-28 15:02:46+05:30,1256,163.2,37.7,33.7,52.4,647,35,4,151.9
2025-11-28 15:03:46+05:30,1256,169.6,40.6,33.7,52.5,650,45,6,188.4
2025-11-28 15:04:46+05:30,1256,173.5,35.3,33.1,48.0,594,41,5,173.2
2025-11-28 15:05:46+05:30,1256,167.9,40.3,33.2,55.1,646,19,8,161.4
2025-11-28 15:06:46+05:30,1256,175.9,34.6,33.4,49.9,613,27,8,153.6
2025-11-28 15:07:46+05:30,1256,174.9,42.6,33.7,54.6,677,37,3,160.6
2025-11-28 15:08:46+05:30,1256,173.8,40.0,33.5,54.3,721,18,6,174.9
2025-11-28 15:09:46+05:30,1256,169.3,40.0,33.5,53.8,609,25,2,174.6
2025-11-28 15:10:46+05:30,1256,170.3,40.8,33.4,52.7,661,27,6,171.8
2025-11-28 15:11:46+05:30,1256,167.8,43.4,33.4,54.3,637,17,8,176.0
2025-11-28 15:12:46+05:30,1256,167.3,40.0,33.6,54.1,652,31,4,200.4
2025-11-28 15:13:46+05:30,1256,173.1,39.6,32.9,53.1,579,18,4,146.2
2025-11-28 15:14:46+05:30,1256,171.0,43.2,34.0,51.5,708,39,4,133.0
2025-11-28 15:15:46+05:30,1256,170.0,45.0,33.4,52.2,721,43,7,194.0
2025-11-28 15:16:46+05:30,1256,175.3,36.2,33.1,52.6,643,30,6,169.5
2025-11-28 15:17:46+05:30,1256,173.3,43.5,33.4,54.5,596,32,6,184.6
2025-11-28 15:18:46+05:30,1256,168.6,38.6,33.2,52.6,679,19,3,198.2
2025-11-28 15:19:46+05:30,1256,177.4,41.3,32.9,53.1,748,27,7,180.1
2025-11-28 15:20:46+05:30,1256,171.2,42.9,33.1,53.8,655,23,0,215.5
2025-11-28 15:21:46+05:30,1256,168.4,38.4,33.5,52.8,653,21,2,141.5
2025-11-28 15:22:46+05:30,1256,166.1,35.3,33.6,50.1,681,39,3,175.7
2025-11-28 15:23:46+05:30,1256,164.8,39.1,32.8,55.0,686,33,11,178.9
2025-11-28 15:24:46+05:30,1256,168.7,42.7,33.3,51.3,541,39,7,201.1
2025-11-28 15:25:46+05:30,1256,168.8,39.3,33.5,52.7,696,30,0,172.7
2025-11-28 15:26:46+05:30,1256,168.3,39.7,33.4,54.4,663,28,6,126.3
2025-11-28 15:27:46+05:30,1256,169.2,40.0,33.3,50.0,649,22,5,170.7
2025-11-28 15:28:46+05:30,1256,165.2,37.4,33.6,52.0,718,26,6,186.3
2025-11-28 15:29:46+05:30,1256,165.8,36.1,33.3,55.5,736,18,5,213.5
2025-11-28 15:30:46+05:30,1256,170.7,38.2,34.4,52.4,612,32,3,170.3
2025-11-28 15:31:46+05:30,1256,170.9,40.1,33.8,54.6,625,23,4,145.6
2025-11-28 15:32:46+05:30,1256,173.9,40.8,33.0,49.0,588,28,5,207.4
2025-11-28 15:33:46+05:30,1256,166.4,38.6,33.4,52.4,611,20,6,193.6
2025-11-28 15:34:46+05:30,1256,170.7,42.6,33.1,52.1,595,30,0,191.9
2025-11-28 15:35:46+05:30,1256,170.9,40.2,33.1,53.2,655,12,0,161.5
2025-11-28 15:36:46+05:30,1256,166.5,40.7,33.3,50.1,666,33,7,198.7
2025-11-28 15:37:46+05:30,1256,165.1,39.4,33.4,51.2,667,38,3,159.7
2025-11-28 15:38:46+05:30,1256,170.0,38.7,32.9,51.2,716,48,6,177.6
2025-11-28 15:39:46+05:30,1256,169.9,37.7,33.4,52.9,635,6,13,196.5
2025-11-28 15:40:46+05:30,1256,169.1,41.2,33.2,49.0,704,41,3,185.0
2025-11-28 15:41:46+05:30,1256,169.1,38.3,32.9,49.5,663,27,3,151.8
2025-11-28 15:42:46+05:30,1256,165.3,39.5,33.4,55.3,642,22,3,166.6
2025-11-28 15:43:46+05:30,1256,175.6,35.7,33.7,53.0,672,38,3,188.6
2025-11-28 15:44:46+05:30,1256,171.8,38.2,33.4,52.3,561,32,3,171.2
2025-11-28 15:45:46+05:30,1256,176.2,37.3,33.7,50.9,710,30,8,211.8
2025-11-28 15:46:46+05:30,1256,172.4,37.7,33.2,52.8,658,32,4,181.0
2025-11-28 15:47:46+05:30,1256,164.9,43.8,33.6,52.4,668,31,0,169.1
2025-11-28 15:48:46+05:30,1256,167.4,39.4,32.8,52.7,664,15,1,153.0
2025-11-28 15:49:46+05:30,1256,170.9,40.7,33.4,51.3,645,32,4,162.3
2025-11-28 15:50:46+05:30,1256,170.4,42.0,33.2,50.8,700,36,2,230.4
2025-11-28 15:51:46+05:30,1256,171.9,42.0,33.3,54.9,584,36,3,213.9
2025-11-28 15:52:46+05:30,1256,172.6,42.1,33.2,51.2,726,32,9,190.9
2025-11-28 15:53:46+05:30,1256,170.0,38.5,32.8,52.6,691,31,3,154.7
2025-11-28 15:54:46+05:30,1256,170.0,39.1,33.1,54.4,708,30,6,187.0
2025-11-28 15:55:46+05:30,1256,168.1,42.4,33.9,54.1,646,16,3,181.4
2025-11-28 15:56:46+05:30,1256,170.3,42.1,33.5,52.1,661,26,6,178.8
2025-11-28 15:57:46+05:30,1256,172.4,42.6,33.8,54.8,595,15,5,170.2
2025-11-28 15:58:46+05:30,1256,171.4,40.0,33.7,54.6,677,23,5,175.5
2025-11-28 15:59:46+05:30,1256,166.8,41.5,33.4,53.7,703,56,7,167.2
2025-11-28 16:00:46+05:30,1256,174.3,45.5,33.3,50.0,667,34,7,216.8
2025-11-28 16:01:46+05:30,1256,172.6,35.3,33.7,50.1,572,30,4,210.9
2025-11-28 16:02:46+05:30,1256,172.9,47.2,33.2,52.4,634,40,5,166.3
2025-11-28 16:03:46+05:30,1256,167.5,35.0,33.4,52.5,627,23,4,206.2
2025-11-28 16:04:46+05:30,1256,171.0,40.6,33.1,51.0,652,75,1,184.8
2025-11-28 16:05:46+05:30,1256,175.4,42.4,33.4,54.3,696,37,10,236.5
2025-11-28 16:06:46+05:30,1256,171.1,38.8,33.1,52.4,648,16,5,179.1
2025-11-28 16:07:46+05:30,1256,173.2,41.7,33.6,51.6,617,33,1,194.8
2025-11-28 16:08:46+05:30,1256,174.7,36.2,34.0,54.9,589,20,2,206.3
2025-11-28 16:09:46+05:30,1256,168.0,44.8,33.8,51.8,605,19,8,178.5
2025-11-28 16:10:46+05:30,1256,169.4,41.6,33.2,47.5,667,32,8,197.3
2025-11-28 16:11:46+05:30,1256,169.6,41.7,33.2,54.8,710,35,8,185.3
2025-11-28 16:12:46+05:30,1256,166.7,45.6,33.9,52.4,677,38,6,202.2
2025-11-28 16:13:46+05:30,1256,172.8,41.8,33.2,48.0,668,46,3,169.7
2025-11-28 16:14:46+05:30,1256,168.5,40.7,33.0,49.6,689,29,10,186.5
2025-11-28 16:15:46+05:30,1256,168.9,44.1,33.3,52.7,585,29,6,173.5
2025-11-28 16:16:46+05:30,1256,170.0,38.4,34.0,51.6,584,19,6,172.9
2025-11-28 16:17:46+05:30,1256,168.1,44.5,33.6,51.4,696,31,1,178.5
2025-11-28 16:18:46+05:30,1256,165.2,36.1,33.7,53.9,689,40,7,172.0
2025-11-28 16:19:46+05:30,1256,170.9,39.1,33.4,51.3,645,33,9,168.3
2025-11-28 16:20:46+05:30,1256,174.7,44.2,33.9,51.6,699,33,2,149.2
2025-11-28 16:21:46+05:30,1256,167.7,47.7,33.2,52.2,657,27,4,191.0
2025-11-28 16:22:46+05:30,1256,172.5,41.3,33.1,52.6,718,28,4,189.0
2025-11-28 16:23:46+05:30,1256,167.3,41.2,32.6,49.2,659,31,0,206.0
2025-11-28 16:24:46+05:30,1256,168.5,40.4,33.0,55.9,566,38,4,179.3
2025-11-28 16:25:46+05:30,1256,171.1,35.7,33.6,52.5,591,45,6,168.2
2025-11-28 16:26:46+05:30,1256,168.0,37.7,33.3,52.3,607,29,4,151.5
2025-11-28 16:27:46+05:30,1256,165.8,40.3,33.2,52.1,678,29,1,190.2
2025-11-28 16:28:46+05:30,1256,174.4,46.7,33.2,48.5,659,34,5,210.7
2025-11-28 16:29:46+05:30,1256,173.0,42.8,33.3,52.4,628,23,7,198.8
2025-11-28 16:30:46+05:30,1256,172.6,45.6,33.3,54.0,623,20,7,158.8
2025-11-28 16:31:46+05:30,1256,174.9,40.3,33.2,53.2,617,21,0,160.0
2025-11-28 16:32:46+05:30,1256,170.8,39.4,33.7,48.6,755,15,7,172.3
2025-11-28 16:33:46+05:30,1256,168.6,50.0,33.5,51.3,579,20,0,186.3
2025-11-28 16:34:46+05:30,1256,172.9,42.5,33.4,51.3,673,19,7,173.9
2025-11-28 16:35:46+05:30,1256,166.9,44.5,33.3,48.9,652,39,3,155.7
2025-11-28 16:36:46+05:30,1256,173.7,39.6,33.1,52.6,755,23,9,179.2
2025-11-28 16:37:46+05:30,1256,174.2,40.4,33.7,53.7,721,34,6,194.3
2025-11-28 16:38:46+05:30,1256,170.2,36.1,33.2,50.6,653,28,7,151.4
2025-11-28 16:39:46+05:30,1256,166.7,36.4,32.8,53.1,680,28,4,186.9
2025-11-28 16:40:46+05:30,1256,163.0,38.3,33.4,53.9,681,30,1,213.2
2025-11-28 16:41:46+05:30,1256,169.8,38.6,32.8,53.0,570,16,1,172.9
2025-11-28 16:42:46+05:30,1256,166.3,42.2,32.9,51.9,599,22,3,193.6
2025-11-28 16:43:46+05:30,1256,166.2,44.5,33.7,51.5,638,16,0,164.6
2025-11-28 16:44:46+05:30,1256,167.7,38.0,32.9,50.8,602,20,11,168.9
2025-11-28 16:45:46+05:30,1256,169.3,44.6,33.6,48.3,588,20,10,226.2
2025-11-28 16:46:46+05:30,1256,171.2,38.1,33.0,53.9,635,32,3,168.0
2025-11-28 16:47:46+05:30,1256,174.4,37.4,33.0,52.0,642,35,5,154.3
2025-11-28 16:48:46+05:30,1256,166.9,38.3,33.3,54.0,691,24,5,196.4
2025-11-28 16:49:46+05:30,1256,168.0,39.4,33.6,51.4,692,27,5,190.0
2025-11-28 16:50:46+05:30,1256,166.0,44.0,33.4,53.8,622,22,4,155.8
2025-11-28 16:51:46+05:30,1256,168.6,39.7,33.2,50.0,677,19,5,159.9
2025-11-28 16:52:46+05:30,1256,173.1,37.4,33.5,51.5,692,30,5,154.9
2025-11-28 16:53:46+05:30,1256,162.5,40.7,33.6,51.6,653,16,3,214.3
2025-11-28 16:54:46+05:30,1256,169.6,43.4,33.4,55.8,648,20,2,168.9
2025-11-28 16:55:46+05:30,1256,166.7,36.1,33.2,53.1,657,19,5,184.7
2025-11-28 16:56:46+05:30,1256,166.5,37.0,32.9,53.0,641,26,7,158.1
2025-11-28 16:57:46+05:30,1256,170.0,37.8,32.7,49.4,716,32,3,180.9
2025-11-28 16:58:46+05:30,1256,172.1,34.2,33.1,50.6,658,25,7,189.9
2025-11-28 16:59:46+05:30,1256,167.9,38.9,33.1,53.5,599,23,6,202.7
2025-11-28 17:00:46+05:30,1256,168.5,39.7,33.4,51.0,700,38,4,150.3
2025-11-28 17:01:46+05:30,1256,169.8,42.0,33.1,51.9,645,43,7,140.8
2025-11-28 17:02:46+05:30,1256,170.8,38.1,33.1,53.6,775,32,1,160.8
2025-11-28 17:03:46+05:30,1256,165.2,38.2,33.7,49.3,664,29,0,216.7
2025-11-28 17:04:46+05:30,1256,167.3,42.2,33.2,52.9,626,17,0,165.2
2025-11-28 17:05:46+05:30,1256,167.1,45.1,33.2,52.3,638,33,7,167.5
2025-11-28 17:06:46+05:30,1256,168.3,39.8,33.2,54.7,635,22,7,210.9
2025-11-28 17:07:46+05:30,1256,168.0,43.7,33.1,48.0,657,25,6,163.4
2025-11-28 17:08:46+05:30,1256,164.8,40.6,33.2,48.5,603,53,9,179.5
2025-11-28 17:09:46+05:30,1256,169.0,37.9,33.1,52.1,634,43,7,194.0
2025-11-28 17:10:46+05:30,1256,171.4,35.8,33.0,53.5,679,32,10,169.1
2025-11-28 17:11:46+05:30,1256,170.8,39.0,33.0,49.1,698,29,6,143.8
2025-11-28 17:12:46+05:30,1256,170.8,35.9,33.6,49.4,647,33,2,198.4
2025-11-28 17:13:46+05:30,1256,161.2,41.7,32.8,51.9,660,50,7,164.6
2025-11-28 17:14:46+05:30,1256,167.9,30.6,33.6,53.7,627,31,8,152.0
2025-11-28 17:15:46+05:30,1256,168.8,38.0,33.7,50.9,733,0,6,143.9
2025-11-28 17:16:46+05:30,1256,170.0,39.0,33.5,54.9,595,34,6,180.7
2025-11-28 17:17:46+05:30,1256,168.3,34.7,33.5,49.6,631,35,4,168.4
2025-11-28 17:18:46+05:30,1256,169.5,43.5,33.1,53.9,631,23,0,167.2
2025-11-28 17:19:46+05:30,1256,175.2,39.4,33.2,51.3,625,23,11,133.3
2025-11-28 17:20:46+05:30,1256,168.2,39.3,33.7,51.7,679,27,2,160.3
2025-11-28 17:21:46+05:30,1256,171.9,40.8,33.7,49.6,610,18,4,177.3
2025-11-28 17:22:46+05:30,1256,170.6,37.9,33.3,54.9,600,37,4,143.8
2025-11-28 17:23:46+05:30,1256,168.5,39.4,33.1,53.4,594,27,9,157.7
2025-11-28 17:24:46+05:30,1256,167.4,37.4,33.2,48.1,677,32,13,169.6
2025-11-28 17:25:46+05:30,1256,168.7,43.7,33.1,50.8,716,26,11,179.3
2025-11-28 17:26:46+05:30,1256,167.6,41.8,33.0,54.4,647,23,3,172.1
2025-11-28 17:27:46+05:30,1256,164.9,40.5,33.5,52.7,660,17,11,180.4
2025-11-28 17:28:46+05:30,1256,169.5,43.0,33.2,51.7,709,17,7,195.4
2025-11-28 17:29:46+05:30,1256,171.2,38.5,33.4,51.7,754,30,2,173.8
2025-11-28 17:30:46+05:30,1256,171.8,42.1,33.5,54.8,688,15,4,151.9
2025-11-28 17:31:46+05:30,1256,173.5,37.5,33.2,52.9,599,22,5,158.6
2025-11-28 17:32:46+05:30,1256,174.1,39.6,33.3,51.0,623,37,3,193.1
2025-11-28 17:33:46+05:30,1256,168.4,39.3,33.3,54.1,656,22,9,155.2
2025-11-28 17:34:46+05:30,1256,167.9,39.0,33.3,49.8,645,46,1,210.0
2025-11-28 17:35:46+05:30,1256,166.2,38.8,33.6,47.3,595,23,7,174.0
2025-11-28 17:36:46+05:30,1256,167.5,40.3,33.6,51.7,684,30,0,180.0
2025-11-28 17:37:46+05:30,1256,169.4,36.5,33.1,52.6,751,40,6,191.3
2025-11-28 17:38:46+05:30,1256,170.7,44.0,33.6,48.6,691,7,6,128.4
2025-11-28 17:39:46+05:30,1256,166.2,35.4,33.1,51.2,719,38,6,174.3
2025-11-28 17:40:46+05:30,1256,165.2,39.8,33.3,50.8,633,34,3,233.9
2025-11-28 17:41:46+05:30,1256,169.8,42.9,32.9,50.8,712,44,9,176.4
2025-11-28 17:42:46+05:30,1256,168.1,40.8,33.0,53.1,652,38,10,170.6
2025-11-28 17:43:46+05:30,1256,169.7,38.7,33.3,54.3,641,29,8,182.0
2025-11-28 17:44:46+05:30,1256,171.3,41.1,33.3,51.9,584,43,9,162.5
2025-11-28 17:45:46+05:30,1256,171.9,45.4,33.8,56.3,661,25,5,190.9
2025-11-28 17:46:46+05:30,1256,167.4,40.4,33.4,54.9,569,36,1,184.9
2025-11-28 17:47:46+05:30,1256,171.1,37.1,32.9,51.4,649,10,7,169.7
2025-11-28 17:48:46+05:30,1256,171.2,38.6,33.8,51.6,700,29,2,155.7
2025-11-28 17:49:46+05:30,1256,171.2,39.0,33.3,57.8,650,17,8,197.6
2025-11-28 17:50:46+05:30,1256,171.7,38.7,33.3,49.8,740,30,5,197.2
2025-11-28 17:51:46+05:30,1256,170.1,39.2,33.1,48.9,679,42,3,194.2
2025-11-28 17:52:46+05:30,1256,172.9,39.4,33.2,51.2,606,27,4,188.8
2025-11-28 17:53:46+05:30,1256,167.8,37.5,33.5,51.3,609,40,8,190.2
2025-11-28 17:54:46+05:30,1256,168.1,43.7,33.4,48.9,704,29,4,163.2
2025-11-28 17:55:46+05:30,1256,169.7,40.8,33.6,50.6,542,17,8,178.1
2025-11-28 17:56:46+05:30,1256,169.6,43.7,33.3,49.7,587,24,4,193.8
2025-11-28 17:57:46+05:30,1256,170.7,35.1,33.0,51.9,575,30,6,195.9
2025-11-28 17:58:46+05:30,1256,170.0,44.4,33.7,54.1,684,21,5,164.8
2025-11-28 17:59:46+05:30,1256,172.2,35.2,33.3,52.0,636,50,3,200.2
2025-11-28 18:00:46+05:30,1256,172.7,40.8,33.0,49.8,587,41,4,194.8
2025-11-28 18:01:46+05:30,1256,168.2,43.5,33.1,53.6,677,48,2,192.2
2025-11-28 18:02:46+05:30,1256,167.8,36.6,33.1,51.0,762,19,4,164.6
2025-11-28 18:03:46+05:30,1256,169.9,41.2,33.3,49.2,758,57,5,210.3
2025-11-28 18:04:46+05:30,1256,176.5,43.4,32.7,50.5,671,25,8,172.3
2025-11-28 18:05:46+05:30,1256,168.4,32.7,33.2,49.8,576,45,0,202.0
2025-11-28 18:06:46+05:30,1256,168.2,42.7,33.2,55.2,570,37,2,177.8
2025-11-28 18:07:46+05:30,1256,174.1,41.1,33.2,49.2,670,10,5,197.0
2025-11-28 18:08:46+05:30,1256,170.8,40.4,33.5,53.3,637,32,0,143.1
2025-11-28 18:09:46+05:30,1256,174.1,41.0,33.3,57.0,720,28,4,137.6
2025-11-28 18:10:46+05:30,1256,170.1,40.1,33.2,48.2,576,49,6,151.9
2025-11-28 18:11:46+05:30,1256,171.0,39.9,33.3,51.5,745,29,0,190.5
2025-11-28 18:12:46+05:30,1256,172.1,39.5,33.3,52.8,646,22,4,199.4
2025-11-28 18:13:46+05:30,1256,173.4,35.5,33.3,52.8,655,27,2,193.8
2025-11-28 18:14:46+05:30,1256,166.2,40.1,33.5,47.6,650,38,8,197.3
2025-11-28 18:15:46+05:30,1256,174.9,45.1,33.4,53.8,666,28,3,165.7
2025-11-28 18:16:46+05:30,1256,169.4,40.2,32.9,52.5,695,29,0,163.7
2025-11-28 18:17:46+05:30,1256,166.2,38.8,33.6,50.9,627,23,5,193.6
2025-11-28 18:18:46+05:30,1256,172.6,41.5,33.2,52.3,683,35,0,158.7
2025-11-28 18:19:46+05:30,1256,168.1,39.9,33.2,48.3,722,31,0,162.0
2025-11-28 18:20:46+05:30,1256,172.9,37.1,33.4,51.8,552,29,4,201.7
2025-11-28 18:21:46+05:30,1256,173.0,38.7,33.9,54.1,708,32,4,182.2
2025-11-28 18:22:46+05:30,1256,174.3,39.0,33.4,54.8,667,33,0,212.3
2025-11-28 18:23:46+05:30,1256,173.8,38.4,33.3,51.9,697,47,1,176.9
2025-11-28 18:24:46+05:30,1256,168.3,35.8,33.3,55.5,563,36,5,200.7
2025-11-28 18:25:46+05:30,1256,166.6,41.9,33.5,53.5,722,31,8,181.6
2025-11-28 18:26:46+05:30,1256,170.3,38.7,33.3,52.8,623,28,5,173.7
2025-11-28 18:27:46+05:30,1256,166.7,38.5,33.6,52.3,653,34,5,204.1
2025-11-28 18:28:46+05:30,1256,169.7,40.0,33.2,50.4,559,26,9,166.8
2025-11-28 18:29:46+05:30,1256,167.4,37.9,33.2,51.6,555,36,5,193.9
2025-11-28 18:30:46+05:30,1256,170.3,40.7,33.3,50.9,716,28,3,187.7
2025-11-28 18:31:46+05:30,1256,169.3,39.0,33.2,54.7,620,47,4,169.2
2025-11-28 18:32:46+05:30,1256,173.3,42.8,32.9,53.4,733,36,6,154.1
2025-11-28 18:33:46+05:30,1256,164.4,42.8,32.9,50.8,601,34,0,197.3
2025-11-28 18:34:46+05:30,1256,169.4,36.8,33.3,54.4,651,25,3,154.0
2025-11-28 18:35:46+05:30,1256,167.4,40.7,32.9,49.5,639,26,6,191.1
2025-11-28 18:36:46+05:30,1256,173.8,34.1,33.7,55.0,692,38,3,158.2
2025-11-28 18:37:46+05:30,1256,169.0,45.4,33.6,54.0,722,42,5,163.2
2025-11-28 18:38:46+05:30,1256,166.5,44.6,33.8,48.0,611,26,4,156.3
2025-11-28 18:39:46+05:30,1256,169.1,36.2,33.8,50.7,660,28,4,169.3
2025-11-28 18:40:46+05:30,1256,168.1,44.0,32.9,52.3,543,34,5,188.6
2025-11-28 18:41:46+05:30,1256,172.0,36.4,33.2,52.1,735,28,5,168.1
2025-11-28 18:42:46+05:30,1256,171.5,43.0,33.5,52.3,637,25,4,161.4
2025-11-28 18:43:46+05:30,1256,166.5,43.4,33.3,49.2,735,28,0,207.3
2025-11-28 18:44:46+05:30,1256,168.0,42.0,33.6,55.5,613,32,6,139.3
2025-11-28 18:45:46+05:30,1256,169.5,35.3,33.5,54.2,604,26,8,186.6
2025-11-28 18:46:46+05:30,1256,168.9,36.2,33.2,52.1,627,31,5,194.9
2025-11-28 18:47:46+05:30,1256,166.8,36.6,33.6,49.4,642,27,4,192.5
2025-11-28 18:48:46+05:30,1256,166.6,41.0,33.0,50.6,677,37,7,199.7
2025-11-28 18:49:46+05:30,1256,173.3,38.6,33.5,51.6,652,34,5,239.2
2025-11-28 18:50:46+05:30,1256,171.7,38.4,33.7,51.2,527,21,8,163.2
2025-11-28 18:51:46+05:30,1256,169.8,38.8,33.1,49.5,654,20,10,195.9
2025-11-28 18:52:46+05:30,1256,171.0,38.6,33.1,52.1,644,39,9,193.1
2025-11-28 18:53:46+05:30,1256,172.6,36.4,33.1,52.5,725,33,6,177.7
2025-11-28 18:54:46+05:30,1256,167.8,42.7,33.5,50.3,742,25,4,190.9
2025-11-28 18:55:46+05:30,1256,172.6,45.3,33.5,52.7,641,29,8,159.7
2025-11-28 18:56:46+05:30,1256,173.5,35.8,32.7,50.4,595,37,8,177.4
2025-11-28 18:57:46+05:30,1256,170.4,38.1,33.6,51.1,658,31,8,183.9
2025-11-28 18:58:46+05:30,1256,164.0,40.0,32.8,55.2,710,47,5,169.3
2025-11-28 18:59:46+05:30,1256,167.6,40.9,33.6,52.0,684,36,3,199.2
2025-11-28 19:00:46+05:30,1256,167.8,39.0,33.4,48.9,680,22,3,184.6
2025-11-28 19:01:46+05:30,1256,171.8,38.3,33.5,49.3,602,38,9,188.7
2025-11-28 19:02:46+05:30,1256,167.1,40.4,33.6,53.1,691,21,2,175.0
2025-11-28 19:03:46+05:30,1256,166.9,38.4,33.6,53.3,625,25,14,166.1
2025-11-28 19:04:46+05:30,1256,169.6,40.6,33.3,51.3,610,15,10,190.9
2025-11-28 19:05:46+05:30,1256,172.3,36.3,33.5,48.5,697,28,0,156.4
2025-11-28 19:06:46+05:30,1256,173.3,39.6,32.9,50.2,575,26,8,203.4
2025-11-28 19:07:46+05:30,1256,170.2,38.6,33.1,51.6,696,36,6,174.0
2025-11-28 19:08:46+05:30,1256,172.7,37.6,32.9,50.0,639,43,5,165.5
2025-11-28 19:09:46+05:30,1256,169.9,40.7,33.8,48.4,675,27,10,166.4
2025-11-28 19:10:46+05:30,1256,169.3,41.5,33.6,52.8,630,31,13,180.2
2025-11-28 19:11:46+05:30,1256,177.1,36.2,33.5,54.0,671,27,0,182.7
2025-11-28 19:12:46+05:30,1256,169.4,43.7,33.3,49.5,582,33,2,186.9
2025-11-28 19:13:46+05:30,1256,167.7,37.3,33.5,52.2,595,27,7,167.4
2025-11-28 19:14:46+05:30,1256,168.5,41.4,33.4,49.5,646,34,2,183.8
2025-11-28 19:15:46+05:30,1256,166.9,39.1,33.4,52.0,625,16,1,179.8
2025-11-28 19:16:46+05:30,1256,166.6,38.2,33.5,55.9,648,30,7,173.8
2025-11-28 19:17:46+05:30,1256,169.7,40.3,33.4,50.9,641,28,4,171.2
2025-11-28 19:18:46+05:30,1256,174.1,46.4,33.4,51.2,692,30,5,216.5
2025-11-28 19:19:46+05:30,1256,175.5,44.4,33.0,49.9,666,38,0,141.3
2025-11-28 19:20:46+05:30,1256,170.7,43.7,33.8,53.7,616,30,10,171.5
2025-11-28 19:21:46+05:30,1256,179.4,42.9,32.8,52.1,494,33,3,191.5
2025-11-28 19:22:46+05:30,1256,171.1,40.0,33.5,52.0,747,49,9,179.3
2025-11-28 19:23:46+05:30,1256,168.4,40.7,33.2,49.8,703,19,4,174.9
2025-11-28 19:24:46+05:30,1256,171.4,38.7,33.0,49.1,613,25,1,151.0
2025-11-28 19:25:46+05:30,1256,169.9,40.6,33.2,51.1,683,30,1,166.4
2025-11-28 19:26:46+05:30,1256,166.6,42.1,33.4,53.0,610,33,5,175.0
2025-11-28 19:27:46+05:30,1256,170.8,43.7,33.4,51.0,649,26,3,172.2
2025-11-28 19:28:46+05:30,1256,173.9,39.3,33.2,50.9,719,38,5,205.2
2025-11-28 19:29:46+05:30,1256,171.0,41.1,32.8,55.2,577,37,5,182.3
2025-11-28 19:30:46+05:30,1256,173.9,40.3,33.0,53.1,669,19,0,214.8
2025-11-28 19:31:46+05:30,1256,168.4,42.0,33.3,49.2,643,38,7,186.3
2025-11-28 19:32:46+05:30,1256,170.5,39.5,33.0,50.6,558,40,0,179.3
2025-11-28 19:33:46+05:30,1256,168.4,37.6,33.6,50.4,674,45,10,163.5
2025-11-28 19:34:46+05:30,1256,166.9,42.4,33.5,55.5,781,19,6,142.9
2025-11-28 19:35:46+05:30,1256,170.3,41.8,33.4,54.9,604,25,6,201.3
2025-11-28 19:36:46+05:30,1256,168.4,38.7,33.1,54.0,654,47,8,178.3
2025-11-28 19:37:46+05:30,1256,165.0,35.9,33.1,53.1,619,48,2,161.7
2025-11-28 19:38:46+05:30,1256,169.1,42.2,33.5,52.8,657,41,7,185.8
2025-11-28 19:39:46+05:30,1256,167.3,39.2,33.1,51.2,616,35,4,206.4
2025-11-28 19:40:46+05:30,1256,168.2,41.4,33.6,53.8,626,35,8,187.7
2025-11-28 19:41:46+05:30,1256,169.7,41.8,33.2,56.7,651,21,2,186.9
2025-11-28 19:42:46+05:30,1256,176.5,35.8,33.1,53.8,651,17,5,186.2
2025-11-28 19:43:46+05:30,1256,166.6,38.1,33.6,56.8,619,20,0,168.1
2025-11-28 19:44:46+05:30,1256,170.7,35.8,33.2,49.3,611,27,6,192.3
2025-11-28 19:45:46+05:30,1256,171.7,35.5,33.3,52.8,698,24,9,164.9
2025-11-28 19:46:46+05:30,1256,175.4,43.5,33.3,52.8,711,39,5,184.8
2025-11-28 19:47:46+05:30,1256,171.1,39.8,32.8,53.2,696,39,8,212.4
2025-11-28 19:48:46+05:30,1256,171.9,44.7,33.5,51.7,664,13,11,176.9
2025-11-28 19:49:46+05:30,1256,171.4,41.2,33.4,52.3,622,19,5,200.2
2025-11-28 19:50:46+05:30,1256,167.1,40.2,33.3,51.3,579,28,12,207.7
2025-11-28 19:51:46+05:30,1256,172.5,37.9,33.3,53.7,567,41,1,210.3
2025-11-28 19:52:46+05:30,1256,173.6,38.0,33.3,54.2,781,23,5,215.6
2025-11-28 19:53:46+05:30,1256,172.0,39.9,33.3,53.1,661,34,6,168.8
2025-11-28 19:54:46+05:30,1256,164.5,36.5,33.2,52.2,552,13,0,189.3
2025-11-28 19:55:46+05:30,1256,168.2,40.3,33.8,51.2,667,22,3,197.2
2025-11-28 19:56:46+05:30,1256,156.4,41.2,33.5,52.8,667,50,6,166.9
2025-11-28 19:57:46+05:30,1256,170.2,40.3,33.5,51.5,642,39,1,174.0
2025-11-28 19:58:46+05:30,1256,168.2,36.0,33.5,52.5,666,68,8,169.5
2025-11-28 19:59:46+05:30,1256,170.5,39.5,33.2,51.1,644,38,5,198.5
2025-11-28 20:00:46+05:30,1256,169.1,36.6,33.0,53.7,688,37,3,219.5
2025-11-28 20:01:46+05:30,1256,170.3,41.7,33.2,52.4,650,43,5,161.9
2025-11-28 20:02:46+05:30,1256,171.0,37.6,33.2,52.5,650,25,6,213.8
2025-11-28 20:03:46+05:30,1256,171.3,46.3,33.4,53.6,626,25,2,157.9
2025-11-28 20:04:46+05:30,1256,171.8,40.7,32.9,51.1,595,8,2,148.5
2025-11-28 20:05:46+05:30,1256,174.3,35.2,33.1,51.8,729,36,5,164.6
2025-11-28 20:06:46+05:30,1256,172.1,40.6,33.7,49.3,599,44,1,194.5
2025-11-28 20:07:46+05:30,1256,163.0,42.5,32.9,52.1,608,19,8,161.8
2025-11-28 20:08:46+05:30,1256,167.7,43.0,33.5,54.6,669,11,0,183.9
2025-11-28 20:09:46+05:30,1256,167.5,38.0,33.1,52.7,764,30,9,171.8
2025-11-28 20:10:46+05:30,1256,169.6,40.6,33.3,52.8,703,23,7,176.3
2025-11-28 20:11:46+05:30,1256,164.5,35.6,33.3,48.4,686,39,0,187.0
2025-11-28 20:12:46+05:30,1256,180.9,41.8,33.4,55.6,620,38,4,180.6
2025-11-28 20:13:46+05:30,1256,171.4,40.0,33.1,49.6,670,27,6,163.9
2025-11-28 20:14:46+05:30,1256,173.6,40.3,33.0,52.0,611,31,6,178.4
2025-11-28 20:15:46+05:30,1256,167.7,40.4,33.0,48.5,614,43,7,189.3
2025-11-28 20:16:46+05:30,1256,171.8,44.6,33.0,53.3,625,28,7,177.9
2025-11-28 20:17:46+05:30,1256,170.6,43.2,33.6,49.5,698,34,7,208.2
2025-11-28 20:18:46+05:30,1256,171.8,43.2,33.8,55.3,689,37,11,178.7
2025-11-28 20:19:46+05:30,1256,170.0,41.4,33.2,56.4,613,9,7,204.9
2025-11-28 20:20:46+05:30,1256,170.1,45.5,33.6,51.9,735,16,6,186.7
2025-11-28 20:21:46+05:30,1256,173.0,37.0,33.3,48.4,620,38,6,172.4
2025-11-28 20:22:46+05:30,1256,168.5,42.8,33.0,49.1,690,18,7,171.8
2025-11-28 20:23:46+05:30,1256,171.7,40.9,32.8,53.5,628,20,8,130.8
2025-11-28 20:24:46+05:30,1256,169.5,40.9,33.0,54.0,600,29,4,144.2
2025-11-28 20:25:46+05:30,1256,168.6,41.7,33.6,52.6,488,24,8,165.9
2025-11-28 20:26:46+05:30,1256,172.5,45.2,33.6,50.5,589,49,5,182.0
2025-11-28 20:27:46+05:30,1256,169.9,42.8,33.4,51.2,670,44,2,156.4
2025-11-28 20:28:46+05:30,1256,169.0,43.3,33.5,55.7,715,36,0,188.9
2025-11-28 20:29:46+05:30,1256,168.8,44.6,32.8,51.4,698,37,0,177.3
2025-11-28 20:30:46+05:30,1256,166.6,39.2,33.8,48.3,652,32,1,161.0
2025-11-28 20:31:46+05:30,1256,164.5,37.4,33.6,52.1,654,23,3,205.9
2025-11-28 20:32:46+05:30,1256,170.5,44.1,33.7,54.0,675,36,4,148.0
2025-11-28 20:33:46+05:30,1256,170.6,36.0,33.3,53.8,671,40,6,144.8
2025-11-28 20:34:46+05:30,1256,172.5,42.5,32.8,51.1,719,20,2,182.7
2025-11-28 20:35:46+05:30,1256,171.5,37.6,33.5,53.1,664,25,6,174.6
2025-11-28 20:36:46+05:30,1256,167.9,38.6,33.2,52.2,761,23,0,171.3
2025-11-28 20:37:46+05:30,1256,172.2,42.2,33.2,54.8,706,34,12,192.2
2025-11-28 20:38:46+05:30,1256,164.0,41.4,33.5,52.5,608,47,3,189.3
2025-11-28 20:39:46+05:30,1256,169.3,38.5,33.5,51.7,667,27,6,144.9
2025-11-28 20:40:46+05:30,1256,175.9,44.0,33.6,49.8,587,17,3,186.5
2025-11-28 20:41:46+05:30,1256,173.5,37.3,33.3,52.2,724,33,9,193.8
2025-11-28 20:42:46+05:30,1256,171.3,41.1,33.5,53.2,650,15,7,169.9
2025-11-28 20:43:46+05:30,1256,169.0,42.8,33.5,55.3,673,27,7,163.5
2025-11-28 20:44:46+05:30,1256,170.0,44.5,33.1,53.4,675,26,7,190.2
2025-11-28 20:45:46+05:30,1256,172.9,41.1,33.4,52.3,660,18,1,177.3
2025-11-28 20:46:46+05:30,1256,170.5,40.9,33.1,50.5,608,38,1,172.5
2025-11-28 20:47:46+05:30,1256,172.8,39.5,33.9,55.5,754,47,5,171.8
2025-11-28 20:48:46+05:30,1256,164.3,41.6,33.1,50.9,639,31,8,185.8
2025-11-28 20:49:46+05:30,1256,170.0,34.8,33.2,52.9,622,52,3,206.5
2025-11-28 20:50:46+05:30,1256,168.5,39.0,33.5,49.2,697,29,1,211.2
2025-11-28 20:51:46+05:30,1256,175.1,39.7,33.5,51.6,552,27,7,192.3
2025-11-28 20:52:46+05:30,1256,169.1,40.8,33.8,54.3,678,37,1,117.1
2025-11-28 20:53:46+05:30,1256,174.1,35.5,33.4,54.7,662,43,5,180.8
2025-11-28 20:54:46+05:30,1256,171.8,36.0,33.6,53.2,629,44,6,169.6
2025-11-28 20:55:46+05:30,1256,167.1,41.4,33.6,49.7,687,37,0,161.9
2025-11-28 20:56:46+05:30,1256,170.3,40.8,33.1,51.7,492,29,7,202.0
2025-11-28 20:57:46+05:30,1256,166.7,36.5,33.1,52.7,540,34,8,173.0
2025-11-28 20:58:46+05:30,1256,170.9,47.2,32.8,51.9,586,21,5,200.6
2025-11-28 20:59:46+05:30,1256,173.9,41.6,33.4,50.8,832,34,2,203.7
2025-11-28 21:00:46+05:30,1256,171.8,36.2,33.5,50.3,666,14,5,170.7
2025-11-28 21:01:46+05:30,1256,173.6,38.5,33.6,49.5,585,20,7,164.0
2025-11-28 21:02:46+05:30,1256,169.9,41.6,33.6,51.8,627,29,4,202.4
2025-11-28 21:03:46+05:30,1256,171.8,42.3,33.6,52.3,693,17,3,167.6
2025-11-28 21:04:46+05:30,1256,173.3,40.0,33.3,53.7,697,25,2,186.7
2025-11-28 21:05:46+05:30,1256,172.3,40.5,33.5,49.4,609,57,7,181.6
2025-11-28 21:06:46+05:30,1256,172.9,40.0,33.7,48.4,620,25,2,164.7
2025-11-28 21:07:46+05:30,1256,171.6,37.4,32.9,52.5,659,29,6,176.5
2025-11-28 21:08:46+05:30,1256,172.6,31.6,33.5,53.2,618,40,7,182.0
2025-11-28 21:09:46+05:30,1256,168.5,41.5,33.2,55.1,596,42,5,203.5
2025-11-28 21:10:46+05:30,1256,173.7,36.7,33.1,55.7,537,35,5,149.7
2025-11-28 21:11:46+05:30,1256,173.6,37.8,33.1,50.5,694,47,6,160.1
2025-11-28 21:12:46+05:30,1256,167.5,41.7,33.5,54.4,722,1,7,174.4
2025-11-28 21:13:46+05:30,1256,175.1,42.6,33.6,50.3,656,39,7,184.5
2025-11-28 21:14:46+05:30,1256,171.4,43.0,32.6,51.1,698,5,7,175.6
2025-11-28 21:15:46+05:30,1256,167.3,40.8,33.5,50.6,598,31,6,250.0
2025-11-28 21:16:46+05:30,1256,170.1,38.0,33.5,49.1,632,44,8,203.4
2025-11-28 21:17:46+05:30,1256,170.9,38.6,33.3,52.3,544,12,7,163.8
2025-11-28 21:18:46+05:30,1256,173.9,38.6,33.6,51.6,643,34,5,189.4
2025-11-28 21:19:46+05:30,1256,172.8,41.7,33.6,50.3,657,36,0,154.2
2025-11-28 21:20:46+05:30,1256,171.8,44.4,33.4,53.3,677,31,2,161.2
2025-11-28 21:21:46+05:30,1256,172.5,39.2,33.5,53.4,629,28,4,196.0
2025-11-28 21:22:46+05:30,1256,170.2,37.4,33.8,50.8,632,30,5,183.1
2025-11-28 21:23:46+05:30,1256,170.2,35.1,33.1,54.9,630,30,9,163.9
2025-11-28 21:24:46+05:30,1256,167.0,41.2,33.3,51.0,652,25,13,171.9
2025-11-28 21:25:46+05:30,1256,169.5,41.3,33.4,50.1,649,21,7,180.3
2025-11-28 21:26:46+05:30,1256,171.6,38.3,33.1,53.8,621,20,9,168.7
2025-11-28 21:27:46+05:30,1256,166.6,35.2,33.3,50.2,662,26,5,156.9
2025-11-28 21:28:46+05:30,1256,165.8,40.4,33.3,53.4,641,30,3,170.5
2025-11-28 21:29:46+05:30,1256,171.9,41.9,33.4,53.4,551,23,1,182.9
2025-11-28 21:30:46+05:30,1256,166.8,39.9,33.1,49.9,652,42,7,151.5
2025-11-28 21:31:46+05:30,1256,172.5,41.9,32.9,50.5,642,44,5,173.4
2025-11-28 21:32:46+05:30,1256,168.9,41.6,33.5,54.0,668,35,4,218.2
2025-11-28 21:33:46+05:30,1256,171.0,41.2,33.6,53.4,670,30,0,137.2
2025-11-28 21:34:46+05:30,1256,168.8,40.0,33.6,56.4,645,36,7,156.8
2025-11-28 21:35:46+05:30,1256,171.1,40.8,33.1,49.2,666,26,3,130.2
2025-11-28 21:36:46+05:30,1256,167.7,37.9,33.3,49.1,664,27,6,210.1
2025-11-28 21:37:46+05:30,1256,168.7,38.9,33.6,55.7,601,23,9,168.6
2025-11-28 21:38:46+05:30,1256,167.9,43.3,33.3,48.8,587,31,0,164.4
2025-11-28 21:39:46+05:30,1256,170.6,36.7,33.7,49.6,687,36,7,201.2
2025-11-28 21:40:46+05:30,1256,174.6,40.6,33.1,49.7,595,47,0,186.6
2025-11-28 21:41:46+05:30,1256,167.6,40.2,33.1,52.1,659,27,4,188.9
2025-11-28 21:42:46+05:30,1256,172.0,38.5,33.5,51.1,641,34,10,203.4
2025-11-28 21:43:46+05:30,1256,165.5,37.5,33.5,51.5,571,28,8,157.4
2025-11-28 21:44:46+05:30,1256,168.9,43.2,32.5,53.2,626,29,8,190.6
2025-11-28 21:45:46+05:30,1256,173.6,38.1,33.3,53.0,665,21,5,186.7
2025-11-28 21:46:46+05:30,1256,171.2,35.4,33.5,48.5,581,42,9,156.5
2025-11-28 21:47:46+05:30,1256,171.7,38.3,33.3,51.9,633,29,0,195.3
2025-11-28 21:48:46+05:30,1256,172.2,41.1,33.4,52.2,588,48,2,167.2
2025-11-28 21:49:46+05:30,1256,174.8,42.6,33.3,51.8,651,29,4,183.9
2025-11-28 21:50:46+05:30,1256,165.6,42.0,33.5,53.7,663,26,5,184.2
2025-11-28 21:51:46+05:30,1256,171.3,39.5,33.9,49.9,573,14,6,156.5
2025-11-28 21:52:46+05:30,1256,173.9,39.1,33.6,51.8,734,24,2,150.7
2025-11-28 21:53:46+05:30,1256,174.6,42.6,33.4,51.4,663,8,6,180.9
2025-11-28 21:54:46+05:30,1256,170.3,36.6,33.7,52.1,745,17,8,144.8
2025-11-28 21:55:46+05:30,1256,171.9,38.0,33.1,53.7,650,31,10,193.2
2025-11-28 21:56:46+05:30,1256,172.8,41.5,33.5,53.7,760,21,3,163.8
2025-11-28 21:57:46+05:30,1256,166.6,39.4,33.1,52.4,673,24,3,187.1
2025-11-28 21:58:46+05:30,1256,167.7,43.5,33.6,53.4,715,37,8,145.3
2025-11-28 21:59:46+05:30,1256,165.6,40.4,33.5,49.2,692,27,7,191.7
2025-11-28 22:00:46+05:30,1256,170.5,37.1,32.6,51.2,673,35,2,202.6
2025-11-28 22:01:46+05:30,1256,168.2,40.0,32.9,50.3,642,33,8,216.0
2025-11-28 22:02:46+05:30,1256,168.4,32.0,33.5,49.3,468,50,6,152.3
2025-11-28 22:03:46+05:30,1256,170.8,39.3,33.5,49.6,603,34,3,180.4
2025-11-28 22:04:46+05:30,1256,163.1,40.8,33.6,48.5,526,37,5,162.8
2025-11-28 22:05:46+05:30,1256,173.4,40.3,33.2,50.5,666,32,9,178.9
2025-11-28 22:06:46+05:30,1256,166.3,38.8,33.8,52.0,675,35,6,188.4
2025-11-28 22:07:46+05:30,1256,174.8,41.5,33.0,50.9,648,13,8,180.0
2025-11-28 22:08:46+05:30,1256,173.4,39.9,33.5,48.0,648,51,6,198.1
2025-11-28 22:09:46+05:30,1256,170.0,42.2,33.1,52.3,711,22,0,186.7
2025-11-28 22:10:46+05:30,1256,169.2,39.8,33.7,55.3,654,40,8,200.5
2025-11-28 22:11:46+05:30,1256,166.7,44.0,33.4,50.9,663,30,8,177.9
2025-11-28 22:12:46+05:30,1256,171.4,40.2,33.7,48.7,655,30,7,172.0
2025-11-28 22:13:46+05:30,1256,168.5,33.1,33.6,54.1,634,31,6,183.0
2025-11-28 22:14:46+05:30,1256,170.1,42.5,33.5,50.2,689,24,0,183.8
2025-11-28 22:15:46+05:30,1256,171.9,37.7,33.4,52.0,568,49,2,212.7
2025-11-28 22:16:46+05:30,1256,173.4,36.7,32.9,53.0,655,24,0,174.6
2025-11-28 22:17:46+05:30,1256,168.9,36.7,33.6,52.7,613,27,8,172.9
2025-11-28 22:18:46+05:30,1256,174.2,43.1,33.5,54.8,629,23,5,199.0
2025-11-28 22:19:46+05:30,1256,170.5,43.8,33.1,50.3,653,33,4,210.3
2025-11-28 22:20:46+05:30,1256,169.5,37.8,33.4,56.1,677,21,7,183.2
2025-11-28 22:21:46+05:30,1256,172.8,44.4,33.5,56.4,681,39,7,169.4
2025-11-28 22:22:46+05:30,1256,170.5,37.3,33.1,52.5,586,24,4,179.3
2025-11-28 22:23:46+05:30,1256,166.4,39.9,32.9,50.1,639,39,9,189.9
2025-11-28 22:24:46+05:30,1256,169.9,41.4,32.7,52.4,674,32,5,184.7
2025-11-28 22:25:46+05:30,1256,175.5,38.8,33.3,52.8,732,46,4,180.4
2025-11-28 22:26:46+05:30,1256,165.1,43.1,33.6,52.3,676,33,7,151.4
2025-11-28 22:27:46+05:30,1256,175.5,40.9,32.6,54.6,642,39,4,153.2
2025-11-28 22:28:46+05:30,1256,165.2,39.6,33.0,51.4,678,15,6,182.2
2025-11-28 22:29:46+05:30,1256,172.9,41.0,33.5,52.8,666,29,2,202.0
2025-11-28 22:30:46+05:30,1256,171.9,38.8,33.4,58.1,632,57,0,197.9
2025-11-28 22:31:46+05:30,1256,163.3,37.8,33.5,51.2,702,17,8,193.4
2025-11-28 22:32:46+05:30,1256,164.7,40.4,33.1,49.6,598,32,0,154.0
2025-11-28 22:33:46+05:30,1256,176.1,37.0,33.3,53.5,638,41,1,156.8
2025-11-28 22:34:46+05:30,1256,171.6,37.6,33.1,53.3,649,41,4,162.9
2025-11-28 22:35:46+05:30,1256,171.9,33.0,33.2,52.4,692,31,7,200.0
2025-11-28 22:36:46+05:30,1256,176.3,37.8,32.8,53.5,715,47,5,182.4
2025-11-28 22:37:46+05:30,1256,171.2,39.4,32.8,52.4,692,30,1,137.8
2025-11-28 22:38:46+05:30,1256,169.9,37.8,33.0,52.7,604,7,13,180.3
2025-11-28 22:39:46+05:30,1256,169.4,37.9,33.5,52.6,555,22,2,178.7
2025-11-28 22:40:46+05:30,1256,165.2,36.3,33.6,50.9,664,29,5,182.5
2025-11-28 22:41:46+05:30,1256,173.5,40.5,33.6,49.5,613,31,5,159.7
2025-11-28 22:42:46+05:30,1256,169.3,40.2,33.2,50.9,637,20,6,176.3
2025-11-28 22:43:46+05:30,1256,167.3,40.0,33.4,53.0,639,23,3,226.1
2025-11-28 22:44:46+05:30,1256,175.1,39.9,33.4,52.4,597,25,5,166.2
2025-11-28 22:45:46+05:30,1256,163.6,41.6,33.5,52.9,589,38,8,185.8
2025-11-28 22:46:46+05:30,1256,174.2,47.6,33.3,52.0,631,20,3,193.4
2025-11-28 22:47:46+05:30,1256,172.4,41.0,32.9,51.1,693,52,6,177.0
2025-11-28 22:48:46+05:30,1256,171.9,38.3,33.4,52.8,578,16,0,178.2
2025-11-28 22:49:46+05:30,1256,170.9,40.9,33.5,52.1,611,31,8,178.2
2025-11-28 22:50:46+05:30,1256,173.7,37.8,33.2,53.0,553,32,2,169.6
2025-11-28 22:51:46+05:30,1256,167.2,39.7,33.1,53.6,648,43,6,197.5
2025-11-28 22:52:46+05:30,1256,167.2,42.6,33.4,49.4,651,17,2,151.6
2025-11-28 22:53:46+05:30,1256,168.8,39.6,32.7,49.5,653,43,6,215.6
2025-11-28 22:54:46+05:30,1256,169.7,35.8,33.2,49.0,723,18,1,193.7
2025-11-28 22:55:46+05:30,1256,171.0,44.4,33.1,50.5,592,22,4,150.3
2025-11-28 22:56:46+05:30,1256,165.8,41.2,33.1,53.1,658,36,2,193.0
2025-11-28 22:57:46+05:30,1256,170.2,38.6,33.1,53.2,613,25,7,182.3
2025-11-28 22:58:46+05:30,1256,174.9,44.8,33.2,53.8,644,34,4,123.6
2025-11-28 22:59:46+05:30,1256,168.2,44.7,33.2,53.2,666,37,6,216.6
2025-11-28 23:00:46+05:30,1256,171.5,44.4,32.6,52.4,596,18,2,146.0
2025-11-28 23:01:46+05:30,1256,170.2,40.8,33.1,55.0,695,37,13,171.2
2025-11-28 23:02:46+05:30,1256,168.3,34.6,33.6,53.4,545,34,3,191.4
2025-11-28 23:03:46+05:30,1256,168.1,42.3,33.4,49.9,705,16,3,174.8
2025-11-28 23:04:46+05:30,1256,172.4,40.6,33.5,53.2,662,26,5,200.6
2025-11-28 23:05:46+05:30,1256,170.9,38.5,32.9,51.8,731,23,3,200.2
2025-11-28 23:06:46+05:30,1256,170.9,32.6,33.4,52.4,679,35,6,152.8
2025-11-28 23:07:46+05:30,1256,172.4,37.7,33.0,53.5,686,41,3,162.6
2025-11-28 23:08:46+05:30,1256,171.5,41.3,33.7,50.7,612,47,0,173.1
2025-11-28 23:09:46+05:30,1256,168.5,41.8,33.0,48.5,568,18,3,186.9
2025-11-28 23:10:46+05:30,1256,167.1,33.9,33.1,51.8,655,32,2,166.9
2025-11-28 23:11:46+05:30,1256,169.2,43.8,33.4,53.3,597,28,4,186.8
2025-11-28 23:12:46+05:30,1256,173.0,38.0,32.5,51.9,569,22,4,166.6
2025-11-28 23:13:46+05:30,1256,171.9,40.1,32.7,51.3,689,33,7,185.3
2025-11-28 23:14:46+05:30,1256,168.3,38.1,33.6,51.1,670,25,0,171.9
2025-11-28 23:15:46+05:30,1256,168.5,41.9,33.5,51.7,696,47,8,173.4
2025-11-28 23:16:46+05:30,1256,168.4,44.9,33.3,57.2,714,38,6,174.9
2025-11-28 23:17:46+05:30,1256,173.9,37.7,33.3,52.2,705,42,11,207.6
2025-11-28 23:18:46+05:30,1256,175.3,40.1,33.5,50.4,643,34,4,188.0
2025-11-28 23:19:46+05:30,1256,170.0,38.8,33.3,51.6,739,33,5,191.9
2025-11-28 23:20:46+05:30,1256,171.3,39.0,33.0,51.8,602,10,2,125.7
2025-11-28 23:21:46+05:30,1256,169.8,35.6,33.2,49.4,757,22,8,158.4
2025-11-28 23:22:46+05:30,1256,166.1,42.1,33.2,49.8,627,39,2,184.8
2025-11-28 23:23:46+05:30,1256,169.1,37.1,33.3,53.7,758,32,3,175.2
2025-11-28 23:24:46+05:30,1256,175.2,43.5,33.4,50.8,691,24,9,199.1
2025-11-28 23:25:46+05:30,1256,171.1,47.2,33.2,52.9,732,41,3,202.8
2025-11-28 23:26:46+05:30,1256,171.1,39.0,33.2,53.1,619,39,2,210.1
2025-11-28 23:27:46+05:30,1256,169.9,35.6,33.5,48.8,614,25,1,213.4
2025-11-28 23:28:46+05:30,1256,166.5,39.6,33.7,50.6,609,33,1,158.7
2025-11-28 23:29:46+05:30,1256,169.3,37.5,33.3,52.1,648,22,3,179.9
2025-11-28 23:30:46+05:30,1256,174.9,41.4,33.4,47.8,698,20,14,194.2
2025-11-28 23:31:46+05:30,1256,167.9,43.2,33.9,52.4,596,40,10,195.7
2025-11-28 23:32:46+05:30,1256,169.1,41.3,33.0,52.7,685,27,0,177.1
2025-11-28 23:33:46+05:30,1256,173.1,40.8,33.7,54.5,689,17,3,188.3
2025-11-28 23:34:46+05:30,1256,172.8,39.9,33.4,53.2,681,30,4,194.1
2025-11-28 23:35:46+05:30,1256,170.5,40.3,33.4,48.6,688,42,1,165.9
2025-11-28 23:36:46+05:30,1256,167.5,42.3,33.6,55.9,732,42,6,191.9
2025-11-28 23:37:46+05:30,1256,173.7,37.9,33.2,52.9,670,32,3,207.4
2025-11-28 23:38:46+05:30,1256,168.3,39.0,33.5,48.7,779,28,2,176.3
2025-11-28 23:39:46+05:30,1256,173.7,34.8,33.7,51.9,686,26,3,163.9
2025-11-28 23:40:46+05:30,1256,168.2,38.8,33.1,53.9,683,33,3,183.0
2025-11-28 23:41:46+05:30,1256,172.6,39.3,33.8,50.9,709,15,0,144.5
2025-11-28 23:42:46+05:30,1256,170.6,41.4,33.6,51.2,684,30,6,174.1
2025-11-28 23:43:46+05:30,1256,169.7,39.4,33.3,51.9,658,53,6,172.4
2025-11-28 23:44:46+05:30,1256,168.6,39.2,33.3,50.6,689,35,1,158.1
2025-11-28 23:45:46+05:30,1256,171.8,47.8,33.4,53.5,667,17,2,180.6
2025-11-28 23:46:46+05:30,1256,171.4,39.4,32.6,49.9,644,38,2,154.3
2025-11-28 23:47:46+05:30,1256,172.1,41.1,33.3,52.9,593,24,6,212.5
2025-11-28 23:48:46+05:30,1256,174.7,38.0,33.4,53.5,612,22,8,167.0
2025-11-28 23:49:46+05:30,1256,169.8,41.4,33.2,54.6,602,31,10,171.7
2025-11-28 23:50:46+05:30,1256,171.2,41.0,33.1,53.5,632,27,9,164.8
2025-11-28 23:51:46+05:30,1256,167.4,41.6,33.6,53.3,658,38,1,161.7
2025-11-28 23:52:46+05:30,1256,167.2,42.0,33.2,48.5,724,21,8,183.4
2025-11-28 23:53:46+05:30,1256,170.0,38.9,33.3,52.6,625,34,7,188.0
2025-11-28 23:54:46+05:30,1256,169.4,42.3,32.9,49.0,675,38,0,206.6
2025-11-28 23:55:46+05:30,1256,170.9,38.7,33.8,54.3,714,37,6,206.5
2025-11-28 23:56:46+05:30,1256,169.2,41.1,33.4,55.0,607,23,9,139.9
2025-11-28 23:57:46+05:30,1256,172.0,41.8,33.3,50.3,639,50,6,181.3
2025-11-28 23:58:46+05:30,1256,171.9,42.4,33.4,50.9,589,34,4,192.1
2025-11-28 23:59:46+05:30,1256,172.5,43.6,33.0,53.4,606,20,6,155.1
2025-11-29 00:00:46+05:30,1256,168.7,40.4,33.8,50.2,629,21,3,169.1
2025-11-29 00:01:46+05:30,1256,167.5,36.2,33.4,51.2,729,36,6,207.7
2025-11-29 00:02:46+05:30,1256,168.5,42.4,33.0,51.8,671,25,5,162.3
2025-11-29 00:03:46+05:30,1256,170.2,43.0,32.9,52.3,692,33,9,207.6
2025-11-29 00:04:46+05:30,1256,167.0,42.8,32.9,54.3,744,26,1,223.8
2025-11-29 00:05:46+05:30,1256,170.8,38.4,33.4,51.9,713,32,3,161.4
2025-11-29 00:06:46+05:30,1256,173.8,35.0,33.3,53.6,679,31,5,182.0
2025-11-29 00:07:46+05:30,1256,168.9,45.7,33.5,53.2,570,35,6,174.4
2025-11-29 00:08:46+05:30,1256,168.9,41.9,32.9,53.4,672,44,7,176.1
2025-11-29 00:09:46+05:30,1256,172.1,39.6,33.0,56.2,703,28,3,156.1
2025-11-29 00:10:46+05:30,1256,167.8,32.7,33.4,52.4,726,41,2,192.5
2025-11-29 00:11:46+05:30,1256,166.8,45.1,32.8,51.8,666,46,3,218.7
2025-11-29 00:12:46+05:30,1256,170.4,40.6,33.4,54.1,692,17,5,192.6
2025-11-29 00:13:46+05:30,1256,172.8,38.7,33.2,50.6,613,33,5,194.7
2025-11-29 00:14:46+05:30,1256,169.1,39.3,32.9,50.8,671,34,11,150.1
2025-11-29 00:15:46+05:30,1256,170.2,42.3,33.1,52.9,639,22,1,152.3
2025-11-29 00:16:46+05:30,1256,171.3,42.2,33.5,56.0,631,35,4,160.3
2025-11-29 00:17:46+05:30,1256,172.6,43.7,33.8,51.4,674,35,7,180.9
2025-11-29 00:18:46+05:30,1256,165.7,39.1,33.5,54.4,621,28,3,190.8
2025-11-29 00:19:46+05:30,1256,165.9,40.7,33.0,51.0,568,23,4,183.2
2025-11-29 00:20:46+05:30,1256,172.9,34.7,32.9,52.8,669,21,9,142.4
2025-11-29 00:21:46+05:30,1256,170.7,41.2,33.1,52.9,652,4,3,236.2
2025-11-29 00:22:46+05:30,1256,172.3,43.4,33.5,52.9,675,28,4,168.5
2025-11-29 00:23:46+05:30,1256,172.3,42.0,33.3,49.9,618,28,7,194.6
2025-11-29 00:24:46+05:30,1256,169.0,41.5,33.4,52.4,679,35,11,197.7
2025-11-29 00:25:46+05:30,1256,172.0,37.0,33.2,49.3,622,41,2,165.3
2025-11-29 00:26:46+05:30,1256,172.9,44.9,33.7,54.2,655,21,7,197.0
2025-11-29 00:27:46+05:30,1256,167.0,42.1,33.5,49.8,636,23,4,215.3
2025-11-29 00:28:46+05:30,1256,172.0,42.9,33.4,51.6,716,31,2,177.6
2025-11-29 00:29:46+05:30,1256,171.1,43.0,33.0,51.2,710,46,6,181.6
2025-11-29 00:30:46+05:30,1256,173.3,30.9,33.6,51.4,688,10,7,159.6
2025-11-29 00:31:46+05:30,1256,172.2,37.0,33.4,50.5,606,33,5,200.3
2025-11-29 00:32:46+05:30,1256,167.2,39.5,32.8,56.8,596,21,10,211.9
2025-11-29 00:33:46+05:30,1256,167.3,38.3,33.3,54.9,712,20,4,169.6
2025-11-29 00:34:46+05:30,1256,172.0,45.9,33.3,49.2,716,17,4,187.3
2025-11-29 00:35:46+05:30,1256,167.8,42.5,33.5,51.3,653,34,3,182.8
2025-11-29 00:36:46+05:30,1256,168.7,41.9,32.9,56.7,621,15,7,179.8
2025-11-29 00:37:46+05:30,1256,173.2,35.3,32.9,50.2,619,33,4,180.5
2025-11-29 00:38:46+05:30,1256,172.5,35.1,33.5,54.2,553,19,8,165.3
2025-11-29 00:39:46+05:30,1256,171.0,39.9,33.7,52.1,647,31,2,176.3
2025-11-29 00:40:46+05:30,1256,170.4,43.6,33.6,52.3,676,30,7,208.7
2025-11-29 00:41:46+05:30,1256,166.9,41.4,33.3,50.3,634,20,2,145.6
2025-11-29 00:42:46+05:30,1256,167.1,42.8,33.2,50.9,664,23,9,157.6
2025-11-29 00:43:46+05:30,1256,172.6,43.6,33.2,50.3,538,42,4,161.4
2025-11-29 00:44:46+05:30,1256,175.3,43.7,33.8,53.1,694,27,3,168.5
2025-11-29 00:45:46+05:30,1256,168.8,40.9,33.7,53.5,649,50,4,191.2
2025-11-29 00:46:46+05:30,1256,167.9,40.4,33.4,51.8,758,19,7,197.7
2025-11-29 00:47:46+05:30,1256,171.6,38.5,33.3,53.6,728,38,3,175.5
2025-11-29 00:48:46+05:30,1256,164.2,40.5,33.0,54.2,640,32,7,187.6
2025-11-29 00:49:46+05:30,1256,172.4,38.9,33.1,49.3,647,35,1,168.5
2025-11-29 00:50:46+05:30,1256,169.6,40.2,33.4,52.8,648,33,1,188.9
2025-11-29 00:51:46+05:30,1256,168.8,38.2,33.1,53.3,643,57,6,182.1
2025-11-29 00:52:46+05:30,1256,177.6,44.4,32.6,50.6,575,38,5,176.0
2025-11-29 00:53:46+05:30,1256,173.8,40.7,33.7,51.7,668,31,7,199.2
2025-11-29 00:54:46+05:30,1256,165.7,39.7,33.3,52.8,616,25,3,187.6
2025-11-29 00:55:46+05:30,1256,171.8,32.5,33.3,51.4,622,48,9,175.4
2025-11-29 00:56:46+05:30,1256,167.9,44.3,33.3,52.1,587,23,1,168.9
2025-11-29 00:57:46+05:30,1256,171.0,44.0,33.3,53.3,719,9,3,209.8
2025-11-29 00:58:46+05:30,1256,164.3,36.5,33.0,51.6,643,25,7,141.0
2025-11-29 00:59:46+05:30,1256,163.5,32.9,33.5,49.6,697,46,2,166.1
2025-11-29 01:00:46+05:30,1256,175.8,42.8,33.6,56.9,678,38,9,149.6
2025-11-29 01:01:46+05:30,1256,165.4,37.6,33.5,51.7,608,36,7,172.8
2025-11-29 01:02:46+05:30,1256,174.1,39.1,33.3,54.5,670,32,3,172.5
2025-11-29 01:03:46+05:30,1256,165.8,32.9,33.3,53.1,721,16,6,157.8
2025-11-29 01:04:46+05:30,1256,169.6,44.6,32.9,52.6,631,33,6,170.3
2025-11-29 01:05:46+05:30,1256,170.8,33.8,33.1,52.3,671,35,3,161.9
2025-11-29 01:06:46+05:30,1256,173.0,41.0,33.0,51.9,615,29,6,189.5
2025-11-29 01:07:46+05:30,1256,171.4,41.4,33.6,52.0,636,23,0,165.3
2025-11-29 01:08:46+05:30,1256,167.8,38.0,33.3,48.9,689,30,5,203.5
2025-11-29 01:09:46+05:30,1256,166.1,36.0,32.8,50.2,644,37,3,158.8
2025-11-29 01:10:46+05:30,1256,176.0,41.3,33.3,51.8,652,18,8,133.6
2025-11-29 01:11:46+05:30,1256,167.6,38.8,33.4,52.5,558,18,1,179.6
2025-11-29 01:12:46+05:30,1256,172.0,39.3,33.6,47.9,531,53,1,188.4
2025-11-29 01:13:46+05:30,1256,172.3,39.7,33.1,52.6,664,46,1,151.3
2025-11-29 01:14:46+05:30,1256,173.9,40.1,33.2,54.7,691,28,3,203.1
2025-11-29 01:15:46+05:30,1256,171.8,39.6,33.6,53.1,595,21,0,183.0
2025-11-29 01:16:46+05:30,1256,169.1,40.4,32.9,51.0,543,52,7,206.4
2025-11-29 01:17:46+05:30,1256,173.8,44.0,33.4,51.8,604,43,2,176.4
2025-11-29 01:18:46+05:30,1256,166.8,38.5,33.8,52.7,622,30,4,184.7
2025-11-29 01:19:46+05:30,1256,172.0,39.9,33.4,51.7,729,46,7,185.3
2025-11-29 01:20:46+05:30,1256,170.3,39.2,32.8,51.0,681,36,2,168.6
2025-11-29 01:21:46+05:30,1256,170.1,40.5,33.0,52.0,561,34,7,171.6
2025-11-29 01:22:46+05:30,1256,172.3,43.3,33.2,52.9,733,34,11,159.7
2025-11-29 01:23:46+05:30,1256,172.6,39.9,32.9,50.4,689,13,7,155.4
2025-11-29 01:24:46+05:30,1256,172.2,38.0,32.9,54.9,632,33,6,163.6
2025-11-29 01:25:46+05:30,1256,170.1,41.5,33.1,50.6,544,48,6,196.0
2025-11-29 01:26:46+05:30,1256,171.4,42.5,33.6,52.4,557,41,6,136.3
2025-11-29 01:27:46+05:30,1256,172.2,38.7,33.3,52.1,680,34,0,150.3
2025-11-29 01:28:46+05:30,1256,170.0,37.8,33.4,54.9,714,27,1,144.0
2025-11-29 01:29:46+05:30,1256,171.0,40.0,33.0,52.8,698,43,0,155.8
2025-11-29 01:30:46+05:30,1256,171.6,41.1,33.1,51.1,562,47,5,201.3
2025-11-29 01:31:46+05:30,1256,173.9,42.6,33.4,49.3,630,24,10,155.6
2025-11-29 01:32:46+05:30,1256,165.5,42.4,33.2,46.8,669,34,8,176.5
2025-11-29 01:33:46+05:30,1256,169.9,37.2,33.4,51.9,634,42,9,219.0
2025-11-29 01:34:46+05:30,1256,171.6,39.8,33.2,51.6,673,56,8,137.3
2025-11-29 01:35:46+05:30,1256,169.7,40.3,33.3,50.7,658,21,4,163.5
2025-11-29 01:36:46+05:30,1256,169.8,36.3,33.0,52.0,697,34,6,170.9
2025-11-29 01:37:46+05:30,1256,176.3,33.7,33.6,50.5,643,28,0,180.3
2025-11-29 01:38:46+05:30,1256,168.8,43.8,33.2,51.5,630,37,0,154.4
2025-11-29 01:39:46+05:30,1256,165.5,43.0,33.0,50.4,647,36,5,170.5
2025-11-29 01:40:46+05:30,1256,169.5,45.9,33.5,49.6,590,36,6,176.5
2025-11-29 01:41:46+05:30,1256,172.4,34.5,33.1,49.6,643,37,6,176.8
2025-11-29 01:42:46+05:30,1256,168.6,38.5,33.3,49.2,691,30,5,198.0
2025-11-29 01:43:46+05:30,1256,172.2,40.9,32.9,53.4,653,9,8,186.4
2025-11-29 01:44:46+05:30,1256,168.1,41.9,33.5,53.0,658,18,1,141.7
2025-11-29 01:45:46+05:30,1256,167.8,38.9,33.6,50.8,744,44,4,186.1
2025-11-29 01:46:46+05:30,1256,165.6,33.5,33.3,53.0,578,22,2,160.3
2025-11-29 01:47:46+05:30,1256,169.8,44.1,33.3,51.5,621,42,8,175.0
2025-11-29 01:48:46+05:30,1256,171.5,37.4,33.7,50.1,563,49,10,174.5
2025-11-29 01:49:46+05:30,1256,168.3,33.9,33.7,49.4,649,53,3,173.2
2025-11-29 01:50:46+05:30,1256,170.6,40.7,33.5,54.9,616,34,1,157.9
2025-11-29 01:51:46+05:30,1256,171.1,41.0,32.9,54.4,619,17,6,180.1
2025-11-29 01:52:46+05:30,1256,169.8,42.5,33.8,56.6,699,30,5,186.9
2025-11-29 01:53:46+05:30,1256,167.0,40.2,33.8,54.3,759,42,3,165.1
2025-11-29 01:54:46+05:30,1256,165.2,41.5,33.2,54.8,700,13,11,190.3
2025-11-29 01:55:46+05:30,1256,171.1,38.8,33.5,49.6,663,37,3,199.1
2025-11-29 01:56:46+05:30,1256,168.3,44.4,33.5,55.0,629,41,12,188.3
2025-11-29 01:57:46+05:30,1256,169.6,41.4,34.1,49.1,576,48,0,153.4
2025-11-29 01:58:46+05:30,1256,170.4,41.3,33.5,55.5,628,26,6,215.4
2025-11-29 01:59:46+05:30,1256,167.4,44.6,33.3,47.6,640,29,4,156.7
2025-11-29 02:00:46+05:30,1256,170.0,39.8,33.9,50.2,780,54,7,155.8
2025-11-29 02:01:46+05:30,1256,171.9,45.1,33.3,51.2,607,40,5,214.1
2025-11-29 02:02:46+05:30,1256,170.0,40.0,33.0,50.3,600,22,4,174.6
2025-11-29 02:03:46+05:30,1256,168.0,39.9,33.3,52.5,624,37,3,203.1
2025-11-29 02:04:46+05:30,1256,173.3,39.6,33.9,49.2,562,34,7,176.8
2025-11-29 02:05:46+05:30,1256,172.4,46.0,33.3,53.6,711,26,4,152.0
2025-11-29 02:06:46+05:30,1256,168.0,42.5,33.1,51.0,676,12,10,187.3
2025-11-29 02:07:46+05:30,1256,167.3,45.3,33.4,54.3,678,46,0,172.9
2025-11-29 02:08:46+05:30,1256,167.8,41.7,33.4,48.7,680,30,10,200.3
2025-11-29 02:09:46+05:30,1256,170.0,43.1,33.1,51.5,659,28,3,197.0
2025-11-29 02:10:46+05:30,1256,168.4,35.1,33.2,52.6,562,27,6,169.0
2025-11-29 02:11:46+05:30,1256,176.8,39.9,33.5,52.6,594,48,7,200.1
2025-11-29 02:12:46+05:30,1256,169.3,39.1,33.1,54.4,620,32,6,158.6
2025-11-29 02:13:46+05:30,1256,169.3,39.2,33.0,51.1,588,18,8,199.7
2025-11-29 02:14:46+05:30,1256,168.3,36.9,33.4,55.4,696,23,3,179.0
2025-11-29 02:15:46+05:30,1256,169.8,33.3,33.4,50.6,614,45,0,162.1
2025-11-29 02:16:46+05:30,1256,172.0,38.5,34.0,51.5,626,33,6,169.6
2025-11-29 02:17:46+05:30,1256,166.9,31.5,33.5,52.0,667,19,4,200.6
2025-11-29 02:18:46+05:30,1256,169.1,37.6,33.2,49.7,601,29,9,199.0
2025-11-29 02:19:46+05:30,1256,171.0,42.9,33.4,48.8,570,49,7,177.8
2025-11-29 02:20:46+05:30,1256,170.5,40.1,32.9,52.0,657,31,6,229.0
2025-11-29 02:21:46+05:30,1256,164.0,42.9,33.3,53.2,619,35,0,189.6
2025-11-29 02:22:46+05:30,1256,175.5,38.9,33.5,53.8,700,36,2,172.2
2025-11-29 02:23:46+05:30,1256,169.9,44.2,33.5,50.3,701,32,4,194.5
2025-11-29 02:24:46+05:30,1256,169.0,35.1,33.2,57.3,654,29,0,197.3
2025-11-29 02:25:46+05:30,1256,174.0,37.0,33.4,54.5,613,29,3,182.5
2025-11-29 02:26:46+05:30,1256,169.1,39.9,33.3,54.5,609,29,3,194.5
2025-11-29 02:27:46+05:30,1256,168.4,41.1,33.3,52.2,666,35,7,197.9
2025-11-29 02:28:46+05:30,1256,171.3,42.6,32.8,54.1,677,20,4,178.8
2025-11-29 02:29:46+05:30,1256,171.4,41.3,33.1,53.6,678,28,8,171.5
2025-11-29 02:30:46+05:30,1256,166.2,36.7,33.3,55.2,561,28,2,177.9
2025-11-29 02:31:46+05:30,1256,174.0,38.5,33.0,52.3,630,20,5,188.4
2025-11-29 02:32:46+05:30,1256,171.1,36.1,33.6,51.8,646,34,0,196.8
2025-11-29 02:33:46+05:30,1256,169.9,37.5,33.4,52.2,671,35,7,156.8
2025-11-29 02:34:46+05:30,1256,165.1,39.8,32.7,48.6,639,41,6,164.1
2025-11-29 02:35:46+05:30,1256,170.1,35.6,33.7,51.0,587,29,6,152.0
2025-11-29 02:36:46+05:30,1256,163.7,31.7,33.2,52.8,676,28,8,209.3
2025-11-29 02:37:46+05:30,1256,166.2,41.5,33.7,53.6,555,29,2,168.5
2025-11-29 02:38:46+05:30,1256,169.8,42.8,33.0,50.7,660,36,12,190.1
2025-11-29 02:39:46+05:30,1256,171.1,43.3,33.2,51.2,602,18,1,164.5
2025-11-29 02:40:46+05:30,1256,171.3,42.6,33.3,51.5,621,27,7,169.0
2025-11-29 02:41:46+05:30,1256,170.2,43.3,33.1,50.2,729,33,1,151.9
2025-11-29 02:42:46+05:30,1256,175.8,40.3,33.2,52.3,581,37,8,143.5
2025-11-29 02:43:46+05:30,1256,167.2,35.6,33.3,51.9,618,42,2,182.4
2025-11-29 02:44:46+05:30,1256,174.5,40.2,33.2,53.7,701,45,0,202.0
2025-11-29 02:45:46+05:30,1256,164.5,35.3,33.4,53.4,661,16,5,150.1
2025-11-29 02:46:46+05:30,1256,165.8,38.1,33.1,49.8,697,45,7,194.4
2025-11-29 02:47:46+05:30,1256,170.0,40.7,32.8,53.3,611,11,0,211.6
2025-11-29 02:48:46+05:30,1256,167.3,42.9,33.5,54.5,633,34,6,183.3
2025-11-29 02:49:46+05:30,1256,175.4,45.1,33.4,53.4,619,31,7,151.7
2025-11-29 02:50:46+05:30,1256,173.3,40.3,33.0,51.3,627,39,0,179.5
2025-11-29 02:51:46+05:30,1256,167.5,40.7,33.3,56.8,734,18,6,182.0
2025-11-29 02:52:46+05:30,1256,166.6,37.3,33.4,51.6,645,27,3,192.0
2025-11-29 02:53:46+05:30,1256,171.1,38.8,33.0,48.9,656,26,3,196.0
2025-11-29 02:54:46+05:30,1256,173.7,39.5,33.4,54.1,700,38,5,180.2
2025-11-29 02:55:46+05:30,1256,166.9,34.9,32.6,48.9,647,26,5,196.2
2025-11-29 02:56:46+05:30,1256,171.6,35.9,33.5,55.2,641,35,3,173.4
2025-11-29 02:57:46+05:30,1256,169.5,38.1,32.6,50.3,615,25,7,189.4
2025-11-29 02:58:46+05:30,1256,171.1,42.5,33.4,51.5,695,39,5,178.6
2025-11-29 02:59:46+05:30,1256,168.9,38.6,33.3,55.2,711,27,6,214.6
2025-11-29 03:00:46+05:30,1256,172.1,46.0,33.7,55.3,650,24,0,166.8
2025-11-29 03:01:46+05:30,1256,167.4,36.2,33.2,51.1,532,36,7,182.6
2025-11-29 03:02:46+05:30,1256,164.7,39.3,33.4,52.9,635,33,2,145.2
2025-11-29 03:03:46+05:30,1256,175.9,43.4,33.2,51.3,695,45,6,189.6
2025-11-29 03:04:46+05:30,1256,173.0,31.2,33.0,53.4,658,35,0,199.6
2025-11-29 03:05:46+05:30,1256,172.8,38.6,33.5,51.3,607,28,8,174.4
2025-11-29 03:06:46+05:30,1256,169.5,41.9,33.2,52.4,596,28,8,170.9
2025-11-29 03:07:46+05:30,1256,167.0,38.6,33.0,50.1,615,13,0,164.2
2025-11-29 03:08:46+05:30,1256,173.3,39.0,33.0,53.6,632,26,1,137.8
2025-11-29 03:09:46+05:30,1256,167.1,37.5,33.0,50.4,653,18,11,174.8
2025-11-29 03:10:46+05:30,1256,170.5,41.1,33.1,54.7,636,25,5,197.6
2025-11-29 03:11:46+05:30,1256,169.5,41.3,33.1,52.3,662,5,6,170.2
2025-11-29 03:12:46+05:30,1256,169.5,41.9,32.9,49.4,725,39,4,178.3
2025-11-29 03:13:46+05:30,1256,169.1,41.4,33.2,55.0,675,33,0,163.2
2025-11-29 03:14:46+05:30,1256,169.1,39.9,33.2,55.4,602,41,2,179.2
2025-11-29 03:15:46+05:30,1256,172.6,37.7,33.2,57.0,583,22,1,198.1
2025-11-29 03:16:46+05:30,1256,172.2,42.2,33.6,52.8,639,28,10,167.9
2025-11-29 03:17:46+05:30,1256,174.7,43.2,33.2,52.3,635,29,4,177.7
2025-11-29 03:18:46+05:30,1256,171.9,40.4,33.4,50.4,627,37,3,161.0
2025-11-29 03:19:46+05:30,1256,170.1,38.6,33.7,54.8,663,23,2,186.7
2025-11-29 03:20:46+05:30,1256,166.1,40.6,33.5,52.9,563,31,5,178.1
2025-11-29 03:21:46+05:30,1256,173.4,38.5,32.9,50.8,527,28,8,142.6
2025-11-29 03:22:46+05:30,1256,168.3,33.9,33.5,53.9,583,35,11,193.0
2025-11-29 03:23:46+05:30,1256,170.9,40.0,33.4,52.4,749,21,8,154.6
2025-11-29 03:24:46+05:30,1256,167.9,39.8,33.3,54.1,586,5,5,174.0
2025-11-29 03:25:46+05:30,1256,172.6,39.1,33.6,50.2,685,38,6,165.0
2025-11-29 03:26:46+05:30,1256,172.3,44.0,33.6,51.7,563,0,4,183.7
2025-11-29 03:27:46+05:30,1256,162.4,43.9,33.3,54.0,599,24,3,164.6
2025-11-29 03:28:46+05:30,1256,176.4,37.9,33.5,52.1,734,31,9,165.2
2025-11-29 03:29:46+05:30,1256,167.5,37.6,33.0,50.7,708,25,8,136.6
2025-11-29 03:30:46+05:30,1256,167.2,37.7,33.4,53.6,640,14,0,157.4
2025-11-29 03:31:46+05:30,1256,168.4,40.4,33.8,49.6,610,40,7,186.6
2025-11-29 03:32:46+05:30,1256,166.0,41.6,33.2,52.5,599,24,11,160.6
2025-11-29 03:33:46+05:30,1256,174.3,38.0,32.8,52.2,567,26,1,203.7
2025-11-29 03:34:46+05:30,1256,168.3,44.7,33.0,50.0,760,30,11,166.9
2025-11-29 03:35:46+05:30,1256,175.0,41.3,33.7,49.0,663,40,1,188.8
2025-11-29 03:36:46+05:30,1256,169.2,44.8,33.2,50.8,663,31,1,167.7
2025-11-29 03:37:46+05:30,1256,166.1,37.3,32.7,58.4,613,36,2,199.0
2025-11-29 03:38:46+05:30,1256,166.4,40.2,32.9,52.2,743,26,2,162.2
2025-11-29 03:39:46+05:30,1256,170.2,38.3,33.5,52.8,682,1,0,152.5
2025-11-29 03:40:46+05:30,1256,175.2,44.8,33.7,49.8,644,27,3,193.7
2025-11-29 03:41:46+05:30,1256,173.9,37.8,32.9,54.4,635,16,5,159.9
2025-11-29 03:42:46+05:30,1256,170.2,39.3,32.6,49.6,578,38,0,184.2
2025-11-29 03:43:46+05:30,1256,171.3,43.8,33.2,51.8,673,24,3,172.1
2025-11-29 03:44:46+05:30,1256,169.9,42.3,33.4,53.6,689,22,6,203.5
2025-11-29 03:45:46+05:30,1256,175.3,43.7,33.9,51.0,738,12,5,177.5
2025-11-29 03:46:46+05:30,1256,173.5,39.6,33.4,49.1,603,41,8,169.0
2025-11-29 03:47:46+05:30,1256,166.5,42.2,32.7,51.5,631,34,3,211.9
2025-11-29 03:48:46+05:30,1256,165.9,40.6,33.3,50.8,691,5,4,198.1
2025-11-29 03:49:46+05:30,1256,170.3,44.5,33.8,53.6,693,32,4,188.8
2025-11-29 03:50:46+05:30,1256,167.2,45.4,33.8,51.7,663,26,5,181.1
2025-11-29 03:51:46+05:30,1256,167.6,42.4,33.2,50.3,597,38,4,181.0
2025-11-29 03:52:46+05:30,1256,168.0,43.6,33.0,49.8,663,21,7,200.9
2025-11-29 03:53:46+05:30,1256,170.3,37.9,33.2,52.6,659,22,9,200.5
2025-11-29 03:54:46+05:30,1256,171.0,41.6,34.3,52.9,621,38,3,181.8
2025-11-29 03:55:46+05:30,1256,171.2,38.3,33.4,53.7,623,16,9,161.5
2025-11-29 03:56:46+05:30,1256,169.4,39.5,32.9,49.8,578,37,4,173.0
2025-11-29 03:57:46+05:30,1256,172.9,39.2,33.4,51.0,707,42,1,180.8
2025-11-29 03:58:46+05:30,1256,173.0,40.7,33.0,53.0,590,25,7,151.3
2025-11-29 03:59:46+05:30,1256,167.6,41.7,33.0,49.2,635,38,4,167.3
2025-11-29 04:00:46+05:30,1256,174.4,44.7,33.3,53.6,662,13,9,214.9
2025-11-29 04:01:46+05:30,1256,167.8,38.1,33.2,52.9,675,34,0,139.4
2025-11-29 04:02:46+05:30,1256,170.7,45.5,33.7,51.0,680,34,12,187.9
2025-11-29 04:03:46+05:30,1256,171.8,42.4,32.6,53.9,664,30,5,158.5
2025-11-29 04:04:46+05:30,1256,177.6,40.2,34.3,50.7,576,26,7,196.0
2025-11-29 04:05:46+05:30,1256,169.5,39.0,33.1,49.1,634,29,2,156.3
2025-11-29 04:06:46+05:30,1256,170.4,38.6,33.5,49.8,681,47,4,152.1
2025-11-29 04:07:46+05:30,1256,169.2,40.6,33.0,45.4,716,28,3,204.9
2025-11-29 04:08:46+05:30,1256,169.4,41.4,33.5,53.2,689,46,8,168.1
2025-11-29 04:09:46+05:30,1256,165.0,36.9,33.0,50.4,646,21,3,180.3
2025-11-29 04:10:46+05:30,1256,175.3,41.6,33.6,50.2,657,35,5,185.4
2025-11-29 04:11:46+05:30,1256,170.9,39.3,33.8,53.8,645,21,0,194.0
2025-11-29 04:12:46+05:30,1256,177.0,39.5,33.0,54.6,656,10,3,123.1
2025-11-29 04:13:46+05:30,1256,175.9,40.2,33.3,45.9,674,19,3,157.7
2025-11-29 04:14:46+05:30,1256,167.0,40.1,33.0,54.3,721,28,6,184.7
2025-11-29 04:15:46+05:30,1256,170.4,44.0,33.3,53.0,553,39,4,160.6
2025-11-29 04:16:46+05:30,1256,168.2,42.3,33.1,51.1,702,30,0,208.6
2025-11-29 04:17:46+05:30,1256,170.9,41.3,33.6,55.0,777,26,3,158.4
2025-11-29 04:18:46+05:30,1256,166.6,40.5,32.9,48.9,720,36,5,166.8
2025-11-29 04:19:46+05:30,1256,167.0,38.4,33.8,50.6,687,16,4,170.9
2025-11-29 04:20:46+05:30,1256,171.2,40.9,33.1,51.7,663,34,1,186.8
2025-11-29 04:21:46+05:30,1256,164.6,38.0,32.8,52.1,679,38,7,203.0
2025-11-29 04:22:46+05:30,1256,166.1,33.7,33.2,54.7,598,50,4,167.4
2025-11-29 04:23:46+05:30,1256,168.2,38.4,33.9,50.6,656,17,4,178.2
2025-11-29 04:24:46+05:30,1256,170.9,40.8,33.2,52.7,569,16,4,184.5
2025-11-29 04:25:46+05:30,1256,172.1,36.5,33.5,51.0,687,12,2,196.3
2025-11-29 04:26:46+05:30,1256,168.0,35.2,33.7,52.3,686,23,6,199.1
2025-11-29 04:27:46+05:30,1256,169.3,40.7,32.5,52.5,710,33,1,198.8
2025-11-29 04:28:46+05:30,1256,165.6,37.5,33.3,50.6,701,23,4,180.6
2025-11-29 04:29:46+05:30,1256,174.8,43.9,33.6,48.6,582,26,5,159.4
2025-11-29 04:30:46+05:30,1256,169.5,35.4,33.4,52.8,659,23,3,177.8
2025-11-29 04:31:46+05:30,1256,174.2,42.9,33.7,53.2,576,31,7,173.4
2025-11-29 04:32:46+05:30,1256,168.2,39.2,33.4,51.4,655,36,6,179.7
2025-11-29 04:33:46+05:30,1256,170.8,42.4,33.0,52.9,587,14,3,173.9
2025-11-29 04:34:46+05:30,1256,169.3,39.3,33.4,50.6,597,25,3,186.3
2025-11-29 04:35:46+05:30,1256,172.2,42.8,33.4,49.4,663,49,5,163.8
2025-11-29 04:36:46+05:30,1256,172.3,40.8,33.0,51.8,587,35,0,149.6
2025-11-29 04:37:46+05:30,1256,165.9,37.4,33.4,52.7,657,39,2,184.7
2025-11-29 04:38:46+05:30,1256,167.3,40.7,32.6,52.6,708,3,0,193.5
2025-11-29 04:39:46+05:30,1256,166.1,39.7,33.7,52.2,649,29,2,180.6
2025-11-29 04:40:46+05:30,1256,167.2,39.5,33.7,48.5,541,26,0,200.9
2025-11-29 04:41:46+05:30,1256,171.4,43.6,33.4,51.6,656,25,0,183.8
2025-11-29 04:42:46+05:30,1256,170.9,34.0,33.0,49.0,667,33,2,169.2
2025-11-29 04:43:46+05:30,1256,174.3,39.4,33.5,53.1,667,2,1,197.0
2025-11-29 04:44:46+05:30,1256,164.2,40.7,33.2,52.1,690,24,6,195.2
2025-11-29 04:45:46+05:30,1256,170.7,38.1,33.3,51.7,606,31,3,202.2
2025-11-29 04:46:46+05:30,1256,163.6,38.6,33.2,53.6,717,33,9,174.1
2025-11-29 04:47:46+05:30,1256,166.5,42.5,32.9,47.1,695,29,7,224.8
2025-11-29 04:48:46+05:30,1256,169.1,44.6,33.6,54.4,738,42,4,159.2
2025-11-29 04:49:46+05:30,1256,166.5,39.6,33.2,50.7,711,37,0,181.6
2025-11-29 04:50:46+05:30,1256,162.9,40.7,32.9,54.1,649,31,0,211.4
2025-11-29 04:51:46+05:30,1256,172.3,41.9,33.2,52.0,645,31,8,167.7
2025-11-29 04:52:46+05:30,1256,171.5,44.0,33.5,52.9,604,42,1,157.1
2025-11-29 04:53:46+05:30,1256,170.8,38.3,33.9,49.5,590,25,8,214.4
2025-11-29 04:54:46+05:30,1256,173.0,40.1,33.0,49.1,672,29,0,188.3
2025-11-29 04:55:46+05:30,1256,167.0,36.3,32.6,51.6,617,21,8,177.0
2025-11-29 04:56:46+05:30,1256,169.9,41.9,33.2,55.8,637,28,3,154.7
2025-11-29 04:57:46+05:30,1256,167.1,37.8,33.1,53.9,696,39,0,170.4
2025-11-29 04:58:46+05:30,1256,171.7,44.5,33.2,50.5,674,40,6,147.1
2025-11-29 04:59:46+05:30,1256,169.6,37.3,33.9,54.3,674,28,6,191.8
2025-11-29 05:00:46+05:30,1256,166.2,41.6,33.4,52.1,708,38,3,199.0
2025-11-29 05:01:46+05:30,1256,170.3,34.7,33.3,54.8,684,22,3,219.7
2025-11-29 05:02:46+05:30,1256,169.3,43.6,33.1,53.8,668,38,9,215.2
2025-11-29 05:03:46+05:30,1256,168.0,39.0,32.9,53.2,600,14,5,205.0
2025-11-29 05:04:46+05:30,1256,170.7,41.8,33.0,53.2,610,14,10,161.6
2025-11-29 05:05:46+05:30,1256,173.9,37.2,33.4,52.3,664,15,5,171.3
2025-11-29 05:06:46+05:30,1256,171.7,42.3,32.8,54.0,634,28,0,199.1
2025-11-29 05:07:46+05:30,1256,167.1,40.8,32.8,51.6,584,47,7,179.5
2025-11-29 05:08:46+05:30,1256,170.3,39.9,33.3,56.3,598,27,6,191.1
2025-11-29 05:09:46+05:30,1256,171.0,36.2,33.0,51.5,660,27,1,188.3
2025-11-29 05:10:46+05:30,1256,173.3,36.0,33.8,47.3,595,31,2,186.3
2025-11-29 05:11:46+05:30,1256,174.6,45.4,33.4,51.1,677,30,7,159.0
2025-11-29 05:12:46+05:30,1256,173.0,34.5,32.8,55.8,659,34,8,170.1
2025-11-29 05:13:46+05:30,1256,167.2,42.6,33.2,57.5,680,37,7,188.3
2025-11-29 05:14:46+05:30,1256,166.4,44.6,33.7,51.0,688,12,4,170.4
2025-11-29 05:15:46+05:30,1256,167.2,35.0,33.8,57.4,607,31,2,147.3
2025-11-29 05:16:46+05:30,1256,173.4,47.2,33.3,52.6,654,46,5,175.9
2025-11-29 05:17:46+05:30,1256,170.6,40.4,33.2,48.2,747,21,1,174.9
2025-11-29 05:18:46+05:30,1256,166.9,42.6,33.7,53.3,667,44,8,162.5
2025-11-29 05:19:46+05:30,1256,165.6,44.4,33.2,50.3,667,33,3,155.2
2025-11-29 05:20:46+05:30,1256,166.2,38.7,34.0,53.9,665,36,2,183.7
2025-11-29 05:21:46+05:30,1256,169.1,39.6,33.1,51.7,673,7,2,193.4
2025-11-29 05:22:46+05:30,1256,170.9,36.8,33.1,50.6,670,22,1,207.2
2025-11-29 05:23:46+05:30,1256,176.2,45.4,33.7,51.6,663,29,2,196.2
2025-11-29 05:24:46+05:30,1256,172.7,45.3,32.8,54.0,631,40,8,189.3
2025-11-29 05:25:46+05:30,1256,174.3,45.9,33.2,49.9,636,38,5,165.6
2025-11-29 05:26:46+05:30,1256,170.6,40.3,33.9,51.5,692,19,3,171.2
2025-11-29 05:27:46+05:30,1256,171.8,37.8,33.5,50.9,636,23,1,186.4
2025-11-29 05:28:46+05:30,1256,170.2,40.8,33.0,50.9,587,12,0,167.9
2025-11-29 05:29:46+05:30,1256,168.5,40.4,33.8,53.3,623,20,6,181.0
2025-11-29 05:30:46+05:30,1256,167.1,41.7,33.2,54.0,602,38,6,178.4
2025-11-29 05:31:46+05:30,1256,169.4,38.0,33.6,53.8,635,19,7,183.9
2025-11-29 05:32:46+05:30,1256,169.5,41.8,33.3,52.7,626,24,3,147.9
2025-11-29 05:33:46+05:30,1256,170.4,39.2,33.3,54.1,665,13,8,181.0
2025-11-29 05:34:46+05:30,1256,166.5,35.2,33.3,49.6,669,31,7,184.2
2025-11-29 05:35:46+05:30,1256,169.6,41.8,33.5,55.4,578,29,8,211.9
2025-11-29 05:36:46+05:30,1256,169.8,43.8,33.7,49.6,617,28,6,209.3
2025-11-29 05:37:46+05:30,1256,167.6,44.2,33.1,52.7,694,22,5,179.0
2025-11-29 05:38:46+05:30,1256,168.2,42.1,32.5,50.4,674,27,5,216.8
2025-11-29 05:39:46+05:30,1256,170.7,38.5,33.7,50.7,638,29,6,152.1
2025-11-29 05:40:46+05:30,1256,171.8,44.4,33.5,49.4,635,23,8,158.2
2025-11-29 05:41:46+05:30,1256,171.6,38.5,33.2,53.0,667,26,4,163.2
2025-11-29 05:42:46+05:30,1256,170.3,38.2,33.2,50.2,636,20,3,172.0
2025-11-29 05:43:46+05:30,1256,167.5,42.8,33.2,51.7,584,10,9,197.0
2025-11-29 05:44:46+05:30,1256,168.0,40.2,33.2,57.9,733,56,5,239.5
2025-11-29 05:45:46+05:30,1256,173.0,33.2,33.5,46.7,709,34,7,168.4
2025-11-29 05:46:46+05:30,1256,168.4,40.9,33.4,49.4,721,22,3,200.6
2025-11-29 05:47:46+05:30,1256,168.3,38.6,33.2,55.9,695,25,2,111.1
2025-11-29 05:48:46+05:30,1256,171.0,33.7,33.1,54.4,761,24,7,165.8
2025-11-29 05:49:46+05:30,1256,169.5,42.8,33.1,51.7,617,33,5,215.0
2025-11-29 05:50:46+05:30,1256,165.8,44.5,33.7,51.5,701,43,6,156.6
2025-11-29 05:51:46+05:30,1256,169.3,40.7,33.0,51.5,657,12,6,180.1
2025-11-29 05:52:46+05:30,1256,166.5,38.0,33.4,52.1,561,28,4,184.8
2025-11-29 05:53:46+05:30,1256,175.4,42.9,33.7,53.9,668,13,8,183.8
2025-11-29 05:54:46+05:30,1256,172.2,42.4,33.1,53.9,658,33,2,147.9
2025-11-29 05:55:46+05:30,1256,169.1,40.5,33.4,51.8,607,24,8,180.0
2025-11-29 05:56:46+05:30,1256,170.1,40.6,33.8,52.5,627,42,2,199.1
2025-11-29 05:57:46+05:30,1256,166.0,36.4,33.3,51.3,592,20,5,189.4
2025-11-29 05:58:46+05:30,1256,169.7,38.0,33.5,50.0,672,23,4,195.3
2025-11-29 05:59:46+05:30,1256,170.4,34.9,32.7,51.6,673,21,8,134.5
2025-11-29 06:00:46+05:30,1256,171.1,39.3,33.2,52.6,604,38,7,183.7
2025-11-29 06:01:46+05:30,1256,173.0,41.7,33.3,50.1,683,30,4,177.2
2025-11-29 06:02:46+05:30,1256,171.6,43.2,32.6,49.7,656,38,9,227.0
2025-11-29 06:03:46+05:30,1256,174.1,42.7,33.7,54.3,642,37,4,196.5
2025-11-29 06:04:46+05:30,1256,165.7,35.3,33.2,52.5,608,16,7,166.4
2025-11-29 06:05:46+05:30,1256,168.9,38.9,33.5,50.3,579,42,10,195.6
2025-11-29 06:06:46+05:30,1256,171.4,39.1,32.8,56.0,662,48,3,166.4
2025-11-29 06:07:46+05:30,1256,169.7,40.9,33.7,53.6,700,15,11,207.7
2025-11-29 06:08:46+05:30,1256,171.6,40.0,32.9,51.3,645,35,4,212.0
2025-11-29 06:09:46+05:30,1256,169.6,43.3,33.5,53.7,719,37,5,191.9
2025-11-29 06:10:46+05:30,1256,164.3,42.1,33.6,51.7,591,19,3,192.0
2025-11-29 06:11:46+05:30,1256,175.9,44.0,33.1,52.8,585,29,4,200.9
2025-11-29 06:12:46+05:30,1256,166.0,45.7,33.2,52.0,629,8,1,197.5
2025-11-29 06:13:46+05:30,1256,171.6,41.5,33.3,52.1,671,31,1,194.5
2025-11-29 06:14:46+05:30,1256,171.3,38.9,33.3,51.6,650,37,4,179.3
2025-11-29 06:15:46+05:30,1256,166.4,38.1,33.1,54.3,646,49,4,164.7
2025-11-29 06:16:46+05:30,1256,171.0,45.0,33.6,56.3,616,33,6,159.2
2025-11-29 06:17:46+05:30,1256,168.3,37.0,33.3,52.0,749,56,6,165.6
2025-11-29 06:18:46+05:30,1256,167.7,38.4,33.6,51.7,649,47,5,200.4
2025-11-29 06:19:46+05:30,1256,170.4,38.2,33.0,53.5,601,18,7,163.5
2025-11-29 06:20:46+05:30,1256,170.8,40.5,33.2,52.6,698,33,6,131.3
2025-11-29 06:21:46+05:30,1256,168.0,43.7,33.5,48.2,637,14,7,163.1
2025-11-29 06:22:46+05:30,1256,168.5,37.9,32.8,47.4,735,36,3,201.6
2025-11-29 06:23:46+05:30,1256,165.7,34.6,33.6,52.0,633,23,0,168.4
2025-11-29 06:24:46+05:30,1256,174.8,39.7,33.5,54.9,614,25,11,192.2
2025-11-29 06:25:46+05:30,1256,167.2,39.1,33.5,52.8,614,30,8,173.3
2025-11-29 06:26:46+05:30,1256,168.2,39.0,33.4,55.5,763,31,2,158.7
2025-11-29 06:27:46+05:30,1256,171.9,40.9,33.6,51.3,574,44,6,179.1
2025-11-29 06:28:46+05:30,1256,176.3,41.4,33.4,54.4,674,28,6,160.0
2025-11-29 06:29:46+05:30,1256,170.3,39.3,33.8,49.9,630,26,1,196.3
2025-11-29 06:30:46+05:30,1256,168.6,46.9,33.0,55.6,615,41,10,192.4
2025-11-29 06:31:46+05:30,1256,175.0,41.1,33.2,51.4,751,27,4,153.6
2025-11-29 06:32:46+05:30,1256,171.3,34.7,32.9,50.7,649,24,4,152.2
2025-11-29 06:33:46+05:30,1256,168.3,41.9,33.2,51.9,603,24,8,175.1
2025-11-29 06:34:46+05:30,1256,174.4,38.7,33.1,52.8,653,28,4,152.0
2025-11-29 06:35:46+05:30,1256,171.1,41.3,33.2,50.3,637,32,1,181.3
2025-11-29 06:36:46+05:30,1256,170.3,36.6,33.7,53.2,726,23,2,141.7
2025-11-29 06:37:46+05:30,1256,169.6,39.9,33.7,47.0,630,31,6,201.0
2025-11-29 06:38:46+05:30,1256,174.0,37.5,33.4,50.9,646,27,7,174.8
2025-11-29 06:39:46+05:30,1256,170.0,43.3,32.6,50.5,627,26,4,178.1
2025-11-29 06:40:46+05:30,1256,168.1,40.9,33.3,52.3,713,44,0,151.0
2025-11-29 06:41:46+05:30,1256,174.5,31.9,32.8,49.8,581,27,7,179.3
2025-11-29 06:42:46+05:30,1256,171.1,41.4,33.6,50.6,609,37,4,175.7
2025-11-29 06:43:46+05:30,1256,172.7,41.2,33.1,54.8,633,36,2,239.5
2025-11-29 06:44:46+05:30,1256,168.6,39.2,33.7,49.6,630,24,0,182.2
2025-11-29 06:45:46+05:30,1256,173.6,44.6,32.8,51.8,686,41,0,200.5
2025-11-29 06:46:46+05:30,1256,170.8,39.8,33.3,54.5,564,24,4,210.0
2025-11-29 06:47:46+05:30,1256,174.9,41.9,33.3,50.4,673,36,4,175.3
2025-11-29 06:48:46+05:30,1256,172.7,42.3,33.2,52.6,695,13,8,210.3
2025-11-29 06:49:46+05:30,1256,171.4,37.7,33.2,52.7,713,23,0,171.9
2025-11-29 06:50:46+05:30,1256,169.2,37.1,33.4,48.0,622,26,4,155.5
2025-11-29 06:51:46+05:30,1256,174.7,36.5,33.4,57.3,613,25,6,169.2
2025-11-29 06:52:46+05:30,1256,174.2,39.9,33.4,53.4,634,48,5,195.6
2025-11-29 06:53:46+05:30,1256,165.7,34.2,33.4,51.3,684,23,0,200.3
2025-11-29 06:54:46+05:30,1256,173.5,38.2,33.6,56.1,620,28,6,157.3
2025-11-29 06:55:46+05:30,1256,167.5,41.1,32.6,48.4,686,41,0,159.9
2025-11-29 06:56:46+05:30,1256,170.3,46.7,32.6,55.0,748,13,7,195.6
2025-11-29 06:57:46+05:30,1256,172.6,44.1,32.8,48.9,688,4,6,183.9
2025-11-29 06:58:46+05:30,1256,168.8,40.8,33.3,52.0,589,28,6,169.2
2025-11-29 06:59:46+05:30,1256,172.3,40.9,33.3,49.5,657,32,0,166.9
2025-11-29 07:00:46+05:30,1256,167.2,35.6,33.7,54.0,664,25,6,196.5
2025-11-29 07:01:46+05:30,1256,173.3,40.8,33.0,50.4,589,45,5,177.5
2025-11-29 07:02:46+05:30,1256,166.0,47.0,33.2,46.6,680,25,9,177.9
2025-11-29 07:03:46+05:30,1256,171.7,43.9,33.0,51.9,620,38,9,199.0
2025-11-29 07:04:46+05:30,1256,165.7,42.9,33.1,52.3,629,12,5,198.0
2025-11-29 07:05:46+05:30,1256,167.2,42.9,33.1,52.5,691,31,4,186.3
2025-11-29 07:06:46+05:30,1256,172.7,32.1,33.1,53.8,645,40,3,167.5
2025-11-29 07:07:46+05:30,1256,166.8,40.4,32.6,50.8,680,28,7,190.7
2025-11-29 07:08:46+05:30,1256,172.8,35.8,33.1,52.5,534,33,2,185.9
2025-11-29 07:09:46+05:30,1256,172.4,47.6,33.1,52.1,638,14,5,216.2
2025-11-29 07:10:46+05:30,1256,172.5,36.7,33.2,50.0,655,29,5,170.1
2025-11-29 07:11:46+05:30,1256,171.2,38.0,33.0,47.0,689,13,4,192.2
2025-11-29 07:12:46+05:30,1256,168.6,39.5,33.2,52.7,661,37,3,205.2
2025-11-29 07:13:46+05:30,1256,171.7,36.1,33.9,51.0,598,28,4,187.1
2025-11-29 07:14:46+05:30,1256,166.7,38.4,33.6,51.6,632,35,5,164.5
2025-11-29 07:15:46+05:30,1256,171.9,40.7,33.4,49.1,712,32,11,168.0
2025-11-29 07:16:46+05:30,1256,170.3,41.8,33.6,50.8,650,44,7,193.1
2025-11-29 07:17:46+05:30,1256,176.9,39.3,33.5,52.4,602,24,1,178.5
2025-11-29 07:18:46+05:30,1256,165.5,36.3,32.9,54.0,715,34,3,163.5
2025-11-29 07:19:46+05:30,1256,169.2,41.2,33.6,53.2,629,18,0,182.1
2025-11-29 07:20:46+05:30,1256,164.1,42.6,32.8,52.4,592,16,2,159.7
2025-11-29 07:21:46+05:30,1256,165.9,42.0,33.6,54.4,697,24,7,180.9
2025-11-29 07:22:46+05:30,1256,175.0,36.5,33.6,52.5,705,18,7,201.1
2025-11-29 07:23:46+05:30,1256,163.9,38.5,33.2,54.5,626,34,5,204.5
2025-11-29 07:24:46+05:30,1256,170.8,37.6,33.6,53.8,677,37,0,154.9
2025-11-29 07:25:46+05:30,1256,172.3,42.1,33.7,52.3,646,35,6,120.4
2025-11-29 07:26:46+05:30,1256,169.2,36.4,33.3,51.5,587,17,5,168.5
2025-11-29 07:27:46+05:30,1256,170.8,41.9,33.3,54.7,666,33,3,148.7
2025-11-29 07:28:46+05:30,1256,171.6,43.4,33.0,53.2,634,16,7,190.1
2025-11-29 07:29:46+05:30,1256,167.8,35.9,33.1,50.7,733,37,6,171.0
2025-11-29 07:30:46+05:30,1256,166.9,39.1,33.3,46.7,750,32,4,164.8
2025-11-29 07:31:46+05:30,1256,166.7,41.1,33.9,55.4,667,22,5,204.7
2025-11-29 07:32:46+05:30,1256,173.0,39.0,33.4,50.6,603,44,5,193.6
2025-11-29 07:33:46+05:30,1256,171.3,40.8,33.4,51.3,660,52,4,197.5
2025-11-29 07:34:46+05:30,1256,168.2,35.3,33.3,52.2,780,36,3,164.9
2025-11-29 07:35:46+05:30,1256,168.3,35.1,33.2,55.1,580,23,6,213.1
2025-11-29 07:36:46+05:30,1256,170.8,40.8,33.2,48.7,673,31,2,147.8
2025-11-29 07:37:46+05:30,1256,174.6,40.2,33.0,50.4,606,20,4,119.8
2025-11-29 07:38:46+05:30,1256,166.1,35.8,33.3,51.1,705,39,5,204.6
2025-11-29 07:39:46+05:30,1256,171.6,40.8,33.3,47.1,655,36,4,189.9
2025-11-29 07:40:46+05:30,1256,168.0,40.8,33.2,54.0,777,36,6,160.7
2025-11-29 07:41:46+05:30,1256,172.2,45.1,32.7,50.2,653,34,4,143.9
2025-11-29 07:42:46+05:30,1256,174.5,36.9,33.7,50.4,725,36,6,177.2
2025-11-29 07:43:46+05:30,1256,169.1,37.8,32.6,53.5,634,42,4,196.0
2025-11-29 07:44:46+05:30,1256,175.5,37.4,33.2,49.0,639,27,6,168.7
2025-11-29 07:45:46+05:30,1256,168.6,41.0,33.5,48.9,718,23,6,198.6
2025-11-29 07:46:46+05:30,1256,167.7,37.0,33.3,49.5,564,10,0,176.5
2025-11-29 07:47:46+05:30,1256,167.5,40.6,33.5,51.0,722,37,4,143.3
2025-11-29 07:48:46+05:30,1256,171.3,36.6,33.2,54.7,726,36,0,181.5
2025-11-29 07:49:46+05:30,1256,174.3,37.1,33.1,52.2,702,29,3,208.0
2025-11-29 07:50:46+05:30,1256,166.2,42.9,33.2,49.1,739,34,6,182.1
2025-11-29 07:51:46+05:30,1256,174.2,45.5,32.8,51.1,568,8,7,152.1
2025-11-29 07:52:46+05:30,1256,168.0,39.2,33.3,52.9,603,27,6,181.2
2025-11-29 07:53:46+05:30,1256,172.2,37.8,33.1,51.9,716,33,3,161.5
2025-11-29 07:54:46+05:30,1256,171.5,41.6,33.4,52.5,712,5,3,185.0
2025-11-29 07:55:46+05:30,1256,167.1,36.1,32.7,51.8,601,33,4,148.1
2025-11-29 07:56:46+05:30,1256,171.4,40.3,33.4,54.0,631,33,6,178.7
2025-11-29 07:57:46+05:30,1256,171.0,43.6,33.1,51.7,710,35,5,166.7
2025-11-29 07:58:46+05:30,1256,166.9,40.0,33.0,52.2,696,15,5,181.3
2025-11-29 07:59:46+05:30,1256,171.4,44.0,33.4,49.0,603,34,4,170.9
2025-11-29 08:00:46+05:30,1256,172.9,36.1,33.0,48.9,674,13,7,187.2
2025-11-29 08:01:46+05:30,1256,172.4,44.1,33.3,47.8,530,29,3,168.9
2025-11-29 08:02:46+05:30,1256,172.0,41.1,33.4,51.3,681,8,4,184.6
2025-11-29 08:03:46+05:30,1256,167.2,38.6,33.8,50.7,666,16,5,178.5
2025-11-29 08:04:46+05:30,1256,168.4,40.3,33.2,52.5,667,30,7,128.7
2025-11-29 08:05:46+05:30,1256,166.0,37.5,33.0,52.6,653,30,3,168.1
2025-11-29 08:06:46+05:30,1256,173.6,40.5,33.4,50.7,733,20,0,181.5
2025-11-29 08:07:46+05:30,1256,172.7,38.8,32.9,51.3,631,27,7,194.6
2025-11-29 08:08:46+05:30,1256,170.2,45.7,33.5,52.1,690,10,2,171.6
2025-11-29 08:09:46+05:30,1256,173.6,37.5,33.2,51.5,681,31,7,189.6
2025-11-29 08:10:46+05:30,1256,166.8,39.3,33.4,54.8,684,21,4,229.4
2025-11-29 08:11:46+05:30,1256,174.0,43.0,33.4,52.8,588,21,4,150.2
2025-11-29 08:12:46+05:30,1256,170.4,39.5,33.7,51.1,673,22,8,205.1
2025-11-29 08:13:46+05:30,1256,172.0,38.4,33.4,50.6,684,40,12,173.1
2025-11-29 08:14:46+05:30,1256,166.4,33.2,33.7,54.9,693,34,7,194.3
2025-11-29 08:15:46+05:30,1256,174.8,43.9,33.1,54.4,681,22,6,173.0
2025-11-29 08:16:46+05:30,1256,171.1,38.3,33.0,52.3,576,26,7,167.5
2025-11-29 08:17:46+05:30,1256,174.2,41.0,33.3,50.7,637,28,5,208.1
2025-11-29 08:18:46+05:30,1256,172.2,37.9,33.7,54.2,637,32,4,222.6
2025-11-29 08:19:46+05:30,1256,166.3,40.7,33.1,50.6,649,19,7,158.9
2025-11-29 08:20:46+05:30,1256,170.7,39.7,33.5,52.6,671,41,3,182.4
2025-11-29 08:21:46+05:30,1256,175.1,37.5,32.8,54.4,664,25,3,217.9
2025-11-29 08:22:46+05:30,1256,170.9,39.5,33.1,51.4,706,40,4,179.0
2025-11-29 08:23:46+05:30,1256,168.6,38.1,33.4,52.1,736,47,1,134.7
2025-11-29 08:24:46+05:30,1256,169.2,39.7,33.2,51.9,603,22,7,167.2
2025-11-29 08:25:46+05:30,1256,168.4,41.6,33.4,54.6,608,38,3,218.5
2025-11-29 08:26:46+05:30,1256,169.3,38.5,33.2,51.7,670,33,5,141.2
2025-11-29 08:27:46+05:30,1256,173.3,41.0,33.6,51.5,631,28,5,178.6
2025-11-29 08:28:46+05:30,1256,170.4,39.1,32.9,53.6,551,27,4,203.9
2025-11-29 08:29:46+05:30,1256,168.7,35.9,33.1,50.8,585,44,0,176.1
2025-11-29 08:30:46+05:30,1256,169.2,38.6,33.4,49.5,642,28,4,193.0
2025-11-29 08:31:46+05:30,1256,166.2,40.2,33.3,53.4,602,28,6,185.9
2025-11-29 08:32:46+05:30,1256,176.6,38.8,33.4,51.3,637,33,7,163.8
2025-11-29 08:33:46+05:30,1256,169.3,39.1,33.3,52.3,652,35,2,222.0
2025-11-29 08:34:46+05:30,1256,173.8,37.8,32.9,52.3,615,15,4,172.0
2025-11-29 08:35:46+05:30,1256,173.2,42.1,32.7,50.1,651,39,3,165.5
2025-11-29 08:36:46+05:30,1256,169.6,39.5,33.9,53.3,644,34,6,185.5
2025-11-29 08:37:46+05:30,1256,169.1,41.4,33.6,52.2,656,34,6,197.9
2025-11-29 08:38:46+05:30,1256,168.0,38.6,33.5,52.6,712,24,4,207.2
2025-11-29 08:39:46+05:30,1256,175.9,39.1,33.4,52.6,617,11,12,182.8
2025-11-29 08:40:46+05:30,1256,173.7,42.4,33.0,53.5,617,25,2,158.4
2025-11-29 08:41:46+05:30,1256,171.9,41.4,33.5,48.2,684,42,0,191.3
2025-11-29 08:42:46+05:30,1256,166.8,40.8,32.9,52.3,708,29,6,169.2
2025-11-29 08:43:46+05:30,1256,165.1,38.5,33.1,51.9,704,41,2,213.4
2025-11-29 08:44:46+05:30,1256,167.4,47.3,33.7,49.3,624,26,7,182.1
2025-11-29 08:45:46+05:30,1256,176.1,41.2,33.0,50.8,735,34,5,169.2
2025-11-29 08:46:46+05:30,1256,169.6,40.5,33.4,52.5,663,6,5,162.0
2025-11-29 08:47:46+05:30,1256,170.1,46.2,33.1,51.4,665,28,3,142.6
2025-11-29 08:48:46+05:30,1256,170.8,39.5,33.5,50.0,719,36,8,179.6
2025-11-29 08:49:46+05:30,1256,165.8,44.7,32.6,54.7,655,35,8,149.1
2025-11-29 08:50:46+05:30,1256,165.1,42.0,33.2,52.5,659,39,5,181.4
2025-11-29 08:51:46+05:30,1256,169.7,46.2,33.4,54.0,607,25,2,197.0
2025-11-29 08:52:46+05:30,1256,172.2,37.1,33.4,55.1,634,40,2,197.8
2025-11-29 08:53:46+05:30,1256,174.0,36.5,33.2,52.9,617,26,6,198.0
2025-11-29 08:54:46+05:30,1256,173.4,38.4,33.0,51.8,574,9,10,209.0
2025-11-29 08:55:46+05:30,1256,174.5,41.9,33.0,52.5,598,41,6,173.0
2025-11-29 08:56:46+05:30,1256,171.8,41.5,32.6,50.1,732,33,7,144.4
2025-11-29 08:57:46+05:30,1256,167.8,43.6,33.3,52.4,645,17,3,162.4
2025-11-29 08:58:46+05:30,1256,165.5,40.3,33.0,51.5,530,17,6,164.7
2025-11-29 08:59:46+05:30,1256,171.8,40.8,33.7,52.2,705,24,4,175.4
2025-11-29 09:00:46+05:30,1256,175.9,35.4,33.5,53.3,726,41,7,152.9
2025-11-29 09:01:46+05:30,1256,165.4,46.1,33.3,52.1,668,29,6,141.2
2025-11-29 09:02:46+05:30,1256,167.6,38.1,33.4,51.2,715,27,2,168.9
2025-11-29 09:03:46+05:30,1256,169.9,35.2,33.5,50.1,692,43,6,182.4
2025-11-29 09:04:46+05:30,1256,167.4,43.3,33.3,52.9,560,19,2,174.0
2025-11-29 09:05:46+05:30,1256,174.0,40.3,33.3,54.3,628,31,1,203.8
2025-11-29 09:06:46+05:30,1256,169.0,40.0,33.5,50.9,687,21,3,210.2
2025-11-29 09:07:46+05:30,1256,167.7,39.1,33.0,52.5,635,25,8,207.7
2025-11-29 09:08:46+05:30,1256,169.0,39.4,33.1,53.1,699,37,1,178.4
2025-11-29 09:09:46+05:30,1256,170.7,42.4,33.2,53.9,659,29,4,178.3
2025-11-29 09:10:46+05:30,1256,169.1,40.6,33.3,52.3,625,39,6,165.0
2025-11-29 09:11:46+05:30,1256,164.7,39.5,33.1,52.5,620,38,7,152.3
2025-11-29 09:12:46+05:30,1256,171.0,39.9,33.3,53.5,601,45,8,188.4
2025-11-29 09:13:46+05:30,1256,170.2,38.1,33.4,52.7,648,25,3,136.5
2025-11-29 09:14:46+05:30,1256,170.0,38.6,32.8,53.3,586,21,0,164.3
2025-11-29 09:15:46+05:30,1256,167.7,37.6,33.2,50.2,695,18,3,174.6
2025-11-29 09:16:46+05:30,1256,163.8,43.5,33.7,48.1,706,33,1,194.3
2025-11-29 09:17:46+05:30,1256,169.7,43.4,32.9,56.0,698,28,5,157.6
2025-11-29 09:18:46+05:30,1256,165.0,42.1,32.8,50.9,618,26,4,190.9
2025-11-29 09:19:46+05:30,1256,174.8,38.9,33.5,50.9,606,37,0,158.6
2025-11-29 09:20:46+05:30,1256,163.4,39.5,33.4,49.3,668,26,12,189.1
2025-11-29 09:21:46+05:30,1256,167.3,46.5,32.6,48.9,630,37,7,179.5
2025-11-29 09:22:46+05:30,1256,172.3,41.1,33.4,52.9,593,11,7,174.1
2025-11-29 09:23:46+05:30,1256,169.4,44.0,33.4,49.7,670,27,6,149.3
2025-11-29 09:24:46+05:30,1256,166.2,45.4,33.6,50.7,689,23,2,152.3
2025-11-29 09:25:46+05:30,1256,168.0,35.6,33.5,56.3,633,30,4,197.7
2025-11-29 09:26:46+05:30,1256,167.0,36.2,32.9,54.9,728,34,5,213.9
2025-11-29 09:27:46+05:30,1256,171.1,41.4,33.2,55.0,789,34,6,199.5
2025-11-29 09:28:46+05:30,1256,170.7,36.2,33.6,54.0,630,31,0,161.8
2025-11-29 09:29:46+05:30,1256,169.2,42.5,32.9,52.1,716,26,6,180.1
2025-11-29 09:30:46+05:30,1256,169.5,38.7,32.9,51.8,621,35,1,169.8
2025-11-29 09:31:46+05:30,1256,169.9,35.6,33.6,51.9,693,17,5,214.6
2025-11-29 09:32:46+05:30,1256,174.7,42.0,33.2,50.4,554,38,5,190.4
2025-11-29 09:33:46+05:30,1256,172.1,39.2,33.2,54.1,651,38,2,203.5
2025-11-29 09:34:46+05:30,1256,164.9,35.5,33.3,50.0,668,15,3,174.1
2025-11-29 09:35:46+05:30,1256,166.5,44.5,33.3,50.6,553,32,5,203.8
2025-11-29 09:36:46+05:30,1256,170.0,33.5,33.6,54.4,548,12,4,185.4
2025-11-29 09:37:46+05:30,1256,165.9,41.7,32.9,53.9,729,16,3,209.6
2025-11-29 09:38:46+05:30,1256,166.2,41.9,33.5,51.1,690,50,5,181.1
2025-11-29 09:39:46+05:30,1256,171.2,36.5,33.0,53.3,717,13,4,165.2
2025-11-29 09:40:46+05:30,1256,174.3,39.3,33.7,51.1,636,38,3,168.5
2025-11-29 09:41:46+05:30,1256,163.8,40.1,33.3,52.0,719,15,10,192.5
2025-11-29 09:42:46+05:30,1256,172.1,38.0,33.3,54.2,648,17,4,188.4
2025-11-29 09:43:46+05:30,1256,169.9,39.8,33.0,52.0,623,44,6,178.9
2025-11-29 09:44:46+05:30,1256,171.3,40.5,33.2,51.8,655,38,0,157.3
2025-11-29 09:45:46+05:30,1256,166.5,38.4,33.4,49.8,674,28,5,163.5
2025-11-29 09:46:46+05:30,1256,167.7,37.5,33.4,53.9,662,11,6,198.1
2025-11-29 09:47:46+05:30,1256,166.4,46.4,33.5,50.1,662,29,6,201.1
2025-11-29 09:48:46+05:30,1256,171.5,42.4,33.2,54.6,638,18,7,179.3
2025-11-29 09:49:46+05:30,1256,170.3,41.9,33.3,49.1,640,11,0,189.6
2025-11-29 09:50:46+05:30,1256,165.2,36.7,33.1,54.1,609,39,7,193.5
2025-11-29 09:51:46+05:30,1256,171.3,40.8,32.8,54.0,637,28,5,178.2
2025-11-29 09:52:46+05:30,1256,169.2,43.8,33.2,50.9,638,36,1,168.5
2025-11-29 09:53:46+05:30,1256,170.8,40.3,32.8,52.2,569,33,4,154.3
2025-11-29 09:54:46+05:30,1256,167.4,38.2,33.0,50.5,659,23,4,186.7
2025-11-29 09:55:46+05:30,1256,166.2,37.2,33.3,51.6,638,20,5,150.4
2025-11-29 09:56:46+05:30,1256,170.4,40.3,33.5,53.8,669,26,8,185.5
2025-11-29 09:57:46+05:30,1256,171.2,36.3,33.8,51.9,587,30,3,163.8
2025-11-29 09:58:46+05:30,1256,169.7,41.2,33.7,50.4,652,19,7,189.3
2025-11-29 09:59:46+05:30,1256,169.2,42.1,33.5,53.7,690,11,4,193.1
2025-11-29 10:00:46+05:30,1256,169.8,38.4,33.1,53.5,669,28,4,192.8
2025-11-29 10:01:46+05:30,1256,170.0,39.5,33.0,55.7,671,40,5,165.7
2025-11-29 10:02:46+05:30,1256,168.2,47.0,33.8,50.6,616,44,3,175.6
2025-11-29 10:03:46+05:30,1256,169.9,38.4,33.6,50.8,719,35,6,193.1
2025-11-29 10:04:46+05:30,1256,177.4,44.1,33.3,53.5,652,38,4,195.1
2025-11-29 10:05:46+05:30,1256,168.7,41.4,33.4,50.2,643,20,3,204.0
2025-11-29 10:06:46+05:30,1256,168.1,37.9,33.0,49.5,630,25,8,200.0
2025-11-29 10:07:46+05:30,1256,167.8,42.9,33.2,50.8,612,18,4,171.9
2025-11-29 10:08:46+05:30,1256,173.8,39.0,33.2,51.0,638,26,2,199.4
2025-11-29 10:09:46+05:30,1256,174.3,37.0,32.8,51.7,642,23,9,198.8
2025-11-29 10:10:46+05:30,1256,171.2,35.0,33.5,52.7,584,24,9,159.3
2025-11-29 10:11:46+05:30,1256,168.7,40.2,33.3,47.7,615,21,5,192.4
2025-11-29 10:12:46+05:30,1256,170.4,35.5,33.2,50.3,665,10,0,210.3
2025-11-29 10:13:46+05:30,1256,167.6,38.7,33.5,53.4,624,47,0,184.7
2025-11-29 10:14:46+05:30,1256,169.0,44.7,33.2,50.7,688,28,5,203.3
2025-11-29 10:15:46+05:30,1256,168.7,39.6,32.8,52.8,706,28,4,180.8
2025-11-29 10:16:46+05:30,1256,169.4,40.1,33.5,54.8,537,20,6,198.2
2025-11-29 10:17:46+05:30,1256,172.8,36.3,33.5,52.6,613,40,0,183.9
2025-11-29 10:18:46+05:30,1256,165.8,37.3,32.9,54.6,713,17,4,164.9
2025-11-29 10:19:46+05:30,1256,172.5,43.2,33.4,50.6,660,28,0,212.1
2025-11-29 10:20:46+05:30,1256,171.9,39.8,33.0,49.9,739,37,2,177.3
2025-11-29 10:21:46+05:30,1256,170.3,36.4,33.4,54.6,629,28,0,203.4
2025-11-29 10:22:46+05:30,1256,166.5,39.5,32.8,53.3,590,50,1,170.9
2025-11-29 10:23:46+05:30,1256,168.4,41.3,33.3,53.0,604,22,0,194.5
2025-11-29 10:24:46+05:30,1256,173.5,40.7,33.5,48.8,741,32,7,205.2
2025-11-29 10:25:46+05:30,1256,172.5,39.2,33.3,52.5,579,38,2,160.5
2025-11-29 10:26:46+05:30,1256,168.3,43.0,33.6,46.3,685,28,4,186.2
2025-11-29 10:27:46+05:30,1256,167.3,41.0,33.3,51.4,655,33,6,154.7
2025-11-29 10:28:46+05:30,1256,171.4,36.9,33.5,53.1,640,8,3,162.5
2025-11-29 10:29:46+05:30,1256,167.0,33.6,33.1,55.2,689,18,3,187.4
2025-11-29 10:30:46+05:30,1256,163.7,40.7,33.1,52.9,651,32,9,181.3
2025-11-29 10:31:46+05:30,1256,169.9,38.9,33.5,51.3,585,32,7,153.3
2025-11-29 10:32:46+05:30,1256,168.8,38.5,33.4,50.2,638,28,1,174.9
2025-11-29 10:33:46+05:30,1256,162.7,38.6,33.6,53.8,654,50,2,177.2
2025-11-29 10:34:46+05:30,1256,170.5,45.0,33.6,50.6,624,17,5,157.8
2025-11-29 10:35:46+05:30,1256,166.8,38.9,33.5,53.0,623,27,8,166.0
2025-11-29 10:36:46+05:30,1256,169.8,40.2,33.4,53.5,667,33,1,198.4
2025-11-29 10:37:46+05:30,1256,171.0,40.2,32.8,55.5,655,38,6,223.8
2025-11-29 10:38:46+05:30,1256,172.2,38.8,33.4,52.7,579,22,7,180.2
2025-11-29 10:39:46+05:30,1256,168.0,41.7,33.4,53.3,727,42,7,178.4
2025-11-29 10:40:46+05:30,1256,167.2,40.3,32.8,50.2,672,26,4,141.7
2025-11-29 10:41:46+05:30,1256,170.5,38.6,33.1,49.1,695,26,5,203.3
2025-11-29 10:42:46+05:30,1256,169.5,40.0,33.4,53.3,701,29,6,170.2
2025-11-29 10:43:46+05:30,1256,173.3,40.8,33.1,48.9,659,41,8,213.5
2025-11-29 10:44:46+05:30,1256,167.0,40.5,33.4,51.8,624,19,8,212.1
2025-11-29 10:45:46+05:30,1256,168.3,45.8,33.4,50.3,650,33,6,226.2
2025-11-29 10:46:46+05:30,1256,173.9,39.8,33.5,54.0,645,29,5,196.5
2025-11-29 10:47:46+05:30,1256,175.2,40.4,33.5,51.3,702,39,8,164.5
2025-11-29 10:48:46+05:30,1256,166.5,41.2,33.1,53.4,655,21,4,188.1
2025-11-29 10:49:46+05:30,1256,167.3,44.1,33.3,52.9,698,27,2,193.8
2025-11-29 10:50:46+05:30,1256,169.5,40.0,33.0,54.0,681,32,7,205.7
2025-11-29 10:51:46+05:30,1256,170.9,41.7,33.2,51.9,608,14,2,156.3
2025-11-29 10:52:46+05:30,1256,173.1,40.2,33.6,49.3,670,35,5,188.7
2025-11-29 10:53:46+05:30,1256,166.6,43.6,33.1,55.9,711,29,10,170.3
2025-11-29 10:54:46+05:30,1256,168.4,45.1,33.4,53.3,666,30,4,173.3
2025-11-29 10:55:46+05:30,1256,170.4,38.1,33.4,52.7,716,24,2,166.5
2025-11-29 10:56:46+05:30,1256,170.6,43.8,33.6,52.1,649,28,6,173.4
2025-11-29 10:57:46+05:30,1256,167.6,45.2,33.3,51.5,654,28,7,156.8
2025-11-29 10:58:46+05:30,1256,168.9,35.4,33.5,54.0,614,29,4,196.1
2025-11-29 10:59:46+05:30,1256,171.7,45.5,33.3,52.9,700,37,7,189.1
2025-11-29 11:00:46+05:30,1256,172.4,40.5,33.8,49.0,616,27,3,174.7
2025-11-29 11:01:46+05:30,1256,172.5,43.9,33.1,51.8,630,32,10,136.3
2025-11-29 11:02:46+05:30,1256,169.1,43.4,33.1,53.8,672,40,0,169.5
2025-11-29 11:03:46+05:30,1256,170.5,34.6,33.5,51.8,708,13,5,161.9
2025-11-29 11:04:46+05:30,1256,170.6,35.4,33.4,51.0,673,9,1,205.9
2025-11-29 11:05:46+05:30,1256,170.2,38.0,33.3,49.3,611,45,3,159.1
2025-11-29 11:06:46+05:30,1256,168.9,39.1,32.7,52.0,677,33,4,179.8
2025-11-29 11:07:46+05:30,1256,171.5,41.2,33.6,53.7,632,33,6,182.4
2025-11-29 11:08:46+05:30,1256,168.4,33.5,33.0,52.1,569,10,6,179.4
2025-11-29 11:09:46+05:30,1256,171.4,44.2,33.2,52.9,638,28,4,159.9
2025-11-29 11:10:46+05:30,1256,173.2,42.2,33.0,48.1,602,24,13,149.6
2025-11-29 11:11:46+05:30,1256,167.2,37.2,33.4,52.1,652,29,1,184.9
2025-11-29 11:12:46+05:30,1256,167.6,45.5,33.8,51.3,572,30,4,181.6
2025-11-29 11:13:46+05:30,1256,167.4,37.8,33.6,53.0,665,41,5,153.8
2025-11-29 11:14:46+05:30,1256,172.3,40.8,33.7,55.4,636,43,6,173.9
2025-11-29 11:15:46+05:30,1256,173.4,39.1,33.1,51.2,620,24,10,184.5
2025-11-29 11:16:46+05:30,1256,170.9,36.4,33.2,52.3,674,11,8,211.7
2025-11-29 11:17:46+05:30,1256,172.9,42.7,33.2,51.2,570,36,5,140.2
2025-11-29 11:18:46+05:30,1256,171.1,44.9,33.3,54.6,677,29,7,183.5
2025-11-29 11:19:46+05:30,1256,172.5,39.0,33.4,51.8,631,31,3,203.3
2025-11-29 11:20:46+05:30,1256,175.9,46.9,33.3,50.2,694,32,8,186.0
2025-11-29 11:21:46+05:30,1256,168.6,40.9,33.2,54.0,692,48,6,191.2
2025-11-29 11:22:46+05:30,1256,171.0,38.2,33.4,53.3,784,32,2,175.8
2025-11-29 11:23:46+05:30,1256,169.8,41.6,33.4,50.5,552,32,3,163.6
2025-11-29 11:24:46+05:30,1256,169.0,42.5,33.3,52.2,607,42,5,161.1
2025-11-29 11:25:46+05:30,1256,167.6,38.0,33.0,53.5,601,44,5,186.4
2025-11-29 11:26:46+05:30,1256,172.6,39.4,33.5,51.7,707,30,9,180.5
2025-11-29 11:27:46+05:30,1256,169.2,38.1,33.4,50.6,699,16,5,158.4
2025-11-29 11:28:46+05:30,1256,170.6,44.3,33.4,52.7,566,24,3,149.7
2025-11-29 11:29:46+05:30,1256,174.1,43.0,33.2,49.6,564,45,4,205.1
2025-11-29 11:30:46+05:30,1256,165.3,33.7,33.4,55.9,587,23,2,162.1
2025-11-29 11:31:46+05:30,1256,166.5,38.9,33.4,55.7,658,30,2,187.3
2025-11-29 11:32:46+05:30,1256,164.9,41.7,33.7,51.3,693,15,3,177.1
2025-11-29 11:33:46+05:30,1256,174.4,42.0,33.4,52.8,601,46,5,197.2
2025-11-29 11:34:46+05:30,1256,176.8,44.9,33.1,54.1,618,45,5,151.2
2025-11-29 11:35:46+05:30,1256,170.4,41.6,33.6,52.2,695,28,4,166.7
2025-11-29 11:36:46+05:30,1256,172.9,44.7,32.9,49.6,568,25,3,184.4
2025-11-29 11:37:46+05:30,1256,172.6,39.3,33.0,50.3,635,37,6,180.7
2025-11-29 11:38:46+05:30,1256,171.5,39.3,33.1,50.0,692,35,2,173.9
2025-11-29 11:39:46+05:30,1256,175.5,44.9,33.2,49.8,653,13,4,149.1
2025-11-29 11:40:46+05:30,1256,169.3,44.8,33.0,54.0,584,31,0,211.8
2025-11-29 11:41:46+05:30,1256,170.8,41.6,33.1,48.2,650,38,4,182.2
2025-11-29 11:42:46+05:30,1256,172.8,39.9,32.9,51.7,694,34,8,154.9
2025-11-29 11:43:46+05:30,1256,166.2,37.7,33.7,52.4,649,31,4,200.9
2025-11-29 11:44:46+05:30,1256,167.1,32.7,33.7,51.8,632,27,1,196.2
2025-11-29 11:45:46+05:30,1256,168.0,38.5,33.3,53.1,585,23,7,182.8
2025-11-29 11:46:46+05:30,1256,169.0,41.0,33.4,48.9,803,22,5,182.8
2025-11-29 11:47:46+05:30,1256,169.4,45.6,33.2,50.8,648,37,3,140.0
2025-11-29 11:48:46+05:30,1256,165.4,36.0,33.6,55.7,696,35,0,198.9
2025-11-29 11:49:46+05:30,1256,170.8,41.0,33.2,50.5,656,12,6,193.9
2025-11-29 11:50:46+05:30,1256,167.4,41.9,33.2,54.2,609,34,10,173.0
2025-11-29 11:51:46+05:30,1256,170.7,33.9,33.5,49.5,538,28,3,183.5
2025-11-29 11:52:46+05:30,1256,170.3,45.0,33.2,50.2,602,29,5,168.3
2025-11-29 11:53:46+05:30,1256,170.4,39.2,33.4,52.0,705,26,6,173.0
2025-11-29 11:54:46+05:30,1256,169.9,45.1,33.1,53.2,604,26,6,147.8
2025-11-29 11:55:46+05:30,1256,169.0,33.9,33.3,51.7,604,32,0,158.7
2025-11-29 11:56:46+05:30,1256,171.2,39.1,33.6,54.8,606,30,3,193.2
2025-11-29 11:57:46+05:30,1256,176.1,44.5,33.2,54.1,675,16,3,185.9
2025-11-29 11:58:46+05:30,1256,170.1,36.4,33.4,51.6,597,37,6,177.3
2025-11-29 11:59:46+05:30,1256,169.8,41.4,33.2,54.5,647,22,5,203.9
2025-11-29 12:00:46+05:30,1256,169.5,42.8,33.4,51.0,628,45,4,209.7
2025-11-29 12:01:46+05:30,1256,170.8,41.3,33.4,52.2,661,29,7,143.2
2025-11-29 12:02:46+05:30,1256,173.4,36.3,33.8,49.5,654,46,10,154.5
2025-11-29 12:03:46+05:30,1256,168.9,40.1,33.4,50.9,622,19,7,213.1
2025-11-29 12:04:46+05:30,1256,163.8,36.8,34.1,53.2,640,33,4,210.7
2025-11-29 12:05:46+05:30,1256,169.4,41.2,32.7,53.2,735,28,7,199.6
2025-11-29 12:06:46+05:30,1256,173.1,36.6,33.4,52.7,649,35,6,151.5
2025-11-29 12:07:46+05:30,1256,170.2,46.7,33.5,48.4,639,28,1,187.2
2025-11-29 12:08:46+05:30,1256,172.3,39.6,33.1,51.8,719,31,5,139.8
2025-11-29 12:09:46+05:30,1256,166.3,40.4,33.2,53.5,671,25,8,231.7
2025-11-29 12:10:46+05:30,1256,171.9,35.4,33.1,52.0,741,27,6,175.0
2025-11-29 12:11:46+05:30,1256,170.7,34.4,33.3,52.2,626,24,0,156.3
2025-11-29 12:12:46+05:30,1256,170.5,40.0,32.9,52.0,598,35,2,185.5
2025-11-29 12:13:46+05:30,1256,171.4,38.2,33.2,50.6,637,32,5,191.3
2025-11-29 12:14:46+05:30,1256,167.1,39.9,33.4,51.3,730,35,6,184.6
2025-11-29 12:15:46+05:30,1256,169.7,44.7,33.5,51.6,699,31,4,145.2
2025-11-29 12:16:46+05:30,1256,166.7,43.1,33.1,53.0,675,38,3,194.6
2025-11-29 12:17:46+05:30,1256,170.8,43.3,33.8,51.2,652,6,10,192.0
2025-11-29 12:18:46+05:30,1256,174.9,42.9,33.8,52.2,625,41,7,153.9
2025-11-29 12:19:46+05:30,1256,173.2,34.6,33.5,52.1,599,14,0,193.0
2025-11-29 12:20:46+05:30,1256,171.7,35.8,33.3,53.0,636,47,8,169.1
2025-11-29 12:21:46+05:30,1256,177.2,42.3,33.3,53.5,729,29,4,157.1
2025-11-29 12:22:46+05:30,1256,166.6,34.7,33.3,52.9,567,27,3,174.2
2025-11-29 12:23:46+05:30,1256,165.7,42.5,32.9,51.4,576,41,8,153.9
2025-11-29 12:24:46+05:30,1256,170.8,37.9,33.2,51.3,643,37,0,152.0
2025-11-29 12:25:46+05:30,1256,169.6,41.9,32.9,53.5,687,18,9,190.8
2025-11-29 12:26:46+05:30,1256,172.5,40.9,33.4,54.6,593,37,5,190.0
2025-11-29 12:27:46+05:30,1256,167.9,44.0,33.3,53.5,741,39,5,183.4
2025-11-29 12:28:46+05:30,1256,168.2,35.4,33.5,51.9,671,32,0,175.2
2025-11-29 12:29:46+05:30,1256,172.5,37.1,32.9,51.2,655,19,3,168.6
2025-11-29 12:30:46+05:30,1256,174.3,44.4,33.6,52.6,622,40,5,167.3
2025-11-29 12:31:46+05:30,1256,170.5,41.0,33.6,52.9,629,19,5,186.8
2025-11-29 12:32:46+05:30,1256,174.1,46.7,33.2,51.2,698,33,7,149.0
2025-11-29 12:33:46+05:30,1256,169.3,40.4,32.7,53.4,706,33,4,197.9
2025-11-29 12:34:46+05:30,1256,172.4,34.5,32.9,50.2,633,28,6,173.2
2025-11-29 12:35:46+05:30,1256,168.2,36.0,33.2,51.6,590,15,2,180.1
2025-11-29 12:36:46+05:30,1256,166.9,39.6,33.2,52.3,706,43,6,177.8
2025-11-29 12:37:46+05:30,1256,167.4,34.0,33.1,53.8,620,25,3,178.4
2025-11-29 12:38:46+05:30,1256,169.0,34.3,33.2,51.3,695,24,4,182.7
2025-11-29 12:39:46+05:30,1256,169.8,43.5,33.2,50.3,670,28,6,185.4
2025-11-29 12:40:46+05:30,1256,165.5,39.8,33.7,54.0,602,29,2,167.6
2025-11-29 12:41:46+05:30,1256,171.1,35.2,33.2,51.9,564,44,6,217.8
2025-11-29 12:42:46+05:30,1256,167.9,40.7,33.5,51.4,575,37,9,178.4
2025-11-29 12:43:46+05:30,1256,169.7,34.6,33.4,50.7,689,45,5,205.7
2025-11-29 12:44:46+05:30,1256,169.5,41.6,33.6,51.2,605,42,2,172.5
2025-11-29 12:45:46+05:30,1256,170.7,38.4,33.0,50.6,759,24,7,210.8
2025-11-29 12:46:46+05:30,1256,169.0,38.9,33.0,54.4,700,33,6,216.0
2025-11-29 12:47:46+05:30,1256,166.0,45.4,32.9,49.6,677,26,0,140.3
2025-11-29 12:48:46+05:30,1256,167.9,42.9,33.5,50.7,625,31,1,167.8
2025-11-29 12:49:46+05:30,1256,170.9,38.2,33.7,53.4,625,37,8,193.0
2025-11-29 12:50:46+05:30,1256,170.9,39.3,33.1,56.1,551,27,9,186.6
2025-11-29 12:51:46+05:30,1256,167.7,38.9,32.9,51.8,702,43,3,205.5
2025-11-29 12:52:46+05:30,1256,171.2,44.3,33.3,53.2,573,18,5,163.6
2025-11-29 12:53:46+05:30,1256,171.8,36.6,33.4,55.4,708,34,4,151.1
2025-11-29 12:54:46+05:30,1256,175.1,39.4,33.0,54.3,567,25,8,169.9
2025-11-29 12:55:46+05:30,1256,170.0,41.0,33.2,49.4,663,34,1,181.3
2025-11-29 12:56:46+05:30,1256,173.2,37.3,33.3,50.8,629,44,1,159.8
2025-11-29 12:57:46+05:30,1256,175.7,39.7,33.0,52.4,576,36,6,157.9
2025-11-29 12:58:46+05:30,1256,169.6,36.2,33.4,54.6,642,46,3,189.9
2025-11-29 12:59:46+05:30,1256,168.6,43.7,33.0,52.7,687,24,4,211.5
2025-11-29 13:00:46+05:30,1256,170.5,34.7,33.6,49.0,683,17,9,154.2
2025-11-29 13:01:46+05:30,1256,167.9,44.3,33.7,53.1,697,28,2,186.8
2025-11-29 13:02:46+05:30,1256,164.4,42.8,33.6,48.2,665,34,8,163.8
2025-11-29 13:03:46+05:30,1256,166.5,39.5,33.1,53.5,631,31,6,163.7
2025-11-29 13:04:46+05:30,1256,162.8,34.1,33.3,48.5,670,34,8,185.3
2025-11-29 13:05:46+05:30,1256,168.7,40.5,33.3,50.4,709,38,7,207.9
2025-11-29 13:06:46+05:30,1256,174.2,36.5,33.7,50.6,580,34,3,199.2
2025-11-29 13:07:46+05:30,1256,171.0,38.5,34.0,53.4,681,17,7,250.0
2025-11-29 13:08:46+05:30,1256,169.4,36.5,33.9,52.2,656,32,3,188.8
2025-11-29 13:09:46+05:30,1256,171.8,42.6,34.1,49.0,730,34,8,181.1
2025-11-29 13:10:46+05:30,1256,171.6,42.9,33.4,53.1,594,38,3,161.9
2025-11-29 13:11:46+05:30,1256,168.6,34.5,32.9,51.1,626,39,7,179.8
2025-11-29 13:12:46+05:30,1256,167.1,32.4,32.9,59.3,582,21,10,178.2
2025-11-29 13:13:46+05:30,1256,167.9,37.0,32.7,51.6,561,29,0,120.8
2025-11-29 13:14:46+05:30,1256,165.6,42.2,33.1,51.8,673,23,7,179.8
2025-11-29 13:15:46+05:30,1256,172.2,39.9,33.2,54.8,641,30,3,198.9
2025-11-29 13:16:46+05:30,1256,174.8,39.6,33.5,50.5,717,34,0,178.2
2025-11-29 13:17:46+05:30,1256,168.0,34.6,33.1,51.7,597,31,4,170.6
2025-11-29 13:18:46+05:30,1256,172.0,34.9,33.1,51.2,696,28,1,176.7
2025-11-29 13:19:46+05:30,1256,170.4,43.1,33.2,50.1,662,41,6,167.3
2025-11-29 13:20:46+05:30,1256,170.8,38.9,33.2,52.2,643,21,1,150.8
2025-11-29 13:21:46+05:30,1256,166.2,42.7,33.0,50.3,704,15,6,192.1
2025-11-29 13:22:46+05:30,1256,170.7,43.3,32.9,50.9,664,23,4,180.0
2025-11-29 13:23:46+05:30,1256,169.4,39.2,33.6,51.7,611,43,4,192.0
2025-11-29 13:24:46+05:30,1256,170.3,39.0,33.2,54.9,657,39,4,165.2
2025-11-29 13:25:46+05:30,1256,169.2,42.9,33.7,53.7,615,18,5,166.0
2025-11-29 13:26:46+05:30,1256,166.3,41.6,33.3,50.5,704,20,7,188.6
2025-11-29 13:27:46+05:30,1256,173.1,40.3,33.2,51.0,577,16,4,162.4
2025-11-29 13:28:46+05:30,1256,172.3,41.5,33.8,52.8,651,33,5,175.8
2025-11-29 13:29:46+05:30,1256,168.9,43.3,33.3,52.3,711,17,2,171.8
2025-11-29 13:30:46+05:30,1256,172.8,35.1,33.5,49.8,686,25,3,191.6
2025-11-29 13:31:46+05:30,1256,174.5,41.3,33.1,50.5,642,23,4,171.8
2025-11-29 13:32:46+05:30,1256,168.3,41.5,33.9,51.2,531,44,1,189.2
2025-11-29 13:33:46+05:30,1256,167.7,40.1,33.1,51.8,677,47,1,159.2
2025-11-29 13:34:46+05:30,1256,172.5,39.6,33.3,51.4,637,30,8,199.3
2025-11-29 13:35:46+05:30,1256,166.3,36.2,33.2,55.2,699,27,6,181.8
2025-11-29 13:36:46+05:30,1256,169.1,37.6,33.5,48.5,549,35,7,143.4
2025-11-29 13:37:46+05:30,1256,164.8,41.6,33.1,55.3,632,20,3,172.0
2025-11-29 13:38:46+05:30,1256,176.3,38.9,33.1,49.4,651,23,0,198.6
2025-11-29 13:39:46+05:30,1256,168.4,38.7,33.4,53.8,612,18,6,154.9
2025-11-29 13:40:46+05:30,1256,167.7,41.5,33.6,52.3,663,45,3,203.6
2025-11-29 13:41:46+05:30,1256,170.8,37.8,32.8,52.8,507,30,5,168.9
2025-11-29 13:42:46+05:30,1256,169.5,43.5,33.5,49.7,676,38,4,189.9
2025-11-29 13:43:46+05:30,1256,169.4,40.4,33.5,49.9,630,17,1,227.1
2025-11-29 13:44:46+05:30,1256,171.4,45.6,33.4,48.5,691,15,4,131.3
2025-11-29 13:45:46+05:30,1256,172.0,34.9,33.0,53.2,592,40,2,171.6
2025-11-29 13:46:46+05:30,1256,168.2,39.8,33.4,52.1,658,19,6,213.3
2025-11-29 13:47:46+05:30,1256,170.5,42.2,33.0,47.3,624,35,6,155.0
2025-11-29 13:48:46+05:30,1256,169.8,39.9,33.3,54.7,724,53,4,224.0
2025-11-29 13:49:46+05:30,1256,172.5,41.5,33.2,50.3,631,45,7,183.0
2025-11-29 13:50:46+05:30,1256,169.3,43.3,33.1,53.3,646,29,7,155.4
2025-11-29 13:51:46+05:30,1256,169.9,42.0,32.8,51.6,641,51,0,205.1
2025-11-29 13:52:46+05:30,1256,172.0,44.5,33.5,50.2,744,26,4,157.4
2025-11-29 13:53:46+05:30,1256,173.9,45.6,33.6,51.6,584,21,4,166.2
2025-11-29 13:54:46+05:30,1256,169.0,45.0,33.2,52.2,634,25,8,183.4
2025-11-29 13:55:46+05:30,1256,167.0,36.3,33.3,50.0,605,49,5,147.0
2025-11-29 13:56:46+05:30,1256,172.3,39.1,32.9,56.9,617,31,6,227.6
2025-11-29 13:57:46+05:30,1256,170.3,43.2,33.7,51.8,645,33,0,212.4
2025-11-29 13:58:46+05:30,1256,169.0,41.2,33.2,49.1,608,24,5,178.8
2025-11-29 13:59:46+05:30,1256,169.9,35.3,33.5,49.1,769,23,3,178.2
2025-11-29 14:00:46+05:30,1256,165.0,39.5,32.5,52.4,574,36,13,176.1
2025-11-29 14:01:46+05:30,1256,171.2,43.5,33.1,49.8,741,26,6,194.0
2025-11-29 14:02:46+05:30,1256,171.8,32.3,33.7,51.3,596,39,11,182.3
2025-11-29 14:03:46+05:30,1256,167.5,40.6,33.7,54.9,654,35,6,214.2
2025-11-29 14:04:46+05:30,1256,170.8,39.4,33.3,53.4,671,35,0,232.8
2025-11-29 14:05:46+05:30,1256,167.1,43.3,33.2,53.1,648,25,6,145.5
2025-11-29 14:06:46+05:30,1256,174.8,40.5,33.0,55.5,645,19,2,191.8
2025-11-29 14:07:46+05:30,1256,166.2,36.1,33.0,53.9,682,13,6,205.2
2025-11-29 14:08:46+05:30,1256,169.8,44.0,32.7,52.7,645,24,10,160.4
2025-11-29 14:09:46+05:30,1256,166.9,39.8,33.1,52.0,678,45,3,159.3
2025-11-29 14:10:46+05:30,1256,169.0,38.6,32.9,51.4,590,14,7,152.0
2025-11-29 14:11:46+05:30,1256,173.1,44.7,33.7,56.1,660,36,3,170.1
2025-11-29 14:12:46+05:30,1256,168.1,39.0,33.2,49.9,644,26,5,201.3
2025-11-29 14:13:46+05:30,1256,167.1,38.1,33.7,51.2,577,37,2,167.6
2025-11-29 14:14:46+05:30,1256,171.0,36.6,33.8,51.7,550,19,9,207.4
2025-11-29 14:15:46+05:30,1256,167.4,37.2,33.1,49.7,669,33,13,202.4
2025-11-29 14:16:46+05:30,1256,175.4,42.0,33.8,53.7,580,23,5,179.3
2025-11-29 14:17:46+05:30,1256,167.9,41.7,33.5,51.5,712,19,10,180.7
2025-11-29 14:18:46+05:30,1256,170.9,36.9,33.3,51.8,651,48,3,176.9
2025-11-29 14:19:46+05:30,1256,170.5,38.7,33.8,55.7,643,30,2,182.2
2025-11-29 14:20:46+05:30,1256,173.5,43.6,33.3,48.5,600,26,2,212.8
2025-11-29 14:21:46+05:30,1256,173.4,38.3,33.0,52.1,722,29,0,207.3
2025-11-29 14:22:46+05:30,1256,171.4,38.1,33.2,53.7,637,31,2,201.1
2025-11-29 14:23:46+05:30,1256,168.6,43.7,33.2,52.4,599,25,7,207.9
2025-11-29 14:24:46+05:30,1256,171.6,46.7,33.2,51.3,607,35,0,147.3
2025-11-29 14:25:46+05:30,1256,167.6,41.8,32.8,52.5,631,28,9,170.7
2025-11-29 14:26:46+05:30,1256,167.4,42.5,34.2,55.5,698,21,3,158.1
2025-11-29 14:27:46+05:30,1256,167.3,38.7,33.1,50.4,614,25,0,182.6
2025-11-29 14:28:46+05:30,1256,167.2,37.4,33.1,54.7,683,22,7,183.9
2025-11-29 14:29:46+05:30,1256,172.1,34.3,33.6,49.0,621,40,5,167.8
2025-11-29 14:30:46+05:30,1256,169.4,41.3,33.5,54.6,658,24,4,212.0
2025-11-29 14:31:46+05:30,1256,167.8,41.6,33.8,48.8,707,16,5,182.7
2025-11-29 14:32:46+05:30,1256,167.8,45.4,33.0,51.4,610,39,9,168.1
2025-11-29 14:33:46+05:30,1256,172.5,42.7,33.6,48.2,595,33,1,174.4
2025-11-29 14:34:46+05:30,1256,169.4,41.4,33.3,48.8,626,37,4,204.2
2025-11-29 14:35:46+05:30,1256,169.3,44.3,33.1,50.4,619,19,9,165.8
2025-11-29 14:36:46+05:30,1256,168.1,39.8,33.4,52.9,479,34,6,173.7
2025-11-29 14:37:46+05:30,1256,173.0,42.0,33.0,55.4,638,32,4,189.0
2025-11-29 14:38:46+05:30,1256,168.1,37.4,33.5,51.7,761,30,2,138.0
2025-11-29 14:39:46+05:30,1256,168.1,42.3,33.1,53.3,631,34,9,201.7
2025-11-29 14:40:46+05:30,1256,169.5,44.8,33.0,47.4,647,49,6,185.4
2025-11-29 14:41:46+05:30,1256,169.9,39.7,33.9,49.9,666,31,10,167.9
2025-11-29 14:42:46+05:30,1256,176.1,40.0,33.4,52.4,638,32,9,186.8
2025-11-29 14:43:46+05:30,1256,173.5,31.3,33.1,50.1,596,48,3,177.5
2025-11-29 14:44:46+05:30,1256,171.3,41.6,33.0,51.8,619,18,7,177.0
2025-11-29 14:45:46+05:30,1256,168.1,38.1,32.7,53.9,637,31,7,166.5
2025-11-29 14:46:46+05:30,1256,168.9,38.1,33.4,51.8,688,27,6,172.0
2025-11-29 14:47:46+05:30,1256,168.6,42.0,33.1,49.3,602,22,3,189.2
2025-11-29 14:48:46+05:30,1256,168.2,38.9,33.6,50.8,623,19,3,209.4
2025-11-29 14:49:46+05:30,1256,166.3,35.5,33.4,48.9,696,21,2,214.0
2025-11-29 14:50:46+05:30,1256,165.0,39.3,33.1,53.9,706,27,8,183.7
2025-11-29 14:51:46+05:30,1256,172.8,41.7,33.1,53.3,670,29,3,164.3
2025-11-29 14:52:46+05:30,1256,166.7,35.8,33.5,52.5,743,41,0,188.7
2025-11-29 14:53:46+05:30,1256,168.7,33.8,33.4,52.0,587,26,3,147.9
2025-11-29 14:54:46+05:30,1256,170.6,41.5,33.1,53.2,732,34,4,195.0
2025-11-29 14:55:46+05:30,1256,168.6,38.3,33.2,49.4,709,30,4,206.5
2025-11-29 14:56:46+05:30,1256,171.6,40.6,32.7,50.9,585,34,4,149.6
2025-11-29 14:57:46+05:30,1256,170.6,41.6,33.2,52.8,773,29,1,195.9
2025-11-29 14:58:46+05:30,1256,172.4,34.4,34.0,49.3,662,31,5,190.8
2025-11-29 14:59:46+05:30,1256,168.6,42.8,33.4,50.7,659,24,3,189.3
2025-11-29 15:00:46+05:30,1256,170.4,44.3,33.6,51.1,660,22,11,225.6
2025-11-29 15:01:46+05:30,1256,170.0,38.3,33.9,51.1,663,28,7,173.5
2025-11-29 15:02:46+05:30,1256,171.4,37.1,33.3,53.0,716,17,5,184.5
2025-11-29 15:03:46+05:30,1256,170.9,44.2,33.4,54.4,581,26,9,170.0
2025-11-29 15:04:46+05:30,1256,168.4,42.0,33.3,50.5,669,20,5,133.4
2025-11-29 15:05:46+05:30,1256,169.1,45.8,33.4,49.4,549,30,5,207.7
2025-11-29 15:06:46+05:30,1256,170.5,43.5,33.6,51.0,648,17,3,196.0
2025-11-29 15:07:46+05:30,1256,173.0,41.2,33.6,50.4,697,29,1,199.4
2025-11-29 15:08:46+05:30,1256,172.2,33.6,32.8,52.5,668,31,5,162.8
2025-11-29 15:09:46+05:30,1256,174.3,42.5,33.2,50.4,710,26,1,189.9
2025-11-29 15:10:46+05:30,1256,170.9,43.0,33.4,47.9,684,19,8,178.1
2025-11-29 15:11:46+05:30,1256,170.3,42.1,33.0,50.3,638,23,0,193.4
2025-11-29 15:12:46+05:30,1256,165.0,42.7,33.4,52.8,663,38,3,165.8
2025-11-29 15:13:46+05:30,1256,169.6,41.9,33.0,53.2,624,24,3,157.4
2025-11-29 15:14:46+05:30,1256,165.7,36.9,33.2,55.2,725,21,3,166.3
2025-11-29 15:15:46+05:30,1256,173.6,38.1,33.0,55.6,620,32,5,180.2
2025-11-29 15:16:46+05:30,1256,168.5,40.5,33.3,52.7,623,39,1,213.2
2025-11-29 15:17:46+05:30,1256,161.0,43.5,32.9,53.2,775,17,3,178.6
2025-11-29 15:18:46+05:30,1256,168.9,39.2,33.6,51.5,668,25,2,183.1
2025-11-29 15:19:46+05:30,1256,169.8,42.6,33.0,52.2,583,39,4,197.1
2025-11-29 15:20:46+05:30,1256,171.1,38.4,33.3,54.4,564,22,3,148.7
2025-11-29 15:21:46+05:30,1256,169.4,42.3,33.1,54.4,692,34,6,173.5
2025-11-29 15:22:46+05:30,1256,166.0,43.7,33.5,52.1,571,52,0,199.4
2025-11-29 15:23:46+05:30,1256,168.9,41.8,32.8,53.4,613,32,5,174.9
2025-11-29 15:24:46+05:30,1256,167.5,38.2,34.2,53.0,638,37,3,160.4
2025-11-29 15:25:46+05:30,1256,172.9,34.9,33.3,51.8,669,35,5,166.2
2025-11-29 15:26:46+05:30,1256,171.0,42.3,33.3,51.0,612,38,7,231.7
2025-11-29 15:27:46+05:30,1256,169.9,35.9,33.7,49.3,642,26,5,178.1
2025-11-29 15:28:46+05:30,1256,165.4,41.3,33.8,53.2,554,32,7,200.9
2025-11-29 15:29:46+05:30,1256,163.4,36.9,33.4,54.0,628,24,1,186.2
2025-11-29 15:30:46+05:30,1256,173.9,38.5,33.1,52.2,741,14,4,198.5
2025-11-29 15:31:46+05:30,1256,166.4,42.1,33.4,50.3,686,37,2,155.0
2025-11-29 15:32:46+05:30,1256,172.1,42.1,33.6,51.5,716,38,10,182.1
2025-11-29 15:33:46+05:30,1256,168.8,41.4,33.3,52.1,653,25,1,201.3
2025-11-29 15:34:46+05:30,1256,167.5,40.9,33.3,54.4,713,38,1,192.6
2025-11-29 15:35:46+05:30,1256,170.9,37.0,33.3,53.9,656,33,8,176.5
2025-11-29 15:36:46+05:30,1256,175.5,36.8,33.0,54.1,568,29,5,200.2
2025-11-29 15:37:46+05:30,1256,170.6,43.9,33.5,51.9,679,33,6,186.6
2025-11-29 15:38:46+05:30,1256,172.5,38.2,33.0,53.0,721,38,2,212.6
2025-11-29 15:39:46+05:30,1256,171.9,47.3,33.4,51.0,731,31,4,202.1
2025-11-29 15:40:46+05:30,1256,173.4,38.2,32.7,53.8,578,30,1,205.7
2025-11-29 15:41:46+05:30,1256,168.4,42.8,33.2,51.8,614,45,8,191.0
2025-11-29 15:42:46+05:30,1256,168.3,35.5,33.3,54.3,614,46,1,154.3
2025-11-29 15:43:46+05:30,1256,170.5,38.5,32.9,49.9,641,39,5,202.0
2025-11-29 15:44:46+05:30,1256,170.7,37.6,34.0,50.9,640,35,6,193.4
2025-11-29 15:45:46+05:30,1256,176.1,39.7,33.5,50.5,627,34,4,197.2
2025-11-29 15:46:46+05:30,1256,165.0,40.6,33.3,51.0,675,42,4,180.9
2025-11-29 15:47:46+05:30,1256,165.7,39.6,33.2,56.1,609,25,6,158.8
2025-11-29 15:48:46+05:30,1256,167.2,46.4,33.7,55.6,580,51,6,183.2
2025-11-29 15:49:46+05:30,1256,171.3,39.9,32.8,53.3,732,25,4,170.9
2025-11-29 15:50:46+05:30,1256,166.1,37.3,33.0,54.3,631,24,6,155.4
2025-11-29 15:51:46+05:30,1256,172.1,40.1,32.9,49.4,691,35,4,183.2
2025-11-29 15:52:46+05:30,1256,170.0,34.0,33.3,51.9,662,41,3,190.5
2025-11-29 15:53:46+05:30,1256,173.5,37.9,33.0,51.7,648,28,0,178.6
2025-11-29 15:54:46+05:30,1256,170.0,37.7,33.4,55.3,650,35,5,149.0
2025-11-29 15:55:46+05:30,1256,169.7,44.9,33.3,48.2,590,34,10,206.0
2025-11-29 15:56:46+05:30,1256,170.1,37.9,33.3,50.8,730,29,7,165.5
2025-11-29 15:57:46+05:30,1256,165.0,41.9,33.4,49.3,640,34,0,180.2
2025-11-29 15:58:46+05:30,1256,167.3,43.8,33.3,53.7,560,29,1,179.6
2025-11-29 15:59:46+05:30,1256,173.1,37.3,33.3,51.8,623,31,7,209.1
2025-11-29 16:00:46+05:30,1256,167.7,39.2,33.4,54.2,739,41,5,168.0
2025-11-29 16:01:46+05:30,1256,167.9,39.4,33.2,49.7,761,35,3,194.2
2025-11-29 16:02:46+05:30,1256,169.6,42.8,33.5,51.0,675,27,0,153.6
2025-11-29 16:03:46+05:30,1256,165.4,42.9,33.6,51.3,588,29,3,198.7
2025-11-29 16:04:46+05:30,1256,167.6,42.2,33.2,55.6,617,20,1,183.0
2025-11-29 16:05:46+05:30,1256,171.4,38.3,32.8,49.2,693,28,5,202.6
2025-11-29 16:06:46+05:30,1256,168.7,39.2,33.6,53.8,652,41,1,167.3
2025-11-29 16:07:46+05:30,1256,166.4,41.8,33.1,49.5,610,26,3,212.4
2025-11-29 16:08:46+05:30,1256,173.7,39.7,33.8,55.3,650,28,5,203.6
2025-11-29 16:09:46+05:30,1256,167.6,36.7,33.5,51.0,601,14,4,137.0
2025-11-29 16:10:46+05:30,1256,171.1,32.4,33.6,50.5,664,21,4,172.9
2025-11-29 16:11:46+05:30,1256,166.1,37.2,33.6,52.6,645,17,10,208.2
2025-11-29 16:12:46+05:30,1256,172.8,42.0,33.3,49.5,729,22,0,190.0
2025-11-29 16:13:46+05:30,1256,173.2,42.2,33.4,52.9,654,20,3,135.4
2025-11-29 16:14:46+05:30,1256,168.7,36.0,33.0,50.4,652,32,2,176.6
2025-11-29 16:15:46+05:30,1256,172.1,38.6,33.2,53.5,682,41,0,205.3
2025-11-29 16:16:46+05:30,1256,165.0,38.2,33.3,51.7,670,19,8,158.7
2025-11-29 16:17:46+05:30,1256,165.7,40.3,33.1,51.4,636,33,2,176.7
2025-11-29 16:18:46+05:30,1256,167.8,41.1,33.4,51.3,615,34,2,193.8
2025-11-29 16:19:46+05:30,1256,169.6,39.7,33.5,53.0,652,40,1,154.2
2025-11-29 16:20:46+05:30,1256,175.1,42.2,33.8,51.0,563,23,3,208.8
2025-11-29 16:21:46+05:30,1256,173.0,42.0,33.3,53.1,627,35,8,192.2
2025-11-29 16:22:46+05:30,1256,171.0,45.5,32.5,53.7,698,22,8,206.4
2025-11-29 16:23:46+05:30,1256,171.8,44.4,33.3,52.5,634,11,3,178.6
2025-11-29 16:24:46+05:30,1256,170.5,38.2,33.2,51.5,607,29,6,166.8
2025-11-29 16:25:46+05:30,1256,176.7,39.7,32.7,55.5,614,27,7,173.9
2025-11-29 16:26:46+05:30,1256,168.3,42.3,33.2,51.5,656,30,4,151.8
2025-11-29 16:27:46+05:30,1256,170.2,40.0,33.2,53.2,654,29,5,182.4
2025-11-29 16:28:46+05:30,1256,173.3,39.6,33.4,51.9,700,39,13,190.9
2025-11-29 16:29:46+05:30,1256,167.0,35.8,33.2,54.7,633,40,5,214.3
2025-11-29 16:30:46+05:30,1256,170.1,40.8,33.1,51.2,673,34,6,163.1
2025-11-29 16:31:46+05:30,1256,173.2,39.3,32.9,50.0,705,18,5,192.9
2025-11-29 16:32:46+05:30,1256,172.2,37.5,33.3,55.7,621,17,8,157.7
2025-11-29 16:33:46+05:30,1256,169.1,45.2,33.4,52.0,621,17,3,162.6
2025-11-29 16:34:46+05:30,1256,170.1,37.3,33.3,49.4,565,21,8,176.8
2025-11-29 16:35:46+05:30,1256,167.0,40.3,33.2,54.4,586,46,8,192.9
2025-11-29 16:36:46+05:30,1256,164.8,41.2,33.5,52.5,805,29,6,203.9
2025-11-29 16:37:46+05:30,1256,170.0,38.1,33.2,52.5,691,30,4,224.3
2025-11-29 16:38:46+05:30,1256,172.3,40.0,33.4,47.8,576,33,6,148.3
2025-11-29 16:39:46+05:30,1256,175.0,38.5,33.5,51.9,624,44,4,178.4
2025-11-29 16:40:46+05:30,1256,170.2,44.0,33.6,53.8,653,29,4,170.8
2025-11-29 16:41:46+05:30,1256,170.4,41.4,33.3,52.3,621,29,3,190.3
2025-11-29 16:42:46+05:30,1256,170.2,35.4,33.3,51.8,641,24,8,208.6
2025-11-29 16:43:46+05:30,1256,169.5,39.8,33.4,56.0,677,20,7,179.9
2025-11-29 16:44:46+05:30,1256,169.5,39.4,33.4,47.5,571,28,3,176.7
2025-11-29 16:45:46+05:30,1256,171.0,38.3,33.7,50.4,698,31,2,190.9
2025-11-29 16:46:46+05:30,1256,171.6,42.3,33.5,50.8,686,46,6,184.9
2025-11-29 16:47:46+05:30,1256,168.8,37.4,33.6,53.1,657,16,7,166.3
2025-11-29 16:48:46+05:30,1256,164.2,41.0,33.1,47.8,661,39,1,176.1
2025-11-29 16:49:46+05:30,1256,174.4,32.0,33.0,54.7,572,26,8,218.9
2025-11-29 16:50:46+05:30,1256,170.4,43.3,33.8,50.5,656,20,7,169.4
2025-11-29 16:51:46+05:30,1256,170.4,39.8,33.3,53.8,652,35,11,197.5
2025-11-29 16:52:46+05:30,1256,171.3,42.8,33.2,48.2,662,18,3,182.1
2025-11-29 16:53:46+05:30,1256,170.8,40.5,33.5,49.9,610,23,5,221.7
2025-11-29 16:54:46+05:30,1256,171.2,44.8,33.4,51.2,608,30,7,215.1
2025-11-29 16:55:46+05:30,1256,168.6,36.4,33.3,50.3,609,29,0,154.1
2025-11-29 16:56:46+05:30,1256,169.4,44.3,33.5,54.8,711,36,4,158.8
2025-11-29 16:57:46+05:30,1256,169.2,43.5,33.1,52.6,629,21,5,166.0
2025-11-29 16:58:46+05:30,1256,167.9,35.0,33.7,53.5,751,21,8,186.4
2025-11-29 16:59:46+05:30,1256,170.8,35.9,32.8,55.0,631,46,3,168.5
2025-11-29 17:00:46+05:30,1256,169.1,42.5,33.7,50.8,585,12,2,177.8
2025-11-29 17:01:46+05:30,1256,170.7,40.1,33.7,52.4,653,27,3,179.7
2025-11-29 17:02:46+05:30,1256,166.5,40.3,33.3,56.7,590,27,5,146.8
2025-11-29 17:03:46+05:30,1256,168.6,38.8,33.4,55.6,620,18,3,175.6
2025-11-29 17:04:46+05:30,1256,165.8,34.8,33.9,47.2,667,20,6,204.4
2025-11-29 17:05:46+05:30,1256,169.8,42.4,33.4,51.7,636,20,3,180.8
2025-11-29 17:06:46+05:30,1256,166.8,37.2,33.5,55.0,669,32,9,191.3
2025-11-29 17:07:46+05:30,1256,165.6,35.9,33.3,51.3,661,28,5,218.0
2025-11-29 17:08:46+05:30,1256,170.1,37.0,32.9,52.1,687,29,7,152.2
2025-11-29 17:09:46+05:30,1256,169.9,37.9,33.6,51.0,596,31,8,156.2
2025-11-29 17:10:46+05:30,1256,168.9,42.0,33.7,52.6,634,26,9,175.0
2025-11-29 17:11:46+05:30,1256,172.0,39.6,33.1,54.2,579,41,3,188.7
2025-11-29 17:12:46+05:30,1256,165.4,38.3,33.1,52.2,704,40,10,213.1
2025-11-29 17:13:46+05:30,1256,167.1,46.0,33.6,49.5,618,36,4,180.7
2025-11-29 17:14:46+05:30,1256,167.6,44.5,33.6,49.7,767,28,3,147.8
2025-11-29 17:15:46+05:30,1256,169.6,39.6,33.3,56.2,682,29,6,169.1
2025-11-29 17:16:46+05:30,1256,173.6,38.2,33.3,51.4,611,40,3,209.7
2025-11-29 17:17:46+05:30,1256,169.0,41.3,33.2,51.8,612,17,0,173.2
2025-11-29 17:18:46+05:30,1256,169.2,39.8,33.1,53.2,568,30,5,202.1
2025-11-29 17:19:46+05:30,1256,170.2,39.6,33.3,53.1,663,43,3,196.1
2025-11-29 17:20:46+05:30,1256,168.6,36.8,33.1,50.1,702,39,4,211.5
2025-11-29 17:21:46+05:30,1256,173.5,37.8,33.2,51.4,618,23,12,190.1
2025-11-29 17:22:46+05:30,1256,173.3,45.1,33.2,48.7,586,35,2,166.4
2025-11-29 17:23:46+05:30,1256,168.7,36.5,33.4,51.0,719,19,5,192.1
2025-11-29 17:24:46+05:30,1256,169.3,34.9,33.1,51.1,616,30,6,160.5
2025-11-29 17:25:46+05:30,1256,170.2,40.2,33.4,51.6,724,22,7,184.3
2025-11-29 17:26:46+05:30,1256,170.9,38.5,33.8,50.5,607,16,4,188.8
2025-11-29 17:27:46+05:30,1256,169.5,32.5,34.1,51.7,708,28,3,181.9
2025-11-29 17:28:46+05:30,1256,169.8,36.8,32.9,48.8,514,27,3,157.9
2025-11-29 17:29:46+05:30,1256,171.1,35.6,33.0,51.3,644,20,5,181.4
2025-11-29 17:30:46+05:30,1256,172.7,43.9,33.1,56.1,659,44,3,197.4
2025-11-29 17:31:46+05:30,1256,172.4,42.0,32.7,49.1,733,38,2,186.5
2025-11-29 17:32:46+05:30,1256,170.6,35.8,33.4,55.1,605,22,2,199.8
2025-11-29 17:33:46+05:30,1256,168.3,40.1,32.7,52.5,655,16,1,188.5
2025-11-29 17:34:46+05:30,1256,176.1,40.1,33.1,52.6,674,31,9,171.0
2025-11-29 17:35:46+05:30,1256,171.8,40.3,33.6,51.7,643,45,4,171.4
2025-11-29 17:36:46+05:30,1256,165.8,46.5,32.8,50.6,662,28,6,165.5
2025-11-29 17:37:46+05:30,1256,174.8,39.6,33.8,54.5,582,21,4,207.6
2025-11-29 17:38:46+05:30,1256,169.8,44.5,33.2,52.7,596,49,2,181.3
2025-11-29 17:39:46+05:30,1256,165.5,40.8,33.5,51.2,670,23,2,193.7
2025-11-29 17:40:46+05:30,1256,169.6,41.2,33.9,49.3,675,42,4,183.9
2025-11-29 17:41:46+05:30,1256,168.2,38.9,33.8,55.2,597,35,3,196.4
2025-11-29 17:42:46+05:30,1256,165.5,37.3,33.5,53.0,728,37,4,183.2
2025-11-29 17:43:46+05:30,1256,168.4,41.0,32.9,51.5,618,16,8,195.0
2025-11-29 17:44:46+05:30,1256,173.3,44.8,33.2,57.8,681,22,4,179.3
2025-11-29 17:45:46+05:30,1256,168.0,35.5,33.5,52.1,681,16,6,187.4
2025-11-29 17:46:46+05:30,1256,177.2,39.5,33.2,52.9,724,39,1,170.4
2025-11-29 17:47:46+05:30,1256,165.4,39.7,33.4,50.7,727,25,4,148.5
2025-11-29 17:48:46+05:30,1256,171.1,39.4,33.3,50.6,597,24,4,171.2
2025-11-29 17:49:46+05:30,1256,174.7,36.6,33.6,52.6,678,56,4,174.8
2025-11-29 17:50:46+05:30,1256,165.6,41.2,33.1,55.9,695,54,3,148.8
2025-11-29 17:51:46+05:30,1256,170.5,38.6,33.4,50.3,696,25,3,163.0
2025-11-29 17:52:46+05:30,1256,167.2,41.1,33.2,50.6,657,36,4,160.5
2025-11-29 17:53:46+05:30,1256,171.4,43.1,33.3,48.6,724,16,6,202.2
2025-11-29 17:54:46+05:30,1256,172.3,41.2,33.2,52.9,667,22,4,181.0
2025-11-29 17:55:46+05:30,1256,169.2,41.3,33.0,51.2,683,24,3,143.3
2025-11-29 17:56:46+05:30,1256,165.0,41.5,33.4,51.3,638,27,6,160.6
2025-11-29 17:57:46+05:30,1256,169.8,42.6,33.7,53.6,690,28,0,178.3
2025-11-29 17:58:46+05:30,1256,169.4,45.5,33.2,52.6,662,17,6,164.9
2025-11-29 17:59:46+05:30,1256,170.9,43.6,33.5,51.3,684,40,1,196.4
2025-11-29 18:00:46+05:30,1256,174.9,38.8,33.6,52.8,691,35,6,195.0
2025-11-29 18:01:46+05:30,1256,172.1,46.5,33.4,51.2,547,47,7,161.4
2025-11-29 18:02:46+05:30,1256,168.3,42.0,32.7,52.4,643,19,4,188.2
2025-11-29 18:03:46+05:30,1256,167.3,41.9,32.8,48.2,648,41,3,194.3
2025-11-29 18:04:46+05:30,1256,165.5,36.2,33.5,52.4,647,29,5,166.2
2025-11-29 18:05:46+05:30,1256,170.7,41.0,33.4,51.9,675,16,0,195.3
2025-11-29 18:06:46+05:30,1256,172.4,43.8,33.2,51.2,629,20,4,168.3
2025-11-29 18:07:46+05:30,1256,169.4,36.1,32.8,50.9,671,43,7,196.8
2025-11-29 18:08:46+05:30,1256,166.9,39.9,32.7,50.9,641,31,3,136.6
2025-11-29 18:09:46+05:30,1256,170.4,39.6,33.6,52.5,619,39,11,196.6
2025-11-29 18:10:46+05:30,1256,161.2,30.7,33.2,54.2,595,31,10,167.6
2025-11-29 18:11:46+05:30,1256,173.4,46.1,33.3,52.6,626,26,6,188.1
2025-11-29 18:12:46+05:30,1256,177.8,37.6,33.3,49.9,713,37,7,175.3
2025-11-29 18:13:46+05:30,1256,169.2,42.5,33.2,55.4,638,38,10,194.2
2025-11-29 18:14:46+05:30,1256,172.2,36.5,33.4,52.8,637,39,10,197.2
2025-11-29 18:15:46+05:30,1256,169.3,41.1,32.9,56.3,699,33,8,184.4
2025-11-29 18:16:46+05:30,1256,170.8,39.2,32.8,53.4,597,26,0,199.9
2025-11-29 18:17:46+05:30,1256,169.3,38.3,33.6,52.7,576,32,1,202.6
2025-11-29 18:18:46+05:30,1256,173.3,38.4,32.8,52.8,630,28,3,182.4
2025-11-29 18:19:46+05:30,1256,169.0,37.5,33.1,51.8,732,42,7,153.9
2025-11-29 18:20:46+05:30,1256,173.6,39.8,33.2,50.1,593,40,5,186.3
2025-11-29 18:21:46+05:30,1256,167.7,42.1,33.8,54.2,699,19,8,170.3
2025-11-29 18:22:46+05:30,1256,171.0,44.0,33.3,49.1,666,33,6,160.9
2025-11-29 18:23:46+05:30,1256,168.6,33.5,33.2,52.3,624,15,3,203.4
2025-11-29 18:24:46+05:30,1256,173.9,41.2,33.9,50.7,607,29,4,159.0
2025-11-29 18:25:46+05:30,1256,165.7,41.6,33.9,50.9,671,33,8,172.5
2025-11-29 18:26:46+05:30,1256,172.8,40.8,33.5,52.0,608,19,3,165.6
2025-11-29 18:27:46+05:30,1256,170.9,42.1,32.9,51.5,672,38,3,163.3
2025-11-29 18:28:46+05:30,1256,178.4,38.8,33.6,49.4,651,38,3,171.0
2025-11-29 18:29:46+05:30,1256,168.1,43.5,33.1,51.1,634,45,2,201.7
2025-11-29 18:30:46+05:30,1256,171.7,42.6,33.9,54.9,556,22,5,173.7
2025-11-29 18:31:46+05:30,1256,171.9,42.8,33.6,53.6,645,38,9,162.9
2025-11-29 18:32:46+05:30,1256,172.6,35.7,33.2,53.9,553,39,5,149.8
2025-11-29 18:33:46+05:30,1256,177.9,39.3,33.3,54.4,648,39,4,175.8
2025-11-29 18:34:46+05:30,1256,172.1,41.4,33.3,51.8,593,35,1,225.1
2025-11-29 18:35:46+05:30,1256,168.9,36.0,33.8,50.8,721,21,7,180.5
2025-11-29 18:36:46+05:30,1256,172.1,39.7,33.6,53.0,661,2,2,194.0
2025-11-29 18:37:46+05:30,1256,170.7,40.1,33.0,51.8,653,29,7,181.7
2025-11-29 18:38:46+05:30,1256,170.5,46.5,33.0,50.1,618,16,0,189.4
2025-11-29 18:39:46+05:30,1256,172.1,43.3,32.9,50.2,668,15,1,191.2
2025-11-29 18:40:46+05:30,1256,165.5,46.6,32.4,52.3,598,24,3,224.8
2025-11-29 18:41:46+05:30,1256,173.3,35.7,33.8,49.9,567,21,5,173.5
2025-11-29 18:42:46+05:30,1256,167.4,42.7,33.5,52.5,602,42,6,176.1
2025-11-29 18:43:46+05:30,1256,172.1,34.5,33.4,48.1,651,45,1,196.1
2025-11-29 18:44:46+05:30,1256,169.2,38.3,33.1,51.6,614,42,4,207.8
2025-11-29 18:45:46+05:30,1256,169.1,36.3,33.2,50.9,689,18,8,197.0
2025-11-29 18:46:46+05:30,1256,167.9,36.3,33.4,50.0,605,28,7,231.3
2025-11-29 18:47:46+05:30,1256,168.2,39.6,33.1,54.6,731,13,7,211.2
2025-11-29 18:48:46+05:30,1256,167.7,37.1,33.2,48.8,653,40,5,136.9
2025-11-29 18:49:46+05:30,1256,172.7,39.7,33.4,56.7,656,30,7,192.8
2025-11-29 18:50:46+05:30,1256,172.1,34.0,33.2,53.3,670,8,4,176.4
2025-11-29 18:51:46+05:30,1256,170.7,45.0,33.4,52.4,675,27,8,197.9
2025-11-29 18:52:46+05:30,1256,169.7,40.8,33.5,51.0,638,26,4,187.2
2025-11-29 18:53:46+05:30,1256,172.0,45.3,33.4,53.2,493,28,6,197.2
2025-11-29 18:54:46+05:30,1256,169.9,39.2,33.8,53.8,671,28,5,150.4
2025-11-29 18:55:46+05:30,1256,166.7,38.7,33.4,49.4,595,30,7,173.0
2025-11-29 18:56:46+05:30,1256,168.9,38.1,33.2,50.3,610,51,2,204.9
2025-11-29 18:57:46+05:30,1256,168.6,40.8,33.3,52.8,614,26,6,160.2
2025-11-29 18:58:46+05:30,1256,173.5,33.6,33.6,51.2,634,36,1,193.7
2025-11-29 18:59:46+05:30,1256,164.3,42.7,33.7,50.5,677,39,1,154.7
2025-11-29 19:00:46+05:30,1256,165.7,37.9,33.4,50.7,569,28,0,153.8
2025-11-29 19:01:46+05:30,1256,169.0,43.0,33.3,50.2,633,20,4,191.5
2025-11-29 19:02:46+05:30,1256,171.5,40.3,33.2,48.2,660,38,6,180.5
2025-11-29 19:03:46+05:30,1256,170.0,40.1,33.1,49.7,636,24,7,229.3
2025-11-29 19:04:46+05:30,1256,170.4,39.2,33.2,48.6,648,27,6,172.4
2025-11-29 19:05:46+05:30,1256,165.4,35.3,32.8,51.9,576,35,1,194.3
2025-11-29 19:06:46+05:30,1256,169.5,39.7,33.1,49.7,685,31,8,187.6
2025-11-29 19:07:46+05:30,1256,169.7,43.0,33.1,51.1,672,15,5,171.3
2025-11-29 19:08:46+05:30,1256,171.9,31.8,33.6,52.7,671,21,6,199.8
2025-11-29 19:09:46+05:30,1256,168.3,43.7,33.0,54.5,665,21,5,192.6
2025-11-29 19:10:46+05:30,1256,173.1,37.0,33.2,52.7,678,15,6,203.7
2025-11-29 19:11:46+05:30,1256,165.8,42.9,32.9,49.4,643,15,4,191.1
2025-11-29 19:12:46+05:30,1256,167.7,41.0,32.7,50.3,702,24,5,193.1
2025-11-29 19:13:46+05:30,1256,172.1,38.5,33.1,51.0,631,28,8,145.6
2025-11-29 19:14:46+05:30,1256,165.1,41.0,33.1,52.9,713,32,3,196.0
2025-11-29 19:15:46+05:30,1256,171.3,40.8,33.4,52.9,659,58,4,157.8
2025-11-29 19:16:46+05:30,1256,166.8,37.7,33.1,52.3,618,29,9,180.9
2025-11-29 19:17:46+05:30,1256,172.6,35.5,34.0,49.3,672,39,6,175.7
2025-11-29 19:18:46+05:30,1256,169.0,37.7,33.3,48.3,697,43,6,178.7
2025-11-29 19:19:46+05:30,1256,171.2,42.5,33.4,51.9,622,44,3,176.7
2025-11-29 19:20:46+05:30,1256,170.9,42.0,33.1,48.8,663,21,7,199.0
2025-11-29 19:21:46+05:30,1256,165.8,40.4,33.3,52.8,574,32,7,187.8
2025-11-29 19:22:46+05:30,1256,171.8,41.7,33.1,54.8,723,40,1,192.2
2025-11-29 19:23:46+05:30,1256,169.0,41.2,33.5,51.9,586,38,2,182.5
2025-11-29 19:24:46+05:30,1256,169.5,42.2,33.6,53.0,713,40,8,191.4
2025-11-29 19:25:46+05:30,1256,174.6,33.2,33.1,51.3,570,21,6,171.9
2025-11-29 19:26:46+05:30,1256,167.3,36.8,33.4,54.6,629,14,6,176.9
2025-11-29 19:27:46+05:30,1256,166.4,42.0,33.2,51.8,641,50,4,186.4
2025-11-29 19:28:46+05:30,1256,170.6,43.2,33.9,51.9,661,45,3,180.7
2025-11-29 19:29:46+05:30,1256,170.8,38.0,34.1,51.0,602,20,5,194.8
2025-11-29 19:30:46+05:30,1256,169.0,42.1,34.1,53.4,536,28,4,172.6
2025-11-29 19:31:46+05:30,1256,170.3,39.4,33.4,51.1,694,34,2,152.9
2025-11-29 19:32:46+05:30,1256,163.9,39.9,33.4,54.4,637,19,5,155.6
2025-11-29 19:33:46+05:30,1256,169.5,35.6,33.4,50.6,707,13,4,174.2
2025-11-29 19:34:46+05:30,1256,165.6,42.5,33.4,55.4,648,3,2,182.2
2025-11-29 19:35:46+05:30,1256,162.3,39.4,33.6,52.4,627,33,10,192.8
2025-11-29 19:36:46+05:30,1256,172.8,38.8,33.3,52.0,686,24,6,203.7
2025-11-29 19:37:46+05:30,1256,170.2,41.1,33.0,48.0,700,35,0,190.1
2025-11-29 19:38:46+05:30,1256,174.8,43.1,33.0,52.3,713,29,8,171.4
2025-11-29 19:39:46+05:30,1256,165.0,43.2,33.8,49.3,655,9,0,181.2
2025-11-29 19:40:46+05:30,1256,172.5,41.4,33.9,52.3,609,43,4,195.4
2025-11-29 19:41:46+05:30,1256,170.2,48.1,33.4,53.5,647,30,4,184.1
2025-11-29 19:42:46+05:30,1256,165.2,40.3,33.1,55.6,666,23,4,161.7
2025-11-29 19:43:46+05:30,1256,170.1,38.4,33.1,51.5,579,28,7,170.8
2025-11-29 19:44:46+05:30,1256,170.1,38.4,33.1,53.0,627,31,3,167.9
2025-11-29 19:45:46+05:30,1256,169.3,41.2,33.6,53.8,718,20,8,196.9
2025-11-29 19:46:46+05:30,1256,174.0,42.0,33.3,52.7,628,37,2,196.1
2025-11-29 19:47:46+05:30,1256,171.8,36.0,33.4,55.1,698,37,6,152.6
2025-11-29 19:48:46+05:30,1256,171.6,39.9,33.3,51.3,773,20,5,175.8
2025-11-29 19:49:46+05:30,1256,165.1,40.0,33.2,51.8,563,19,2,149.9
2025-11-29 19:50:46+05:30,1256,165.3,38.5,34.0,50.8,715,36,2,170.9
2025-11-29 19:51:46+05:30,1256,168.1,42.3,32.8,56.0,719,33,3,151.9
2025-11-29 19:52:46+05:30,1256,167.8,40.8,32.8,49.3,635,30,5,192.1
2025-11-29 19:53:46+05:30,1256,173.3,33.8,33.7,53.0,630,20,1,158.4
2025-11-29 19:54:46+05:30,1256,169.6,38.0,33.2,53.2,506,39,4,146.4
2025-11-29 19:55:46+05:30,1256,170.5,39.8,33.7,55.5,540,37,3,175.7
2025-11-29 19:56:46+05:30,1256,166.1,37.4,32.8,52.0,606,29,6,159.9
2025-11-29 19:57:46+05:30,1256,172.4,41.5,33.0,52.7,550,32,1,189.1
2025-11-29 19:58:46+05:30,1256,166.2,39.4,33.1,52.2,669,34,2,157.8
2025-11-29 19:59:46+05:30,1256,163.6,34.6,33.5,51.7,612,32,0,146.2
2025-11-29 20:00:46+05:30,1256,171.7,40.0,33.6,49.7,641,13,5,174.6
2025-11-29 20:01:46+05:30,1256,172.7,35.1,33.4,51.9,673,32,7,160.0
2025-11-29 20:02:46+05:30,1256,169.5,40.4,33.4,51.9,681,6,9,188.9
2025-11-29 20:03:46+05:30,1256,167.0,39.6,33.3,53.7,588,34,2,165.6
2025-11-29 20:04:46+05:30,1256,169.6,39.7,33.3,47.7,559,35,8,215.3
2025-11-29 20:05:46+05:30,1256,171.1,41.7,33.1,52.8,743,32,0,216.0
2025-11-29 20:06:46+05:30,1256,169.9,37.1,33.4,50.0,597,19,2,192.2
2025-11-29 20:07:46+05:30,1256,174.0,36.5,33.2,53.3,636,43,8,172.2
2025-11-29 20:08:46+05:30,1256,170.2,36.7,33.3,50.5,599,27,5,187.1
2025-11-29 20:09:46+05:30,1256,170.3,37.2,33.1,56.0,634,31,6,197.0
2025-11-29 20:10:46+05:30,1256,168.0,41.4,33.2,51.5,704,14,4,197.8
2025-11-29 20:11:46+05:30,1256,173.4,45.4,33.8,55.1,679,11,8,156.2
2025-11-29 20:12:46+05:30,1256,170.4,35.8,33.7,53.8,675,37,3,175.6
2025-11-29 20:13:46+05:30,1256,160.9,38.2,33.5,53.3,720,25,0,170.5
2025-11-29 20:14:46+05:30,1256,170.6,37.0,33.0,46.1,645,34,4,209.2
2025-11-29 20:15:46+05:30,1256,164.5,34.3,33.1,50.8,606,24,7,210.5
2025-11-29 20:16:46+05:30,1256,171.7,34.4,33.5,53.2,790,30,4,161.0
2025-11-29 20:17:46+05:30,1256,178.5,36.6,33.0,50.7,660,25,9,175.5
2025-11-29 20:18:46+05:30,1256,170.2,38.6,33.8,52.3,658,36,5,166.1
2025-11-29 20:19:46+05:30,1256,168.7,42.3,33.4,52.6,675,29,2,178.8
2025-11-29 20:20:46+05:30,1256,171.6,44.9,32.6,51.4,749,27,1,166.9
2025-11-29 20:21:46+05:30,1256,170.6,35.5,33.3,54.4,634,39,5,152.4
2025-11-29 20:22:46+05:30,1256,165.2,38.4,33.0,55.4,613,0,10,197.8
2025-11-29 20:23:46+05:30,1256,166.2,38.6,33.6,51.4,564,33,2,188.5
2025-11-29 20:24:46+05:30,1256,172.9,40.6,33.7,52.8,665,36,6,195.3
2025-11-29 20:25:46+05:30,1256,168.4,41.7,33.4,50.6,675,27,0,179.1
2025-11-29 20:26:46+05:30,1256,169.4,41.0,33.2,54.3,614,23,6,198.1
2025-11-29 20:27:46+05:30,1256,168.4,35.6,33.3,49.4,696,24,7,160.6
2025-11-29 20:28:46+05:30,1256,168.1,41.4,32.7,51.6,688,33,5,160.6
2025-11-29 20:29:46+05:30,1256,168.4,36.4,32.8,51.9,697,33,4,166.6
2025-11-29 20:30:46+05:30,1256,169.5,38.0,33.3,51.7,598,40,0,132.4
2025-11-29 20:31:46+05:30,1256,164.6,44.4,33.3,55.9,549,50,10,166.4
2025-11-29 20:32:46+05:30,1256,169.1,39.2,33.5,49.7,574,43,6,183.7
2025-11-29 20:33:46+05:30,1256,171.7,41.0,33.5,50.0,633,48,6,209.9
2025-11-29 20:34:46+05:30,1256,166.0,42.2,33.2,52.2,630,19,7,205.7
2025-11-29 20:35:46+05:30,1256,172.8,38.0,33.5,49.4,686,33,2,173.5
2025-11-29 20:36:46+05:30,1256,168.6,42.3,32.9,49.7,589,34,7,195.8
2025-11-29 20:37:46+05:30,1256,168.7,43.4,32.9,51.7,695,23,7,182.7
2025-11-29 20:38:46+05:30,1256,172.8,41.0,33.5,52.2,642,11,4,214.5
2025-11-29 20:39:46+05:30,1256,171.3,39.7,33.1,52.0,623,42,0,185.5
2025-11-29 20:40:46+05:30,1256,170.7,41.7,33.6,51.1,727,36,1,187.2
2025-11-29 20:41:46+05:30,1256,168.6,32.8,33.0,54.3,614,23,1,182.5
2025-11-29 20:42:46+05:30,1256,168.9,41.3,33.5,53.3,591,22,9,188.7
2025-11-29 20:43:46+05:30,1256,172.0,43.6,32.9,51.6,594,21,6,186.1
2025-11-29 20:44:46+05:30,1256,169.7,40.6,33.4,51.1,626,14,4,182.7
2025-11-29 20:45:46+05:30,1256,167.8,38.7,33.6,49.3,654,46,0,181.2
2025-11-29 20:46:46+05:30,1256,169.6,41.0,33.5,57.0,714,14,0,189.2
2025-11-29 20:47:46+05:30,1256,164.4,40.8,33.0,51.8,740,29,5,212.8
2025-11-29 20:48:46+05:30,1256,172.3,41.7,33.6,50.5,552,38,7,175.3
2025-11-29 20:49:46+05:30,1256,165.5,40.5,33.5,53.0,535,36,5,185.9
2025-11-29 20:50:46+05:30,1256,164.9,38.2,32.9,51.8,709,21,8,177.1
2025-11-29 20:51:46+05:30,1256,172.7,38.8,32.9,48.0,723,28,6,197.3
2025-11-29 20:52:46+05:30,1256,175.3,41.1,33.6,49.8,668,45,7,152.3
2025-11-29 20:53:46+05:30,1256,170.7,40.1,33.3,51.4,680,23,12,215.8
2025-11-29 20:54:46+05:30,1256,167.2,36.6,33.7,50.0,659,36,0,173.4
2025-11-29 20:55:46+05:30,1256,167.6,36.9,33.1,54.0,674,26,10,174.6
2025-11-29 20:56:46+05:30,1256,168.2,38.2,33.2,49.2,594,33,4,184.1
2025-11-29 20:57:46+05:30,1256,173.2,42.7,33.9,56.8,618,9,4,180.2
2025-11-29 20:58:46+05:30,1256,169.6,43.4,33.6,49.4,668,33,5,194.7
2025-11-29 20:59:46+05:30,1256,173.3,42.8,33.2,55.2,708,18,5,181.9
2025-11-29 21:00:46+05:30,1256,167.3,33.5,33.4,53.6,698,29,4,178.9
2025-11-29 21:01:46+05:30,1256,168.1,37.1,33.0,50.2,675,35,5,157.0
2025-11-29 21:02:46+05:30,1256,172.2,38.9,33.1,52.7,663,26,2,169.6
2025-11-29 21:03:46+05:30,1256,167.1,39.1,33.1,56.6,569,30,9,166.3
2025-11-29 21:04:46+05:30,1256,167.8,40.0,33.3,52.0,654,27,2,196.4
2025-11-29 21:05:46+05:30,1256,174.0,42.4,33.2,52.7,681,4,6,190.4
2025-11-29 21:06:46+05:30,1256,168.0,38.9,33.6,48.7,591,24,2,175.0
2025-11-29 21:07:46+05:30,1256,167.7,37.7,32.8,50.9,655,25,3,183.9
2025-11-29 21:08:46+05:30,1256,173.5,39.9,33.3,56.3,627,32,3,158.9
2025-11-29 21:09:46+05:30,1256,172.4,41.8,33.7,50.4,684,29,6,178.9
2025-11-29 21:10:46+05:30,1256,166.7,39.8,32.7,48.9,715,41,1,179.9
2025-11-29 21:11:46+05:30,1256,172.7,38.9,32.5,51.0,646,28,1,172.2
2025-11-29 21:12:46+05:30,1256,176.6,43.0,33.7,51.3,631,29,6,164.2
2025-11-29 21:13:46+05:30,1256,172.9,38.1,33.3,52.3,586,27,0,174.4
2025-11-29 21:14:46+05:30,1256,169.6,40.2,33.2,51.9,681,9,6,194.0
2025-11-29 21:15:46+05:30,1256,169.6,42.9,33.9,50.6,684,41,3,174.4
2025-11-29 21:16:46+05:30,1256,169.8,41.7,33.5,54.0,707,16,1,182.7
2025-11-29 21:17:46+05:30,1256,167.0,40.7,32.9,54.1,611,10,2,176.2
2025-11-29 21:18:46+05:30,1256,169.3,43.8,33.1,54.0,594,44,4,210.2
2025-11-29 21:19:46+05:30,1256,169.1,39.9,33.5,48.8,670,31,2,133.9
2025-11-29 21:20:46+05:30,1256,168.1,40.5,32.8,51.2,667,30,4,141.9
2025-11-29 21:21:46+05:30,1256,170.9,39.3,33.5,50.2,642,39,6,163.7
2025-11-29 21:22:46+05:30,1256,170.5,43.1,33.4,52.3,723,31,1,180.9
2025-11-29 21:23:46+05:30,1256,168.2,44.9,33.7,50.9,677,39,2,169.5
2025-11-29 21:24:46+05:30,1256,172.9,41.2,33.2,51.0,676,39,2,199.0
2025-11-29 21:25:46+05:30,1256,168.5,36.5,34.0,51.9,659,33,7,178.2
2025-11-29 21:26:46+05:30,1256,168.1,35.8,33.7,52.9,651,33,6,185.0
2025-11-29 21:27:46+05:30,1256,169.9,43.5,33.2,50.7,636,37,4,200.6
2025-11-29 21:28:46+05:30,1256,169.0,38.3,33.6,50.2,667,41,1,182.1
2025-11-29 21:29:46+05:30,1256,166.3,39.2,33.4,51.4,591,34,5,210.5
2025-11-29 21:30:46+05:30,1256,174.4,35.4,33.4,52.4,642,11,4,183.4
2025-11-29 21:31:46+05:30,1256,164.3,48.0,33.0,51.2,606,41,8,197.0
2025-11-29 21:32:46+05:30,1256,170.9,41.6,33.5,50.5,670,43,11,163.5
2025-11-29 21:33:46+05:30,1256,167.7,41.0,33.1,52.7,639,30,6,161.7
2025-11-29 21:34:46+05:30,1256,169.9,40.9,33.4,50.6,674,26,4,192.6
2025-11-29 21:35:46+05:30,1256,166.8,34.5,32.9,52.0,528,30,3,168.9
2025-11-29 21:36:46+05:30,1256,167.9,40.8,33.1,52.3,667,23,4,178.5
2025-11-29 21:37:46+05:30,1256,171.7,40.7,33.3,53.7,612,13,0,178.2
2025-11-29 21:38:46+05:30,1256,172.5,35.7,32.7,49.7,559,46,2,153.5
2025-11-29 21:39:46+05:30,1256,169.6,40.7,33.3,49.3,639,19,6,182.9
2025-11-29 21:40:46+05:30,1256,175.1,44.4,33.3,49.8,638,26,10,188.1
2025-11-29 21:41:46+05:30,1256,166.0,42.2,32.5,53.6,687,31,0,189.2
2025-11-29 21:42:46+05:30,1256,168.4,41.6,34.3,58.6,675,24,4,153.0
2025-11-29 21:43:46+05:30,1256,169.1,36.6,32.7,51.7,702,30,7,196.8
2025-11-29 21:44:46+05:30,1256,173.4,45.0,33.2,50.1,709,31,3,191.5
2025-11-29 21:45:46+05:30,1256,169.4,34.7,33.7,52.4,655,44,4,167.8
2025-11-29 21:46:46+05:30,1256,166.8,36.6,33.4,51.9,633,32,6,183.4
2025-11-29 21:47:46+05:30,1256,166.0,43.0,33.1,53.1,681,23,2,190.5
2025-11-29 21:48:46+05:30,1256,166.8,39.8,33.3,52.1,595,36,4,152.7
2025-11-29 21:49:46+05:30,1256,170.9,41.0,33.3,50.5,663,23,5,216.7
2025-11-29 21:50:46+05:30,1256,173.6,44.1,33.1,52.3,600,26,1,194.1
2025-11-29 21:51:46+05:30,1256,169.4,42.5,33.9,52.4,627,38,7,151.7
2025-11-29 21:52:46+05:30,1256,172.7,35.4,33.2,53.1,609,27,10,189.4
2025-11-29 21:53:46+05:30,1256,169.3,38.5,33.4,50.0,625,15,4,189.9
2025-11-29 21:54:46+05:30,1256,172.5,38.2,33.0,51.8,618,22,6,171.3
2025-11-29 21:55:46+05:30,1256,166.7,32.5,33.9,48.5,553,23,5,177.0
2025-11-29 21:56:46+05:30,1256,168.3,40.9,33.2,50.5,703,24,4,185.6
2025-11-29 21:57:46+05:30,1256,167.8,37.0,33.6,49.8,679,32,7,180.7
2025-11-29 21:58:46+05:30,1256,177.2,35.6,33.1,50.1,590,23,2,162.6
2025-11-29 21:59:46+05:30,1256,167.3,44.4,33.3,52.0,735,22,8,156.5
2025-11-29 22:00:46+05:30,1256,166.5,37.2,33.5,52.5,626,19,0,169.3
2025-11-29 22:01:46+05:30,1256,171.2,42.9,33.5,49.2,672,28,5,203.1
2025-11-29 22:02:46+05:30,1256,170.0,42.1,33.8,56.2,651,23,5,188.7
2025-11-29 22:03:46+05:30,1256,170.3,39.0,33.1,49.8,585,32,2,197.8
2025-11-29 22:04:46+05:30,1256,170.5,43.7,33.0,52.2,691,32,2,175.0
2025-11-29 22:05:46+05:30,1256,171.1,38.4,32.7,52.7,651,14,0,203.2
2025-11-29 22:06:46+05:30,1256,176.0,45.7,34.0,51.7,688,30,2,146.7
2025-11-29 22:07:46+05:30,1256,170.4,34.1,33.1,54.1,686,25,3,170.5
2025-11-29 22:08:46+05:30,1256,168.9,41.5,33.2,49.2,662,40,8,222.5
2025-11-29 22:09:46+05:30,1256,169.0,43.0,33.1,50.4,677,34,5,173.8
2025-11-29 22:10:46+05:30,1256,168.4,34.1,33.3,53.0,653,13,6,213.7
2025-11-29 22:11:46+05:30,1256,169.4,39.6,33.2,50.5,758,26,0,197.5
2025-11-29 22:12:46+05:30,1256,171.5,42.0,33.3,51.4,634,24,8,171.9
2025-11-29 22:13:46+05:30,1256,173.6,37.6,33.7,51.7,679,26,0,202.5
2025-11-29 22:14:46+05:30,1256,169.4,36.0,33.1,49.7,667,28,2,144.5
2025-11-29 22:15:46+05:30,1256,173.9,43.0,33.4,52.3,741,32,7,137.0
2025-11-29 22:16:46+05:30,1256,173.2,34.7,33.5,49.6,649,17,5,171.5
2025-11-29 22:17:46+05:30,1256,168.1,40.6,33.5,52.4,584,28,6,139.1
2025-11-29 22:18:46+05:30,1256,167.0,43.4,33.3,51.0,622,39,7,192.8
2025-11-29 22:19:46+05:30,1256,168.8,42.7,33.3,54.5,731,39,6,169.2
2025-11-29 22:20:46+05:30,1256,168.2,38.3,33.1,51.1,552,26,5,207.8
2025-11-29 22:21:46+05:30,1256,168.4,38.5,33.1,49.0,745,21,2,157.5
2025-11-29 22:22:46+05:30,1256,168.5,42.7,33.3,52.3,640,28,1,177.3
2025-11-29 22:23:46+05:30,1256,173.0,36.5,33.1,53.9,745,37,4,174.7
2025-11-29 22:24:46+05:30,1256,174.5,44.2,33.5,53.7,554,34,5,156.8
2025-11-29 22:25:46+05:30,1256,176.3,41.8,33.3,51.7,669,36,5,185.1
2025-11-29 22:26:46+05:30,1256,163.9,41.4,33.1,52.9,644,19,4,168.5
2025-11-29 22:27:46+05:30,1256,175.2,37.7,32.8,53.0,702,19,1,174.7
2025-11-29 22:28:46+05:30,1256,166.3,41.3,32.6,55.8,556,28,6,206.5
2025-11-29 22:29:46+05:30,1256,167.3,36.5,33.3,49.4,651,4,2,176.6
2025-11-29 22:30:46+05:30,1256,167.8,37.9,33.0,52.4,693,40,2,157.7
2025-11-29 22:31:46+05:30,1256,171.4,43.3,33.3,54.0,635,22,7,200.4
2025-11-29 22:32:46+05:30,1256,170.2,31.5,33.3,49.3,726,34,4,153.4
2025-11-29 22:33:46+05:30,1256,170.9,41.5,32.9,58.0,648,49,2,215.8
2025-11-29 22:34:46+05:30,1256,168.9,37.2,33.0,48.2,623,23,7,179.6
2025-11-29 22:35:46+05:30,1256,175.0,44.8,33.1,53.4,587,35,0,162.1
2025-11-29 22:36:46+05:30,1256,170.4,39.1,33.5,55.6,733,26,4,186.9
2025-11-29 22:37:46+05:30,1256,166.5,32.0,33.5,53.5,662,41,8,195.9
2025-11-29 22:38:46+05:30,1256,169.4,41.4,33.5,54.7,719,35,3,185.7
2025-11-29 22:39:46+05:30,1256,166.1,39.1,32.9,52.3,616,39,1,157.4
2025-11-29 22:40:46+05:30,1256,168.6,45.9,33.1,52.4,595,22,9,184.1
2025-11-29 22:41:46+05:30,1256,174.2,39.0,33.1,49.5,648,22,6,192.2
2025-11-29 22:42:46+05:30,1256,168.1,39.9,33.3,51.3,527,23,3,185.7
2025-11-29 22:43:46+05:30,1256,170.0,42.3,32.9,50.6,743,26,0,166.5
2025-11-29 22:44:46+05:30,1256,169.5,42.3,32.9,52.9,676,32,5,173.6
2025-11-29 22:45:46+05:30,1256,170.8,42.9,33.6,50.5,660,33,0,184.4
2025-11-29 22:46:46+05:30,1256,167.8,41.4,33.9,50.0,701,24,5,184.6
2025-11-29 22:47:46+05:30,1256,167.4,38.5,32.9,52.8,519,22,3,190.7
2025-11-29 22:48:46+05:30,1256,170.5,37.4,33.3,48.5,628,33,2,149.3
2025-11-29 22:49:46+05:30,1256,174.0,38.1,33.4,53.7,647,42,7,204.6
2025-11-29 22:50:46+05:30,1256,170.1,44.8,33.2,50.3,619,30,0,169.5
2025-11-29 22:51:46+05:30,1256,170.7,36.1,33.6,51.5,597,45,7,180.7
2025-11-29 22:52:46+05:30,1256,171.5,44.6,32.9,52.3,650,17,2,138.8
2025-11-29 22:53:46+05:30,1256,173.9,42.3,32.9,51.2,711,21,7,197.5
2025-11-29 22:54:46+05:30,1256,172.7,39.3,33.3,53.2,581,9,5,194.4
2025-11-29 22:55:46+05:30,1256,171.9,40.9,33.2,55.3,719,37,4,183.2
2025-11-29 22:56:46+05:30,1256,169.8,41.8,33.4,51.8,689,31,3,151.5
2025-11-29 22:57:46+05:30,1256,169.1,38.1,33.6,51.5,584,58,1,197.8
2025-11-29 22:58:46+05:30,1256,171.7,33.8,33.2,50.6,772,41,3,201.7
2025-11-29 22:59:46+05:30,1256,168.4,40.0,33.5,53.2,603,49,0,168.9
2025-11-29 23:00:46+05:30,1256,166.1,39.9,33.5,54.1,680,31,1,155.6
2025-11-29 23:01:46+05:30,1256,164.4,36.6,33.4,52.6,667,45,8,188.0
2025-11-29 23:02:46+05:30,1256,170.1,36.7,33.6,52.8,634,27,7,180.9
2025-11-29 23:03:46+05:30,1256,163.1,39.5,33.1,47.8,697,9,6,200.9
2025-11-29 23:04:46+05:30,1256,168.0,42.2,33.4,51.3,658,32,4,153.7
2025-11-29 23:05:46+05:30,1256,164.5,41.8,32.2,50.2,619,29,1,175.0
2025-11-29 23:06:46+05:30,1256,171.2,45.3,33.6,48.5,592,17,7,183.9
2025-11-29 23:07:46+05:30,1256,175.2,39.8,33.5,52.7,611,37,6,219.3
2025-11-29 23:08:46+05:30,1256,169.7,38.4,33.3,51.3,693,34,4,165.2
2025-11-29 23:09:46+05:30,1256,166.4,37.2,33.3,53.2,621,19,4,190.1
2025-11-29 23:10:46+05:30,1256,164.5,43.0,33.5,52.9,680,37,6,181.0
2025-11-29 23:11:46+05:30,1256,165.9,37.9,33.5,54.1,643,12,4,156.0
2025-11-29 23:12:46+05:30,1256,161.1,39.9,33.6,49.4,637,26,5,149.0
2025-11-29 23:13:46+05:30,1256,171.1,34.8,33.0,54.8,655,23,6,203.1
2025-11-29 23:14:46+05:30,1256,170.8,41.8,33.4,50.5,638,37,4,169.6
2025-11-29 23:15:46+05:30,1256,168.2,40.2,33.1,56.2,631,27,2,145.3
2025-11-29 23:16:46+05:30,1256,167.2,36.3,33.6,50.5,652,29,0,166.8
2025-11-29 23:17:46+05:30,1256,171.0,39.5,33.4,51.2,639,12,6,193.1
2025-11-29 23:18:46+05:30,1256,174.2,38.0,33.3,52.2,605,25,3,174.8
2025-11-29 23:19:46+05:30,1256,167.2,42.7,34.0,54.3,698,22,6,160.6
2025-11-29 23:20:46+05:30,1256,168.7,34.3,33.1,49.0,694,35,3,197.5
2025-11-29 23:21:46+05:30,1256,173.3,47.9,33.6,48.5,652,36,4,192.8
2025-11-29 23:22:46+05:30,1256,170.2,41.4,33.1,50.5,649,34,5,162.4
2025-11-29 23:23:46+05:30,1256,171.7,44.7,33.3,53.0,730,19,5,210.6
2025-11-29 23:24:46+05:30,1256,174.8,41.2,33.6,51.3,623,38,2,211.3
2025-11-29 23:25:46+05:30,1256,166.3,43.4,33.5,52.2,602,57,3,172.9
2025-11-29 23:26:46+05:30,1256,167.6,36.8,32.7,52.2,746,42,7,215.4
2025-11-29 23:27:46+05:30,1256,169.9,38.5,33.2,51.4,584,21,7,196.7
2025-11-29 23:28:46+05:30,1256,166.8,41.6,32.6,52.9,660,18,5,179.3
2025-11-29 23:29:46+05:30,1256,171.0,38.2,33.1,53.9,592,41,5,195.7
2025-11-29 23:30:46+05:30,1256,169.4,43.1,33.3,52.7,600,14,0,154.6
2025-11-29 23:31:46+05:30,1256,163.3,38.3,33.0,53.1,589,14,7,170.0
2025-11-29 23:32:46+05:30,1256,164.9,42.8,33.6,48.7,630,24,2,164.2
2025-11-29 23:33:46+05:30,1256,172.6,33.1,33.4,55.6,614,23,1,202.6
2025-11-29 23:34:46+05:30,1256,168.4,40.3,33.3,53.9,580,34,3,180.5
2025-11-29 23:35:46+05:30,1256,168.4,38.6,33.1,51.8,635,39,7,186.2
2025-11-29 23:36:46+05:30,1256,168.6,38.3,33.3,51.5,704,30,5,199.6
2025-11-29 23:37:46+05:30,1256,171.4,36.0,33.5,51.8,647,47,3,184.9
2025-11-29 23:38:46+05:30,1256,162.8,35.1,33.2,55.1,624,21,6,167.3
2025-11-29 23:39:46+05:30,1256,172.8,43.4,33.2,51.8,588,31,5,154.0
2025-11-29 23:40:46+05:30,1256,167.6,40.3,32.9,52.1,636,10,3,211.7
2025-11-29 23:41:46+05:30,1256,166.7,44.7,33.0,55.7,600,24,7,168.7
2025-11-29 23:42:46+05:30,1256,166.6,42.4,33.5,52.1,679,25,6,178.6
2025-11-29 23:43:46+05:30,1256,166.4,41.9,32.8,50.5,691,28,6,173.7
2025-11-29 23:44:46+05:30,1256,169.7,40.1,34.0,52.2,589,33,3,210.8
2025-11-29 23:45:46+05:30,1256,171.3,37.3,33.7,55.6,608,36,4,175.5
2025-11-29 23:46:46+05:30,1256,172.2,36.4,33.7,48.9,712,26,5,173.2
2025-11-29 23:47:46+05:30,1256,164.5,37.1,33.7,53.6,649,24,8,164.0
2025-11-29 23:48:46+05:30,1256,168.5,41.6,33.6,51.0,633,21,4,177.9
2025-11-29 23:49:46+05:30,1256,172.1,38.7,33.2,49.3,571,29,2,128.1
2025-11-29 23:50:46+05:30,1256,170.2,39.2,34.1,55.6,590,35,5,154.8
2025-11-29 23:51:46+05:30,1256,168.8,39.6,32.8,53.2,653,43,4,173.6
2025-11-29 23:52:46+05:30,1256,180.0,37.5,33.6,53.0,639,30,0,202.4
2025-11-29 23:53:46+05:30,1256,169.1,40.0,33.2,56.4,661,51,5,186.0
2025-11-29 23:54:46+05:30,1256,169.4,40.1,33.4,51.2,679,27,3,162.1
2025-11-29 23:55:46+05:30,1256,168.6,42.7,32.9,50.1,642,27,2,210.3
2025-11-29 23:56:46+05:30,1256,164.1,41.6,33.7,54.3,589,18,0,174.4
2025-11-29 23:57:46+05:30,1256,171.8,41.0,33.1,53.0,681,48,7,185.1
2025-11-29 23:58:46+05:30,1256,168.4,49.3,33.6,51.3,594,32,0,197.6
2025-11-29 23:59:46+05:30,1256,171.0,40.0,33.1,53.6,641,28,6,182.9
2025-11-30 00:00:46+05:30,1256,174.9,38.7,33.3,52.1,624,23,0,221.9
2025-11-30 00:01:46+05:30,1256,165.6,37.7,33.4,50.5,631,21,3,181.8
2025-11-30 00:02:46+05:30,1256,170.7,41.0,33.7,50.6,728,38,4,205.8
2025-11-30 00:03:46+05:30,1256,168.4,38.1,33.2,53.5,631,23,3,175.4
2025-11-30 00:04:46+05:30,1256,169.9,43.0,33.3,52.8,646,23,2,179.8
2025-11-30 00:05:46+05:30,1256,165.0,39.7,33.3,50.0,553,18,4,179.9
2025-11-30 00:06:46+05:30,1256,169.4,42.9,33.7,50.8,593,24,5,212.1
2025-11-30 00:07:46+05:30,1256,167.7,37.7,33.6,54.8,618,15,2,190.7
2025-11-30 00:08:46+05:30,1256,172.6,40.8,33.3,48.0,616,16,5,205.3
2025-11-30 00:09:46+05:30,1256,167.5,42.6,33.3,52.4,652,36,5,191.0
2025-11-30 00:10:46+05:30,1256,172.0,37.6,33.2,53.9,693,35,7,213.8
2025-11-30 00:11:46+05:30,1256,173.1,39.3,33.4,54.3,696,47,8,140.1
2025-11-30 00:12:46+05:30,1256,165.9,38.4,33.2,55.6,698,23,5,174.9
2025-11-30 00:13:46+05:30,1256,169.1,47.7,33.1,50.2,633,21,0,173.2
2025-11-30 00:14:46+05:30,1256,171.0,41.4,33.2,53.5,662,27,4,189.6
2025-11-30 00:15:46+05:30,1256,168.1,41.9,33.4,50.0,642,43,0,181.4
2025-11-30 00:16:46+05:30,1256,174.5,38.5,33.2,54.2,580,16,0,152.7
2025-11-30 00:17:46+05:30,1256,175.2,43.7,32.9,51.1,604,50,4,225.3
2025-11-30 00:18:46+05:30,1256,168.5,42.6,33.4,55.2,707,20,7,177.0
2025-11-30 00:19:46+05:30,1256,171.0,38.7,33.2,54.7,648,18,2,134.5
2025-11-30 00:20:46+05:30,1256,173.6,40.9,33.1,51.7,629,36,5,181.1
2025-11-30 00:21:46+05:30,1256,167.4,39.1,33.1,54.1,740,22,4,155.8
2025-11-30 00:22:46+05:30,1256,163.8,40.5,33.2,50.7,651,28,8,206.9
2025-11-30 00:23:46+05:30,1256,175.1,40.3,33.2,48.5,565,42,3,173.1
2025-11-30 00:24:46+05:30,1256,168.5,43.5,33.5,50.7,599,35,3,190.4
2025-11-30 00:25:46+05:30,1256,168.3,43.6,33.5,48.1,695,23,3,164.0
2025-11-30 00:26:46+05:30,1256,171.0,42.6,33.4,52.5,658,43,3,184.4
2025-11-30 00:27:46+05:30,1256,170.3,36.2,33.2,51.6,570,25,5,221.9
2025-11-30 00:28:46+05:30,1256,170.2,42.7,33.5,48.7,634,44,4,226.4
2025-11-30 00:29:46+05:30,1256,175.5,38.3,33.1,51.8,617,28,1,209.3
2025-11-30 00:30:46+05:30,1256,164.8,40.6,34.2,53.0,684,30,11,165.4
2025-11-30 00:31:46+05:30,1256,168.9,38.1,33.5,52.4,599,32,4,165.0
2025-11-30 00:32:46+05:30,1256,171.5,37.4,33.5,52.9,610,21,7,159.4
2025-11-30 00:33:46+05:30,1256,171.4,39.7,33.2,56.5,688,13,4,224.8
2025-11-30 00:34:46+05:30,1256,172.3,41.7,33.7,52.9,604,15,5,141.0
2025-11-30 00:35:46+05:30,1256,165.8,39.1,33.8,54.9,608,33,5,199.6
2025-11-30 00:36:46+05:30,1256,165.5,39.2,33.6,52.8,636,24,4,187.5
2025-11-30 00:37:46+05:30,1256,176.1,35.3,33.7,53.7,641,34,2,188.7
2025-11-30 00:38:46+05:30,1256,168.9,38.9,33.6,52.4,679,22,7,168.0
2025-11-30 00:39:46+05:30,1256,167.4,39.4,32.8,49.5,622,45,1,166.5
2025-11-30 00:40:46+05:30,1256,171.6,41.2,33.5,51.2,703,36,3,181.7
2025-11-30 00:41:46+05:30,1256,173.0,35.0,33.3,53.0,693,23,4,191.5
2025-11-30 00:42:46+05:30,1256,172.8,42.7,33.0,50.6,645,32,5,154.8
2025-11-30 00:43:46+05:30,1256,171.2,39.7,34.0,52.8,609,14,7,197.6
2025-11-30 00:44:46+05:30,1256,167.5,43.8,33.4,50.9,652,22,7,176.5
2025-11-30 00:45:46+05:30,1256,169.2,39.8,33.3,53.4,638,25,2,167.5
2025-11-30 00:46:46+05:30,1256,165.7,40.2,32.6,52.8,620,23,0,172.9
2025-11-30 00:47:46+05:30,1256,171.5,37.2,33.0,52.0,664,24,0,216.7
2025-11-30 00:48:46+05:30,1256,164.9,40.5,33.4,51.6,651,27,4,203.8
2025-11-30 00:49:46+05:30,1256,168.6,41.8,33.3,51.4,771,28,1,182.8
2025-11-30 00:50:46+05:30,1256,169.3,39.1,33.0,51.5,744,26,1,174.4
2025-11-30 00:51:46+05:30,1256,173.1,41.5,33.7,51.4,701,52,9,181.1
2025-11-30 00:52:46+05:30,1256,170.4,43.7,33.3,52.3,713,26,6,168.9
2025-11-30 00:53:46+05:30,1256,169.5,39.5,33.2,49.1,604,32,9,131.1
2025-11-30 00:54:46+05:30,1256,167.0,40.1,33.4,52.0,659,25,7,216.4
2025-11-30 00:55:46+05:30,1256,171.8,38.3,33.2,55.7,688,37,4,156.9
2025-11-30 00:56:46+05:30,1256,167.8,39.0,32.9,52.6,693,28,8,168.0
2025-11-30 00:57:46+05:30,1256,167.9,42.0,33.4,52.7,617,47,1,148.0
2025-11-30 00:58:46+05:30,1256,170.7,37.4,34.0,52.9,620,38,4,176.0
2025-11-30 00:59:46+05:30,1256,168.8,38.5,33.3,57.2,558,27,5,164.5
2025-11-30 01:00:46+05:30,1256,170.6,43.2,33.1,50.3,617,18,0,196.7
2025-11-30 01:01:46+05:30,1256,168.4,40.8,33.2,49.7,660,43,4,181.9
2025-11-30 01:02:46+05:30,1256,171.5,38.1,33.1,51.9,704,37,4,153.8
2025-11-30 01:03:46+05:30,1256,169.5,43.2,33.3,51.3,618,36,8,194.1
2025-11-30 01:04:46+05:30,1256,170.2,40.1,33.4,48.4,761,32,2,186.8
2025-11-30 01:05:46+05:30,1256,169.9,37.5,33.0,48.2,718,35,0,171.1
2025-11-30 01:06:46+05:30,1256,170.6,43.2,33.0,50.4,614,38,3,142.8
2025-11-30 01:07:46+05:30,1256,168.3,42.8,33.5,52.6,613,39,6,191.0
2025-11-30 01:08:46+05:30,1256,171.6,44.8,33.4,52.4,690,20,5,179.9
2025-11-30 01:09:46+05:30,1256,167.0,43.1,33.1,51.6,584,24,8,188.0
2025-11-30 01:10:46+05:30,1256,169.6,36.9,33.9,54.5,657,38,1,174.2
2025-11-30 01:11:46+05:30,1256,168.8,40.8,32.9,52.9,810,28,3,162.8
2025-11-30 01:12:46+05:30,1256,169.8,37.2,33.2,53.6,647,30,3,162.8
2025-11-30 01:13:46+05:30,1256,167.9,42.6,33.2,52.2,660,42,7,185.2
2025-11-30 01:14:46+05:30,1256,174.9,42.9,33.2,52.2,703,31,5,157.7
2025-11-30 01:15:46+05:30,1256,164.4,43.0,33.9,55.1,678,29,4,177.8
2025-11-30 01:16:46+05:30,1256,168.7,46.1,33.4,50.4,735,42,2,133.0
2025-11-30 01:17:46+05:30,1256,164.8,43.1,33.1,54.3,744,41,9,186.5
2025-11-30 01:18:46+05:30,1256,171.5,50.8,33.2,51.5,665,34,3,194.2
2025-11-30 01:19:46+05:30,1256,168.5,38.5,33.1,55.7,528,35,5,181.7
2025-11-30 01:20:46+05:30,1256,175.8,38.8,33.2,50.7,709,30,5,187.7
2025-11-30 01:21:46+05:30,1256,170.4,37.9,33.0,51.8,653,31,6,195.8
2025-11-30 01:22:46+05:30,1256,173.0,37.3,33.0,51.9,658,31,5,205.8
2025-11-30 01:23:46+05:30,1256,167.3,40.6,33.4,56.4,668,25,9,139.7
2025-11-30 01:24:46+05:30,1256,167.4,37.1,33.8,49.4,666,21,8,155.0
2025-11-30 01:25:46+05:30,1256,166.3,38.2,33.2,49.4,743,40,6,213.1
2025-11-30 01:26:46+05:30,1256,172.3,42.2,33.6,51.7,646,26,1,196.7
2025-11-30 01:27:46+05:30,1256,167.2,38.9,33.7,49.8,586,47,0,180.1
2025-11-30 01:28:46+05:30,1256,168.3,42.4,33.5,51.0,633,17,6,168.3
2025-11-30 01:29:46+05:30,1256,173.8,35.3,34.0,51.0,766,33,6,178.8
2025-11-30 01:30:46+05:30,1256,172.2,33.7,33.2,53.0,722,19,5,210.6
2025-11-30 01:31:46+05:30,1256,172.4,43.6,33.5,51.3,648,18,2,150.5
2025-11-30 01:32:46+05:30,1256,169.2,38.9,33.0,53.1,625,32,6,182.3
2025-11-30 01:33:46+05:30,1256,171.1,39.3,32.6,50.2,612,30,4,182.6
2025-11-30 01:34:46+05:30,1256,168.0,39.7,33.5,53.0,677,45,4,191.9
2025-11-30 01:35:46+05:30,1256,167.8,39.3,33.0,55.5,659,21,5,164.5
2025-11-30 01:36:46+05:30,1256,169.6,39.8,33.2,51.0,647,25,3,212.5
2025-11-30 01:37:46+05:30,1256,164.9,43.5,33.1,54.5,620,29,8,204.6
2025-11-30 01:38:46+05:30,1256,165.4,45.0,33.0,53.6,706,28,4,166.3
2025-11-30 01:39:46+05:30,1256,171.6,37.8,33.0,48.0,630,25,1,198.7
2025-11-30 01:40:46+05:30,1256,163.1,37.4,33.0,49.9,693,24,3,179.5
2025-11-30 01:41:46+05:30,1256,172.3,45.3,32.6,51.9,672,39,7,148.0
2025-11-30 01:42:46+05:30,1256,169.8,41.9,32.8,56.2,535,36,8,199.2
2025-11-30 01:43:46+05:30,1256,166.4,39.2,33.1,53.2,634,32,9,172.8
2025-11-30 01:44:46+05:30,1256,168.0,42.9,33.2,54.4,662,33,8,153.6
2025-11-30 01:45:46+05:30,1256,168.9,39.3,33.4,51.6,656,23,5,184.6
2025-11-30 01:46:46+05:30,1256,167.3,36.1,33.3,51.3,617,36,6,186.3
2025-11-30 01:47:46+05:30,1256,169.8,40.4,32.8,51.0,721,37,0,196.8
2025-11-30 01:48:46+05:30,1256,170.8,41.5,33.2,52.0,693,22,8,175.7
2025-11-30 01:49:46+05:30,1256,167.4,41.5,33.3,52.7,673,20,1,184.4
2025-11-30 01:50:46+05:30,1256,169.0,48.0,33.5,51.1,733,31,1,178.6
2025-11-30 01:51:46+05:30,1256,171.0,38.7,33.9,47.6,649,29,3,196.3
2025-11-30 01:52:46+05:30,1256,171.1,38.7,33.2,49.1,675,25,7,154.5
2025-11-30 01:53:46+05:30,1256,166.2,44.5,33.4,53.2,634,53,5,161.7
2025-11-30 01:54:46+05:30,1256,170.1,45.3,33.6,49.3,735,27,0,152.4
2025-11-30 01:55:46+05:30,1256,172.9,37.7,33.2,50.8,639,36,6,183.1
2025-11-30 01:56:46+05:30,1256,171.7,36.3,33.7,54.7,656,15,0,180.4
2025-11-30 01:57:46+05:30,1256,167.8,40.3,33.7,53.2,646,45,9,186.6
2025-11-30 01:58:46+05:30,1256,170.0,43.3,34.0,52.9,652,30,8,195.3
2025-11-30 01:59:46+05:30,1256,169.7,42.1,33.5,51.1,695,34,3,201.6
2025-11-30 02:00:46+05:30,1256,169.3,42.5,33.2,53.8,582,12,7,184.6
2025-11-30 02:01:46+05:30,1256,172.8,41.5,33.0,52.7,715,26,2,160.1
2025-11-30 02:02:46+05:30,1256,169.9,35.6,33.2,53.9,661,26,3,198.3
2025-11-30 02:03:46+05:30,1256,161.9,38.2,33.7,50.3,657,24,3,164.2
2025-11-30 02:04:46+05:30,1256,171.2,37.6,33.8,52.4,617,7,2,174.4
2025-11-30 02:05:46+05:30,1256,172.3,38.8,33.5,53.3,627,43,5,179.9
2025-11-30 02:06:46+05:30,1256,172.0,40.5,33.3,53.1,537,24,6,211.9
2025-11-30 02:07:46+05:30,1256,168.5,40.7,32.9,52.8,612,36,2,152.6
2025-11-30 02:08:46+05:30,1256,168.9,45.8,33.2,50.2,675,43,5,189.3
2025-11-30 02:09:46+05:30,1256,169.0,40.7,33.2,48.2,664,32,3,175.5
2025-11-30 02:10:46+05:30,1256,167.0,42.9,32.9,51.1,613,27,4,172.7
2025-11-30 02:11:46+05:30,1256,169.5,43.2,33.5,50.4,604,15,8,181.9
2025-11-30 02:12:46+05:30,1256,166.5,38.3,33.4,51.5,694,34,9,179.1
2025-11-30 02:13:46+05:30,1256,169.7,42.4,33.5,51.8,593,20,8,205.2
2025-11-30 02:14:46+05:30,1256,168.5,39.5,32.8,47.7,675,44,1,173.5
2025-11-30 02:15:46+05:30,1256,167.6,31.8,33.3,55.7,521,29,6,164.4
2025-11-30 02:16:46+05:30,1256,171.1,46.1,33.4,50.1,715,37,7,174.8
2025-11-30 02:17:46+05:30,1256,169.8,41.6,33.6,56.1,639,20,1,166.5
2025-11-30 02:18:46+05:30,1256,163.7,40.7,32.8,54.5,710,25,5,179.2
2025-11-30 02:19:46+05:30,1256,167.4,39.1,33.5,52.1,575,31,6,133.6
2025-11-30 02:20:46+05:30,1256,172.6,46.5,33.1,52.1,629,28,0,176.3
2025-11-30 02:21:46+05:30,1256,174.3,39.3,33.0,51.6,749,34,5,167.4
2025-11-30 02:22:46+05:30,1256,168.4,36.1,33.0,56.2,693,36,4,178.8
2025-11-30 02:23:46+05:30,1256,172.1,42.0,33.3,53.3,715,35,5,195.3
2025-11-30 02:24:46+05:30,1256,169.0,38.1,33.8,51.6,658,32,6,197.6
2025-11-30 02:25:46+05:30,1256,171.7,41.9,33.2,54.8,647,45,4,183.4
2025-11-30 02:26:46+05:30,1256,176.0,31.7,33.1,49.8,673,39,11,174.0
2025-11-30 02:27:46+05:30,1256,170.6,36.3,33.3,53.1,677,24,7,208.9
2025-11-30 02:28:46+05:30,1256,169.4,38.2,33.8,53.3,685,32,2,210.1
2025-11-30 02:29:46+05:30,1256,168.5,40.1,33.0,52.6,606,25,4,175.1
2025-11-30 02:30:46+05:30,1256,173.7,40.5,33.7,53.3,674,40,4,217.7
2025-11-30 02:31:46+05:30,1256,173.6,44.9,33.5,52.6,571,50,1,171.5
2025-11-30 02:32:46+05:30,1256,165.2,43.5,33.5,50.6,629,14,3,150.1
2025-11-30 02:33:46+05:30,1256,169.3,38.9,33.6,48.1,647,33,3,178.7
2025-11-30 02:34:46+05:30,1256,173.8,37.5,33.7,53.9,613,27,5,163.0
2025-11-30 02:35:46+05:30,1256,172.6,39.9,33.2,47.6,685,28,6,193.8
2025-11-30 02:36:46+05:30,1256,171.5,38.9,32.9,52.2,648,32,7,163.2
2025-11-30 02:37:46+05:30,1256,168.1,37.1,33.4,51.9,650,17,7,182.6
2025-11-30 02:38:46+05:30,1256,171.1,39.8,33.6,56.7,654,42,3,130.5
2025-11-30 02:39:46+05:30,1256,169.7,40.3,33.5,53.5,628,11,5,189.9
2025-11-30 02:40:46+05:30,1256,172.7,40.1,33.8,51.7,630,49,9,165.5
2025-11-30 02:41:46+05:30,1256,171.4,39.8,33.5,48.2,608,25,10,181.4
2025-11-30 02:42:46+05:30,1256,170.0,40.2,33.4,54.4,639,27,5,168.3
2025-11-30 02:43:46+05:30,1256,173.5,45.6,32.9,54.2,691,20,8,141.5
2025-11-30 02:44:46+05:30,1256,171.8,39.4,33.0,51.2,618,10,2,174.2
2025-11-30 02:45:46+05:30,1256,169.4,40.9,33.6,53.4,702,19,7,183.8
2025-11-30 02:46:46+05:30,1256,172.3,42.3,33.4,54.3,507,29,1,209.7
2025-11-30 02:47:46+05:30,1256,164.6,42.2,33.3,50.7,587,35,5,190.7
2025-11-30 02:48:46+05:30,1256,168.6,41.1,33.5,52.2,700,33,5,159.9
2025-11-30 02:49:46+05:30,1256,170.8,38.0,33.5,54.2,698,34,0,198.5
2025-11-30 02:50:46+05:30,1256,173.5,38.8,33.3,53.6,733,26,6,166.9
2025-11-30 02:51:46+05:30,1256,171.1,44.7,33.2,51.6,758,34,1,173.8
2025-11-30 02:52:46+05:30,1256,173.1,40.5,33.2,47.6,689,17,0,203.1
2025-11-30 02:53:46+05:30,1256,166.0,38.1,33.2,56.3,709,46,1,174.1
2025-11-30 02:54:46+05:30,1256,172.6,41.8,33.4,55.0,656,27,4,176.3
2025-11-30 02:55:46+05:30,1256,169.5,41.4,33.2,52.7,680,28,6,177.4
2025-11-30 02:56:46+05:30,1256,169.4,40.3,33.1,53.7,547,28,2,186.4
2025-11-30 02:57:46+05:30,1256,167.1,39.6,33.5,53.1,712,33,3,172.9
2025-11-30 02:58:46+05:30,1256,170.7,36.8,32.9,55.3,592,34,3,211.6
2025-11-30 02:59:46+05:30,1256,173.7,37.4,32.9,52.7,693,34,0,210.8
2025-11-30 03:00:46+05:30,1256,171.4,41.6,33.1,50.4,653,25,6,174.1
2025-11-30 03:01:46+05:30,1256,175.8,37.4,33.7,51.1,674,23,3,177.7
2025-11-30 03:02:46+05:30,1256,172.7,48.2,33.4,53.8,756,26,1,166.2
2025-11-30 03:03:46+05:30,1256,167.2,36.0,33.4,55.2,586,31,3,203.9
2025-11-30 03:04:46+05:30,1256,165.2,45.2,33.4,54.0,674,33,3,159.5
2025-11-30 03:05:46+05:30,1256,173.2,38.3,33.8,50.4,702,16,2,141.4
2025-11-30 03:06:46+05:30,1256,171.7,37.2,33.7,54.3,661,35,2,185.4
2025-11-30 03:07:46+05:30,1256,166.9,38.2,33.6,50.2,604,25,4,145.0
2025-11-30 03:08:46+05:30,1256,173.1,43.5,33.0,51.5,691,33,5,194.5
2025-11-30 03:09:46+05:30,1256,169.9,42.9,33.4,51.1,610,36,0,217.8
2025-11-30 03:10:46+05:30,1256,169.4,37.9,33.1,54.0,696,24,5,214.3
2025-11-30 03:11:46+05:30,1256,174.8,37.3,33.2,55.4,647,26,13,197.9
2025-11-30 03:12:46+05:30,1256,168.1,37.9,32.7,50.6,753,30,6,158.5
2025-11-30 03:13:46+05:30,1256,170.0,38.9,33.4,53.2,676,19,4,185.3
2025-11-30 03:14:46+05:30,1256,167.6,41.1,33.2,54.9,676,27,10,150.1
2025-11-30 03:15:46+05:30,1256,173.1,43.6,33.8,51.0,707,17,1,162.6
2025-11-30 03:16:46+05:30,1256,168.8,38.4,33.5,53.9,716,22,3,194.5
2025-11-30 03:17:46+05:30,1256,167.0,34.5,33.1,50.1,608,25,7,188.8
2025-11-30 03:18:46+05:30,1256,168.9,37.9,33.3,53.2,593,36,8,220.1
2025-11-30 03:19:46+05:30,1256,170.0,39.9,32.9,55.3,632,42,4,172.0
2025-11-30 03:20:46+05:30,1256,173.7,45.2,33.4,50.5,697,39,8,188.9
2025-11-30 03:21:46+05:30,1256,166.4,38.6,33.4,54.8,667,34,6,181.2
2025-11-30 03:22:46+05:30,1256,171.1,34.4,33.7,49.3,637,11,7,191.3
2025-11-30 03:23:46+05:30,1256,170.4,40.3,33.3,53.5,687,31,0,152.3
2025-11-30 03:24:46+05:30,1256,172.9,43.6,33.4,54.7,628,18,8,195.0
2025-11-30 03:25:46+05:30,1256,175.0,40.2,33.1,51.9,531,21,4,207.4
2025-11-30 03:26:46+05:30,1256,169.1,40.5,33.4,51.0,681,43,4,188.2
2025-11-30 03:27:46+05:30,1256,171.1,40.3,32.8,52.2,573,25,1,175.9
2025-11-30 03:28:46+05:30,1256,170.7,40.7,33.2,54.9,700,22,0,185.8
2025-11-30 03:29:46+05:30,1256,168.7,41.4,32.9,55.3,685,33,8,209.2
2025-11-30 03:30:46+05:30,1256,171.6,35.2,33.2,52.7,646,23,5,186.4
2025-11-30 03:31:46+05:30,1256,170.7,36.0,33.3,51.8,604,21,2,181.9
2025-11-30 03:32:46+05:30,1256,172.1,36.6,33.1,48.5,687,9,0,190.5
2025-11-30 03:33:46+05:30,1256,174.2,45.1,33.4,53.5,778,26,1,170.1
2025-11-30 03:34:46+05:30,1256,174.2,41.8,33.3,52.0,611,22,5,201.4
2025-11-30 03:35:46+05:30,1256,173.2,45.1,33.5,55.1,719,45,3,176.9
2025-11-30 03:36:46+05:30,1256,167.9,41.1,33.6,51.2,772,33,8,197.8
2025-11-30 03:37:46+05:30,1256,169.8,42.7,34.0,55.9,682,33,10,186.1
2025-11-30 03:38:46+05:30,1256,171.2,32.8,32.7,56.5,570,19,5,191.9
2025-11-30 03:39:46+05:30,1256,177.0,39.2,33.1,50.9,669,29,3,191.3
2025-11-30 03:40:46+05:30,1256,172.4,45.2,33.1,50.1,544,33,5,165.6
2025-11-30 03:41:46+05:30,1256,168.8,46.1,32.8,55.2,684,23,12,160.5
2025-11-30 03:42:46+05:30,1256,166.1,41.8,33.3,50.9,559,34,8,200.3
2025-11-30 03:43:46+05:30,1256,171.4,40.9,33.1,50.6,696,43,6,203.0
2025-11-30 03:44:46+05:30,1256,173.3,39.8,33.6,49.9,677,24,0,166.3
2025-11-30 03:45:46+05:30,1256,167.4,39.8,34.3,50.0,650,25,1,191.9
2025-11-30 03:46:46+05:30,1256,165.3,37.5,32.6,52.4,566,27,2,198.1
2025-11-30 03:47:46+05:30,1256,169.0,43.2,33.3,56.1,661,25,10,151.7
2025-11-30 03:48:46+05:30,1256,176.8,44.4,33.2,54.1,624,26,7,183.9
2025-11-30 03:49:46+05:30,1256,167.5,42.4,33.1,51.2,662,6,10,187.6
2025-11-30 03:50:46+05:30,1256,165.9,38.6,33.2,51.6,631,29,3,184.0
2025-11-30 03:51:46+05:30,1256,172.8,39.3,33.8,54.3,666,32,3,130.2
2025-11-30 03:52:46+05:30,1256,168.2,40.1,32.5,52.4,593,31,1,179.8
2025-11-30 03:53:46+05:30,1256,171.5,37.1,32.7,51.4,649,26,9,180.4
2025-11-30 03:54:46+05:30,1256,174.5,37.1,33.4,50.8,593,38,1,182.4
2025-11-30 03:55:46+05:30,1256,166.9,41.1,33.4,51.8,665,20,5,187.0
2025-11-30 03:56:46+05:30,1256,167.0,31.7,32.8,54.0,609,14,7,190.9
2025-11-30 03:57:46+05:30,1256,172.4,38.0,33.1,54.1,570,36,2,190.2
2025-11-30 03:58:46+05:30,1256,168.5,45.9,33.3,52.2,759,22,8,185.0
2025-11-30 03:59:46+05:30,1256,165.9,39.1,33.1,50.7,675,21,0,150.0
2025-11-30 04:00:46+05:30,1256,175.2,36.0,33.1,55.0,662,34,0,216.5
2025-11-30 04:01:46+05:30,1256,172.6,41.6,33.7,56.3,609,21,8,184.3
2025-11-30 04:02:46+05:30,1256,167.2,39.5,33.2,50.7,604,26,7,186.5
2025-11-30 04:03:46+05:30,1256,165.0,38.3,33.4,49.6,620,14,5,142.8
2025-11-30 04:04:46+05:30,1256,170.5,34.6,33.2,53.6,646,29,9,192.0
2025-11-30 04:05:46+05:30,1256,168.4,40.5,33.5,52.8,667,17,7,148.4
2025-11-30 04:06:46+05:30,1256,170.1,34.1,33.6,52.2,666,31,5,211.5
2025-11-30 04:07:46+05:30,1256,168.6,42.7,32.9,51.5,536,36,7,175.9
2025-11-30 04:08:46+05:30,1256,167.2,40.4,33.2,50.6,654,29,4,196.4
2025-11-30 04:09:46+05:30,1256,175.1,36.8,33.3,55.3,714,26,5,176.7
2025-11-30 04:10:46+05:30,1256,167.3,43.0,33.4,51.4,628,19,6,188.9
2025-11-30 04:11:46+05:30,1256,168.6,35.8,33.3,51.2,718,36,8,196.5
2025-11-30 04:12:46+05:30,1256,171.7,35.5,33.9,52.1,584,24,2,179.4
2025-11-30 04:13:46+05:30,1256,168.6,38.8,33.9,52.4,650,20,0,179.1
2025-11-30 04:14:46+05:30,1256,169.2,43.6,32.8,51.6,625,17,4,160.3
2025-11-30 04:15:46+05:30,1256,167.1,42.9,33.3,50.0,700,23,2,195.9
2025-11-30 04:16:46+05:30,1256,173.3,40.2,33.3,52.9,636,30,5,202.6
2025-11-30 04:17:46+05:30,1256,169.6,35.1,33.5,51.6,645,20,9,190.7
2025-11-30 04:18:46+05:30,1256,172.5,37.4,33.3,50.4,576,31,1,174.1
2025-11-30 04:19:46+05:30,1256,170.4,44.5,33.6,52.8,710,22,2,166.6
2025-11-30 04:20:46+05:30,1256,172.7,39.5,32.9,51.2,619,41,2,177.6
2025-11-30 04:21:46+05:30,1256,170.4,33.7,33.0,52.4,673,29,4,140.8
2025-11-30 04:22:46+05:30,1256,167.5,39.5,33.9,52.1,625,11,5,192.4
2025-11-30 04:23:46+05:30,1256,169.5,44.4,33.3,55.1,682,24,6,170.1
2025-11-30 04:24:46+05:30,1256,171.7,40.8,33.1,55.8,661,28,9,209.3
2025-11-30 04:25:46+05:30,1256,174.7,38.3,33.8,51.0,661,49,2,186.0
2025-11-30 04:26:46+05:30,1256,168.8,42.9,33.0,52.8,550,11,3,171.1
2025-11-30 04:27:46+05:30,1256,172.4,38.0,33.8,51.3,607,55,6,190.3
2025-11-30 04:28:46+05:30,1256,173.4,42.5,33.8,51.8,604,26,2,171.6
2025-11-30 04:29:46+05:30,1256,167.7,35.8,34.1,49.3,601,28,7,191.0
2025-11-30 04:30:46+05:30,1256,172.8,38.9,33.1,52.2,731,31,1,176.9
2025-11-30 04:31:46+05:30,1256,168.7,39.6,33.4,53.7,611,23,2,175.4
2025-11-30 04:32:46+05:30,1256,169.8,41.1,34.0,53.0,678,57,5,210.1
2025-11-30 04:33:46+05:30,1256,176.2,42.6,33.4,50.0,628,34,0,184.2
2025-11-30 04:34:46+05:30,1256,167.7,35.9,32.7,52.0,658,27,5,169.8
2025-11-30 04:35:46+05:30,1256,171.9,33.4,33.1,54.8,641,23,8,185.7
2025-11-30 04:36:46+05:30,1256,168.8,42.5,33.3,54.9,612,19,5,190.7
2025-11-30 04:37:46+05:30,1256,174.2,44.1,33.1,50.3,711,28,4,193.8
2025-11-30 04:38:46+05:30,1256,169.2,42.5,33.4,51.6,697,28,2,172.4
2025-11-30 04:39:46+05:30,1256,167.5,34.5,33.5,51.2,633,39,6,150.1
2025-11-30 04:40:46+05:30,1256,168.2,35.6,32.9,49.8,660,26,3,146.4
2025-11-30 04:41:46+05:30,1256,168.8,41.3,33.4,51.2,693,29,2,154.7
2025-11-30 04:42:46+05:30,1256,166.2,42.0,33.0,49.8,640,20,5,196.2
2025-11-30 04:43:46+05:30,1256,171.5,43.4,33.0,51.8,663,14,6,183.6
2025-11-30 04:44:46+05:30,1256,171.2,43.2,33.1,51.8,685,39,7,178.7
2025-11-30 04:45:46+05:30,1256,167.7,35.0,33.0,53.0,674,23,2,179.9
2025-11-30 04:46:46+05:30,1256,168.4,33.3,33.3,50.3,645,23,2,197.0
2025-11-30 04:47:46+05:30,1256,168.7,42.6,33.2,54.6,726,32,6,187.4
2025-11-30 04:48:46+05:30,1256,174.7,34.0,33.0,51.0,602,49,5,203.1
2025-11-30 04:49:46+05:30,1256,173.9,40.4,32.9,51.7,650,34,4,175.7
2025-11-30 04:50:46+05:30,1256,168.5,39.6,32.9,50.7,590,11,7,167.2
2025-11-30 04:51:46+05:30,1256,163.2,36.8,33.2,51.6,714,25,0,176.9
2025-11-30 04:52:46+05:30,1256,168.8,37.6,34.1,51.3,625,33,0,160.1
2025-11-30 04:53:46+05:30,1256,171.4,36.1,32.7,53.9,663,23,4,186.7
2025-11-30 04:54:46+05:30,1256,167.8,43.2,33.5,56.4,677,25,4,176.3
2025-11-30 04:55:46+05:30,1256,167.8,36.7,32.8,47.9,548,49,0,183.6
2025-11-30 04:56:46+05:30,1256,168.9,38.7,33.5,53.1,635,46,8,163.2
2025-11-30 04:57:46+05:30,1256,168.8,35.6,33.2,50.9,704,32,9,189.0
2025-11-30 04:58:46+05:30,1256,170.9,39.8,33.0,48.4,635,28,4,192.1
2025-11-30 04:59:46+05:30,1256,169.3,40.4,33.7,53.3,719,38,7,156.1
2025-11-30 05:00:46+05:30,1256,170.4,45.6,33.5,52.0,633,16,6,166.4
2025-11-30 05:01:46+05:30,1256,163.3,38.9,33.3,51.3,612,25,4,205.8
2025-11-30 05:02:46+05:30,1256,171.9,38.0,33.7,56.4,684,27,2,157.9
2025-11-30 05:03:46+05:30,1256,171.0,43.3,34.0,50.4,626,32,8,192.7
2025-11-30 05:04:46+05:30,1256,170.8,34.7,33.7,45.4,647,12,6,143.1
2025-11-30 05:05:46+05:30,1256,165.7,38.6,33.6,54.5,701,23,13,180.2
2025-11-30 05:06:46+05:30,1256,176.9,38.0,33.3,52.6,682,40,5,216.3
2025-11-30 05:07:46+05:30,1256,163.8,45.2,33.1,54.5,625,27,10,174.9
2025-11-30 05:08:46+05:30,1256,168.8,42.4,32.9,45.3,696,36,2,191.7
2025-11-30 05:09:46+05:30,1256,165.7,42.0,33.3,51.7,725,28,8,196.8
2025-11-30 05:10:46+05:30,1256,170.5,37.4,33.4,54.3,676,29,2,186.0
2025-11-30 05:11:46+05:30,1256,174.7,38.0,33.2,49.5,608,40,4,200.3
2025-11-30 05:12:46+05:30,1256,174.7,38.8,33.7,50.9,635,23,5,161.5
2025-11-30 05:13:46+05:30,1256,170.6,44.8,33.3,48.8,564,17,2,206.6
2025-11-30 05:14:46+05:30,1256,174.2,43.6,33.2,51.9,675,32,0,189.3
2025-11-30 05:15:46+05:30,1256,170.1,41.0,32.8,50.2,663,44,8,194.5
2025-11-30 05:16:46+05:30,1256,167.7,40.5,33.0,52.1,672,24,5,158.9
2025-11-30 05:17:46+05:30,1256,166.5,48.9,33.0,56.5,679,33,5,140.4
2025-11-30 05:18:46+05:30,1256,168.0,44.9,33.4,49.4,636,27,0,191.0
2025-11-30 05:19:46+05:30,1256,170.2,35.4,32.9,51.9,616,22,10,182.8
2025-11-30 05:20:46+05:30,1256,172.1,40.2,33.2,50.9,653,16,1,231.8
2025-11-30 05:21:46+05:30,1256,170.3,35.7,33.0,53.2,698,15,12,209.9
2025-11-30 05:22:46+05:30,1256,170.0,42.7,33.4,51.5,580,16,6,185.5
2025-11-30 05:23:46+05:30,1256,166.0,39.5,33.4,52.3,657,29,4,212.7
2025-11-30 05:24:46+05:30,1256,172.0,43.8,33.2,50.2,722,18,3,191.2
2025-11-30 05:25:46+05:30,1256,172.2,36.5,33.1,52.9,647,34,0,217.9
2025-11-30 05:26:46+05:30,1256,166.3,41.3,33.2,50.7,617,50,2,146.8
2025-11-30 05:27:46+05:30,1256,167.3,45.6,33.1,53.6,628,39,1,196.2
2025-11-30 05:28:46+05:30,1256,166.2,42.8,33.2,50.9,620,31,4,172.5
2025-11-30 05:29:46+05:30,1256,167.4,41.0,33.2,52.3,712,19,4,157.0
2025-11-30 05:30:46+05:30,1256,168.2,40.7,33.7,52.4,691,34,2,184.3
2025-11-30 05:31:46+05:30,1256,171.4,39.6,33.3,49.4,656,40,8,169.2
2025-11-30 05:32:46+05:30,1256,167.5,37.7,33.3,53.3,674,23,4,167.2
2025-11-30 05:33:46+05:30,1256,168.3,41.1,33.3,54.0,635,25,4,154.4
2025-11-30 05:34:46+05:30,1256,168.1,36.0,33.3,56.0,630,25,4,167.4
2025-11-30 05:35:46+05:30,1256,168.1,41.2,33.4,49.5,649,28,4,197.9
2025-11-30 05:36:46+05:30,1256,166.0,41.3,33.4,51.3,570,23,1,191.6
2025-11-30 05:37:46+05:30,1256,166.4,40.5,33.4,51.1,626,9,2,154.7
2025-11-30 05:38:46+05:30,1256,176.9,41.9,33.3,49.3,575,31,5,164.6
2025-11-30 05:39:46+05:30,1256,172.2,41.5,33.3,51.4,704,6,5,202.5
2025-11-30 05:40:46+05:30,1256,174.9,42.4,33.4,52.6,666,29,6,217.1
2025-11-30 05:41:46+05:30,1256,169.6,38.5,32.9,49.3,596,8,9,174.0
2025-11-30 05:42:46+05:30,1256,165.3,38.5,33.3,49.2,653,25,0,130.3
2025-11-30 05:43:46+05:30,1256,172.3,40.1,33.4,50.7,632,29,13,200.7
2025-11-30 05:44:46+05:30,1256,175.3,44.0,33.9,51.3,725,49,5,181.2
2025-11-30 05:45:46+05:30,1256,167.6,41.6,33.4,52.4,681,37,8,196.0
2025-11-30 05:46:46+05:30,1256,172.5,39.6,33.0,51.4,679,28,1,170.5
2025-11-30 05:47:46+05:30,1256,171.1,41.5,33.2,52.1,711,42,7,161.4
2025-11-30 05:48:46+05:30,1256,172.9,44.4,33.4,54.3,736,26,0,178.7
2025-11-30 05:49:46+05:30,1256,175.3,38.3,33.2,49.3,672,33,0,182.8
2025-11-30 05:50:46+05:30,1256,169.2,39.7,33.5,52.2,697,18,4,180.7
2025-11-30 05:51:46+05:30,1256,171.6,41.5,33.6,51.7,686,41,2,201.1
2025-11-30 05:52:46+05:30,1256,173.2,36.6,32.9,50.9,638,14,8,170.1
2025-11-30 05:53:46+05:30,1256,169.7,38.3,33.0,54.5,606,23,1,169.0
2025-11-30 05:54:46+05:30,1256,170.6,41.4,33.8,55.0,650,21,9,171.3
2025-11-30 05:55:46+05:30,1256,169.9,41.6,34.0,49.5,629,42,3,210.9
2025-11-30 05:56:46+05:30,1256,169.1,38.4,33.1,50.7,706,27,5,204.1
2025-11-30 05:57:46+05:30,1256,167.4,41.7,33.1,55.3,698,38,1,178.8
2025-11-30 05:58:46+05:30,1256,172.3,39.4,33.2,51.7,716,30,6,169.7
2025-11-30 05:59:46+05:30,1256,172.2,36.3,33.7,55.4,658,29,3,218.0
2025-11-30 06:00:46+05:30,1256,167.6,40.8,34.0,53.8,787,22,0,166.5
2025-11-30 06:01:46+05:30,1256,172.5,38.7,33.2,54.0,713,19,4,205.8
2025-11-30 06:02:46+05:30,1256,170.7,44.7,32.8,49.1,575,14,0,161.0
2025-11-30 06:03:46+05:30,1256,170.9,36.8,33.3,53.4,661,57,9,197.6
2025-11-30 06:04:46+05:30,1256,173.9,43.2,33.7,54.5,591,22,8,210.0
2025-11-30 06:05:46+05:30,1256,167.3,42.5,33.1,50.2,563,27,9,205.3
2025-11-30 06:06:46+05:30,1256,176.4,37.5,32.9,54.5,663,13,2,165.1
2025-11-30 06:07:46+05:30,1256,170.2,40.9,33.4,54.2,645,27,5,163.7
2025-11-30 06:08:46+05:30,1256,168.2,35.1,33.0,51.7,645,27,4,221.9
2025-11-30 06:09:46+05:30,1256,174.9,35.4,33.2,50.1,607,30,3,188.3
2025-11-30 06:10:46+05:30,1256,171.1,41.9,33.4,53.7,629,9,0,177.8
2025-11-30 06:11:46+05:30,1256,168.2,41.4,33.7,52.0,630,32,6,163.1
2025-11-30 06:12:46+05:30,1256,175.7,34.5,33.4,49.6,727,2,7,195.7
2025-11-30 06:13:46+05:30,1256,171.7,37.9,33.1,52.6,530,36,10,204.3
2025-11-30 06:14:46+05:30,1256,171.8,35.7,33.2,50.9,653,31,5,204.8
2025-11-30 06:15:46+05:30,1256,171.2,39.9,33.4,52.5,561,30,2,187.9
2025-11-30 06:16:46+05:30,1256,167.7,40.7,33.0,50.6,616,37,7,215.7
2025-11-30 06:17:46+05:30,1256,176.6,40.8,33.4,51.1,664,21,3,166.4
2025-11-30 06:18:46+05:30,1256,170.1,41.3,33.0,54.7,698,27,9,162.3
2025-11-30 06:19:46+05:30,1256,173.4,41.6,33.4,47.6,663,38,6,153.1
2025-11-30 06:20:46+05:30,1256,173.2,40.6,33.3,49.0,675,22,5,175.7
2025-11-30 06:21:46+05:30,1256,169.7,39.5,32.9,55.4,583,18,2,200.4
2025-11-30 06:22:46+05:30,1256,172.9,34.0,33.9,52.5,695,24,2,223.1
2025-11-30 06:23:46+05:30,1256,169.7,38.6,33.7,53.7,701,36,1,178.3
2025-11-30 06:24:46+05:30,1256,168.4,38.7,33.8,51.7,601,24,3,195.9
2025-11-30 06:25:46+05:30,1256,170.8,38.7,32.9,50.2,669,41,1,169.7
2025-11-30 06:26:46+05:30,1256,168.8,36.5,33.1,55.7,643,36,5,202.2
2025-11-30 06:27:46+05:30,1256,170.5,38.1,33.5,53.9,652,18,1,198.6
2025-11-30 06:28:46+05:30,1256,169.0,41.9,33.5,52.7,583,30,9,129.6
2025-11-30 06:29:46+05:30,1256,165.9,39.5,33.2,50.3,660,58,7,172.5
2025-11-30 06:30:46+05:30,1256,172.4,39.9,33.0,52.0,669,28,4,189.2
2025-11-30 06:31:46+05:30,1256,164.5,38.1,33.3,51.6,634,36,0,182.2
2025-11-30 06:32:46+05:30,1256,171.1,39.4,33.7,52.0,623,13,4,184.7
2025-11-30 06:33:46+05:30,1256,176.5,43.0,33.3,52.4,615,27,3,170.7
2025-11-30 06:34:46+05:30,1256,169.6,39.1,33.3,51.2,666,21,2,157.3
2025-11-30 06:35:46+05:30,1256,172.8,41.3,33.5,50.5,719,31,7,141.0
2025-11-30 06:36:46+05:30,1256,167.7,39.4,33.6,54.8,611,17,10,221.0
2025-11-30 06:37:46+05:30,1256,167.8,37.4,33.3,53.1,710,31,7,180.7
2025-11-30 06:38:46+05:30,1256,174.7,37.7,33.5,54.9,678,35,5,159.0
2025-11-30 06:39:46+05:30,1256,171.9,38.2,33.5,47.7,612,21,5,155.2
2025-11-30 06:40:46+05:30,1256,169.8,35.8,33.5,53.1,666,36,4,173.8
2025-11-30 06:41:46+05:30,1256,172.7,41.4,33.7,54.8,655,22,0,173.3
2025-11-30 06:42:46+05:30,1256,169.7,52.1,33.9,50.9,619,34,1,156.2
2025-11-30 06:43:46+05:30,1256,166.5,40.5,32.7,53.3,622,36,1,203.1
2025-11-30 06:44:46+05:30,1256,172.4,35.9,33.5,55.4,698,33,0,172.9
2025-11-30 06:45:46+05:30,1256,168.5,36.2,33.6,51.7,591,38,3,183.5
2025-11-30 06:46:46+05:30,1256,166.8,39.1,33.2,50.8,716,21,5,169.6
2025-11-30 06:47:46+05:30,1256,170.7,44.3,33.0,51.9,665,33,2,160.1
2025-11-30 06:48:46+05:30,1256,171.6,38.8,33.1,48.9,577,21,7,146.0
2025-11-30 06:49:46+05:30,1256,168.5,35.5,33.2,53.8,656,26,0,181.0
2025-11-30 06:50:46+05:30,1256,175.8,40.0,32.8,53.2,555,49,9,156.6
2025-11-30 06:51:46+05:30,1256,169.4,40.2,32.8,55.6,707,36,8,214.5
2025-11-30 06:52:46+05:30,1256,169.6,42.3,33.6,55.4,583,50,9,178.3
2025-11-30 06:53:46+05:30,1256,172.6,37.8,33.2,51.7,602,32,1,189.0
2025-11-30 06:54:46+05:30,1256,169.5,40.2,33.0,53.6,671,40,3,126.5
2025-11-30 06:55:46+05:30,1256,172.2,46.8,33.4,54.2,720,22,6,172.5
2025-11-30 06:56:46+05:30,1256,169.9,41.1,33.1,52.7,686,41,10,178.3
2025-11-30 06:57:46+05:30,1256,174.0,37.4,33.2,45.7,642,23,9,176.6
2025-11-30 06:58:46+05:30,1256,175.4,37.5,33.0,50.1,648,37,4,168.5
2025-11-30 06:59:46+05:30,1256,172.3,40.7,32.5,54.1,656,18,8,187.2
2025-11-30 07:00:46+05:30,1256,181.6,42.6,32.7,51.6,601,32,3,198.7
2025-11-30 07:01:46+05:30,1256,173.1,41.4,33.3,47.3,616,36,5,184.8
2025-11-30 07:02:46+05:30,1256,165.5,38.2,33.5,52.0,648,45,6,180.5
2025-11-30 07:03:46+05:30,1256,172.2,41.4,33.2,50.4,581,20,0,171.4
2025-11-30 07:04:46+05:30,1256,164.3,42.4,33.4,51.6,583,25,2,172.2
2025-11-30 07:05:46+05:30,1256,171.6,42.4,32.8,48.4,678,27,3,195.2
2025-11-30 07:06:46+05:30,1256,171.9,36.5,33.3,51.6,628,41,3,197.3
2025-11-30 07:07:46+05:30,1256,167.5,36.8,33.4,50.2,634,37,5,186.5
2025-11-30 07:08:46+05:30,1256,164.0,36.1,33.6,53.1,697,28,6,204.6
2025-11-30 07:09:46+05:30,1256,174.8,39.7,33.4,50.0,648,36,3,136.4
2025-11-30 07:10:46+05:30,1256,170.0,39.5,33.3,52.4,647,28,6,147.4
2025-11-30 07:11:46+05:30,1256,173.3,41.3,33.2,55.0,519,44,4,170.0
2025-11-30 07:12:46+05:30,1256,168.1,36.8,33.4,52.1,678,21,3,201.2
2025-11-30 07:13:46+05:30,1256,168.7,36.4,33.5,52.1,652,41,3,209.6
2025-11-30 07:14:46+05:30,1256,176.1,39.8,32.7,51.4,603,15,11,194.1
2025-11-30 07:15:46+05:30,1256,167.0,41.9,33.6,52.1,625,29,3,187.0
2025-11-30 07:16:46+05:30,1256,172.5,41.3,33.3,51.4,626,13,5,170.1
2025-11-30 07:17:46+05:30,1256,170.4,37.3,32.8,52.6,632,8,3,183.3
2025-11-30 07:18:46+05:30,1256,169.0,42.6,33.3,51.4,574,39,7,171.2
2025-11-30 07:19:46+05:30,1256,174.2,40.2,33.0,49.4,661,26,8,178.7
2025-11-30 07:20:46+05:30,1256,166.2,41.3,33.4,53.5,650,29,2,199.8
2025-11-30 07:21:46+05:30,1256,168.1,38.2,33.1,51.1,669,39,4,137.5
2025-11-30 07:22:46+05:30,1256,170.8,39.7,32.8,52.1,750,36,4,187.7
2025-11-30 07:23:46+05:30,1256,167.5,45.3,33.2,54.3,622,36,5,175.9
2025-11-30 07:24:46+05:30,1256,166.0,37.9,33.6,53.4,710,39,5,172.7
2025-11-30 07:25:46+05:30,1256,165.0,42.7,33.2,51.6,726,28,5,182.1
2025-11-30 07:26:46+05:30,1256,177.3,37.7,32.6,52.3,612,51,2,168.3
2025-11-30 07:27:46+05:30,1256,169.3,38.8,33.5,50.3,597,28,6,148.4
2025-11-30 07:28:46+05:30,1256,167.9,42.3,33.5,51.9,666,28,3,142.9
2025-11-30 07:29:46+05:30,1256,171.8,45.7,33.3,54.2,671,29,5,173.8
2025-11-30 07:30:46+05:30,1256,167.4,44.4,33.5,51.2,677,38,7,166.0
2025-11-30 07:31:46+05:30,1256,175.4,37.0,33.5,51.7,703,29,0,161.9
2025-11-30 07:32:46+05:30,1256,167.3,35.9,33.2,53.9,645,33,1,171.2
2025-11-30 07:33:46+05:30,1256,172.0,42.6,33.2,52.2,779,41,0,177.3
2025-11-30 07:34:46+05:30,1256,173.4,41.2,33.2,49.8,651,24,2,181.4
2025-11-30 07:35:46+05:30,1256,171.5,40.8,33.1,51.2,662,38,11,203.4
2025-11-30 07:36:46+05:30,1256,167.8,38.3,33.2,51.9,589,21,6,221.0
2025-11-30 07:37:46+05:30,1256,173.5,41.1,33.4,51.8,569,14,2,191.4
2025-11-30 07:38:46+05:30,1256,171.6,38.8,33.1,54.5,617,56,7,190.7
2025-11-30 07:39:46+05:30,1256,172.0,38.5,33.5,51.2,586,34,3,172.1
2025-11-30 07:40:46+05:30,1256,166.0,41.8,33.7,51.4,669,32,4,195.9
2025-11-30 07:41:46+05:30,1256,176.0,40.6,33.5,51.8,625,28,6,157.3
2025-11-30 07:42:46+05:30,1256,170.8,39.1,33.4,48.3,613,32,4,177.4
2025-11-30 07:43:46+05:30,1256,167.3,45.6,33.6,51.0,694,23,8,181.2
2025-11-30 07:44:46+05:30,1256,168.0,38.8,33.6,53.8,626,54,3,197.2
2025-11-30 07:45:46+05:30,1256,165.6,38.1,33.3,50.1,581,36,7,177.5
2025-11-30 07:46:46+05:30,1256,172.2,41.5,33.2,50.0,626,36,6,192.0
2025-11-30 07:47:46+05:30,1256,175.9,42.9,33.4,53.0,657,27,7,194.9
2025-11-30 07:48:46+05:30,1256,165.0,34.8,33.7,50.2,603,25,4,158.6
2025-11-30 07:49:46+05:30,1256,170.3,41.4,32.9,53.0,606,24,4,182.9
2025-11-30 07:50:46+05:30,1256,178.0,41.6,33.4,51.1,682,28,0,168.8
2025-11-30 07:51:46+05:30,1256,170.3,40.7,33.2,55.0,622,24,0,173.3
2025-11-30 07:52:46+05:30,1256,170.1,46.2,33.6,51.0,626,24,2,176.5
2025-11-30 07:53:46+05:30,1256,171.6,41.4,33.0,50.0,615,33,0,150.8
2025-11-30 07:54:46+05:30,1256,171.9,37.9,33.7,49.5,592,18,0,169.5
2025-11-30 07:55:46+05:30,1256,176.1,42.5,33.1,50.9,667,28,5,185.2
2025-11-30 07:56:46+05:30,1256,165.6,47.3,32.9,52.5,635,32,5,173.2
2025-11-30 07:57:46+05:30,1256,164.5,46.9,33.5,54.5,618,12,5,180.2
2025-11-30 07:58:46+05:30,1256,169.5,38.5,33.4,49.6,652,43,6,159.4
2025-11-30 07:59:46+05:30,1256,169.0,38.7,33.6,48.4,616,9,0,166.5
2025-11-30 08:00:46+05:30,1256,171.4,44.4,33.2,51.7,629,22,2,199.9
2025-11-30 08:01:46+05:30,1256,171.9,39.2,33.4,51.2,673,25,3,192.6
2025-11-30 08:02:46+05:30,1256,169.4,45.2,33.0,53.1,689,14,4,193.4
2025-11-30 08:03:46+05:30,1256,170.0,41.2,33.5,51.4,694,40,2,178.0
2025-11-30 08:04:46+05:30,1256,174.7,46.1,33.3,53.8,685,37,3,181.4
2025-11-30 08:05:46+05:30,1256,170.1,37.9,33.5,55.3,553,26,2,173.1
2025-11-30 08:06:46+05:30,1256,172.8,34.9,33.3,52.9,632,29,8,209.6
2025-11-30 08:07:46+05:30,1256,174.7,40.8,33.4,48.8,619,40,2,188.1
2025-11-30 08:08:46+05:30,1256,175.3,44.9,33.8,52.9,617,19,0,149.1
2025-11-30 08:09:46+05:30,1256,166.9,38.8,33.6,51.7,573,32,5,166.9
2025-11-30 08:10:46+05:30,1256,170.8,41.0,33.4,53.7,736,25,4,187.7
2025-11-30 08:11:46+05:30,1256,166.7,36.0,32.9,50.3,725,15,2,199.9
2025-11-30 08:12:46+05:30,1256,164.9,37.8,33.5,51.9,630,23,8,158.1
2025-11-30 08:13:46+05:30,1256,169.1,39.5,33.8,51.7,646,24,2,203.5
2025-11-30 08:14:46+05:30,1256,172.4,42.6,33.2,49.8,700,28,8,146.8
2025-11-30 08:15:46+05:30,1256,169.8,38.7,33.1,53.6,602,19,8,164.2
2025-11-30 08:16:46+05:30,1256,174.7,36.3,33.0,52.9,663,29,9,159.7
2025-11-30 08:17:46+05:30,1256,177.7,39.9,33.6,48.5,580,36,4,183.3
2025-11-30 08:18:46+05:30,1256,164.5,40.7,33.2,54.3,652,25,1,184.0
2025-11-30 08:19:46+05:30,1256,167.6,42.6,33.6,54.2,654,47,8,167.5
2025-11-30 08:20:46+05:30,1256,172.1,37.4,33.2,51.5,698,38,4,204.7
2025-11-30 08:21:46+05:30,1256,165.4,46.2,32.9,47.8,612,51,2,215.4
2025-11-30 08:22:46+05:30,1256,167.2,38.0,33.5,53.5,627,42,6,205.6
2025-11-30 08:23:46+05:30,1256,167.6,40.9,33.7,53.5,640,30,4,186.6
2025-11-30 08:24:46+05:30,1256,164.6,35.2,33.2,58.0,737,33,2,165.1
2025-11-30 08:25:46+05:30,1256,172.2,43.3,33.1,50.5,651,35,4,176.6
2025-11-30 08:26:46+05:30,1256,171.6,41.0,33.4,55.1,628,30,3,195.7
2025-11-30 08:27:46+05:30,1256,173.6,41.1,33.2,48.1,741,27,2,221.4
2025-11-30 08:28:46+05:30,1256,171.2,35.7,33.4,52.6,731,32,5,158.5
2025-11-30 08:29:46+05:30,1256,172.3,40.5,33.6,53.5,687,40,7,139.9
2025-11-30 08:30:46+05:30,1256,175.0,40.7,33.4,51.3,610,47,5,178.3
2025-11-30 08:31:46+05:30,1256,169.1,35.4,33.3,55.6,729,25,5,195.9
2025-11-30 08:32:46+05:30,1256,166.9,38.7,32.9,55.5,676,21,3,137.8
2025-11-30 08:33:46+05:30,1256,171.3,46.2,33.6,50.4,608,34,10,186.2
2025-11-30 08:34:46+05:30,1256,167.5,40.0,32.9,52.6,688,27,10,176.4
2025-11-30 08:35:46+05:30,1256,169.7,40.2,33.5,53.0,701,13,4,219.0
2025-11-30 08:36:46+05:30,1256,172.1,38.6,33.5,47.9,655,15,6,217.7
2025-11-30 08:37:46+05:30,1256,170.8,41.5,33.6,52.0,596,21,5,185.7
2025-11-30 08:38:46+05:30,1256,169.0,37.7,33.3,53.3,627,20,3,190.6
2025-11-30 08:39:46+05:30,1256,171.1,43.8,33.0,51.7,598,29,0,194.9
2025-11-30 08:40:46+05:30,1256,173.4,36.1,33.5,51.0,735,41,8,180.9
2025-11-30 08:41:46+05:30,1256,168.7,41.5,33.2,51.6,629,34,6,167.9
2025-11-30 08:42:46+05:30,1256,172.1,40.5,33.5,49.5,678,41,4,177.4
2025-11-30 08:43:46+05:30,1256,173.7,33.6,32.9,54.5,623,32,6,179.4
2025-11-30 08:44:46+05:30,1256,168.6,40.6,33.1,52.0,611,32,6,154.7
2025-11-30 08:45:46+05:30,1256,165.8,42.0,33.3,53.2,606,30,1,165.4
2025-11-30 08:46:46+05:30,1256,168.9,39.3,33.5,52.6,666,35,6,210.2
2025-11-30 08:47:46+05:30,1256,173.7,42.9,33.0,50.5,603,31,4,162.9
2025-11-30 08:48:46+05:30,1256,168.3,39.2,33.1,52.6,642,22,5,164.2
2025-11-30 08:49:46+05:30,1256,172.6,38.2,33.2,50.7,608,34,7,176.3
2025-11-30 08:50:46+05:30,1256,166.5,37.5,33.2,54.5,695,43,9,155.1
2025-11-30 08:51:46+05:30,1256,163.3,41.0,32.9,53.3,630,27,6,177.2
2025-11-30 08:52:46+05:30,1256,164.4,43.3,33.1,52.2,679,28,4,184.0
2025-11-30 08:53:46+05:30,1256,171.3,44.6,32.9,49.2,717,32,0,171.6
2025-11-30 08:54:46+05:30,1256,165.9,44.2,33.2,55.2,633,33,10,157.5
2025-11-30 08:55:46+05:30,1256,164.3,38.1,33.6,50.5,598,25,2,154.1
2025-11-30 08:56:46+05:30,1256,168.5,36.7,34.3,52.9,632,33,1,195.0
2025-11-30 08:57:46+05:30,1256,170.3,36.6,33.3,54.7,605,28,7,160.3
2025-11-30 08:58:46+05:30,1256,163.2,38.8,33.3,53.3,680,37,5,157.8
2025-11-30 08:59:46+05:30,1256,169.4,37.7,33.5,53.3,660,36,6,154.9
2025-11-30 09:00:46+05:30,1256,168.6,43.1,33.8,52.0,702,58,0,228.7
2025-11-30 09:01:46+05:30,1256,171.9,42.7,33.4,51.6,660,4,6,206.5
2025-11-30 09:02:46+05:30,1256,167.4,44.9,33.3,50.6,706,31,5,182.2
2025-11-30 09:03:46+05:30,1256,173.9,40.9,33.2,50.5,609,27,5,176.5
2025-11-30 09:04:46+05:30,1256,168.5,46.5,33.2,52.4,682,27,5,186.0
2025-11-30 09:05:46+05:30,1256,172.1,48.3,33.7,49.3,615,46,0,178.6
2025-11-30 09:06:46+05:30,1256,162.2,39.7,33.0,54.1,549,30,8,143.4
2025-11-30 09:07:46+05:30,1256,168.7,39.2,33.6,55.1,673,31,0,180.9
2025-11-30 09:08:46+05:30,1256,165.7,40.7,33.4,55.8,689,35,7,171.0
2025-11-30 09:09:46+05:30,1256,171.8,39.5,32.6,52.1,675,22,3,222.6
2025-11-30 09:10:46+05:30,1256,171.4,43.8,33.8,53.6,724,26,6,219.3
2025-11-30 09:11:46+05:30,1256,167.4,43.8,33.9,49.9,597,35,6,186.6
2025-11-30 09:12:46+05:30,1256,163.2,39.0,33.3,50.1,763,38,4,204.1
2025-11-30 09:13:46+05:30,1256,168.5,43.3,33.1,52.5,620,29,9,143.2
2025-11-30 09:14:46+05:30,1256,170.4,37.4,32.9,53.5,576,27,4,143.2
2025-11-30 09:15:46+05:30,1256,168.7,40.7,32.6,50.3,652,22,2,165.6
2025-11-30 09:16:46+05:30,1256,170.5,38.4,33.0,53.0,581,30,6,165.9
2025-11-30 09:17:46+05:30,1256,169.9,41.6,33.6,50.7,664,23,4,193.9
2025-11-30 09:18:46+05:30,1256,173.2,41.4,33.6,51.7,696,31,2,175.2
2025-11-30 09:19:46+05:30,1256,170.5,42.9,33.2,53.7,688,16,1,172.9
2025-11-30 09:20:46+05:30,1256,169.6,40.2,33.3,52.0,679,23,9,149.8
2025-11-30 09:21:46+05:30,1256,169.5,37.3,33.1,51.3,758,29,9,176.1
2025-11-30 09:22:46+05:30,1256,171.3,38.7,33.3,53.0,587,13,4,171.7
2025-11-30 09:23:46+05:30,1256,169.7,37.3,33.0,53.1,598,32,0,181.4
2025-11-30 09:24:46+05:30,1256,164.8,38.3,33.5,54.7,604,13,5,142.5
2025-11-30 09:25:46+05:30,1256,165.0,39.9,33.4,50.7,679,32,0,195.5
2025-11-30 09:26:46+05:30,1256,167.9,37.0,33.1,52.4,613,39,0,163.6
2025-11-30 09:27:46+05:30,1256,169.0,44.6,33.3,52.0,673,33,6,158.0
2025-11-30 09:28:46+05:30,1256,172.1,36.2,33.1,53.6,658,24,8,184.8
2025-11-30 09:29:46+05:30,1256,167.7,40.8,33.1,51.8,719,29,1,158.7
2025-11-30 09:30:46+05:30,1256,169.9,41.5,33.3,54.1,656,35,6,205.8
2025-11-30 09:31:46+05:30,1256,168.4,42.9,33.3,50.3,692,34,2,227.1
2025-11-30 09:32:46+05:30,1256,172.6,42.5,33.4,47.8,659,36,5,190.4
2025-11-30 09:33:46+05:30,1256,170.2,39.1,33.2,49.9,747,22,5,165.6
2025-11-30 09:34:46+05:30,1256,168.3,43.7,33.4,49.9,612,26,0,166.9
2025-11-30 09:35:46+05:30,1256,169.6,40.3,33.2,53.0,584,42,4,182.5
2025-11-30 09:36:46+05:30,1256,166.9,41.3,32.9,51.7,677,22,5,168.7
2025-11-30 09:37:46+05:30,1256,167.8,40.0,33.3,50.7,590,43,1,183.0
2025-11-30 09:38:46+05:30,1256,166.7,43.6,33.0,51.8,663,45,0,195.5
2025-11-30 09:39:46+05:30,1256,164.8,40.0,33.0,53.1,760,25,0,169.8
2025-11-30 09:40:46+05:30,1256,168.9,41.5,33.4,50.8,676,31,0,194.4
2025-11-30 09:41:46+05:30,1256,172.3,39.6,33.8,55.3,751,38,4,177.8
2025-11-30 09:42:46+05:30,1256,168.1,39.6,33.8,51.7,650,30,12,175.4
2025-11-30 09:43:46+05:30,1256,171.8,36.4,33.7,54.2,645,43,4,171.7
2025-11-30 09:44:46+05:30,1256,169.2,38.1,33.5,51.3,585,23,10,156.9
2025-11-30 09:45:46+05:30,1256,173.2,39.8,32.9,54.7,733,17,2,184.0
2025-11-30 09:46:46+05:30,1256,171.6,36.5,33.2,51.7,552,46,12,176.1
2025-11-30 09:47:46+05:30,1256,169.7,40.3,33.0,51.4,714,30,6,196.6
2025-11-30 09:48:46+05:30,1256,171.7,36.6,33.1,51.6,666,44,7,175.0
2025-11-30 09:49:46+05:30,1256,171.4,40.4,33.8,51.6,632,38,4,219.4
2025-11-30 09:50:46+05:30,1256,173.2,39.4,32.8,52.2,641,40,9,161.5
2025-11-30 09:51:46+05:30,1256,171.8,39.3,33.0,53.0,571,31,5,144.6
2025-11-30 09:52:46+05:30,1256,170.5,36.4,33.3,52.4,644,25,8,200.2
2025-11-30 09:53:46+05:30,1256,171.8,36.5,33.4,50.5,693,22,9,150.2
2025-11-30 09:54:46+05:30,1256,172.0,35.0,33.0,49.7,604,20,2,184.8
2025-11-30 09:55:46+05:30,1256,168.3,39.7,33.4,52.8,785,19,5,216.7
2025-11-30 09:56:46+05:30,1256,172.3,44.7,33.3,50.9,590,34,3,185.8
2025-11-30 09:57:46+05:30,1256,167.9,46.7,33.7,49.8,742,31,9,185.5
2025-11-30 09:58:46+05:30,1256,169.8,42.5,33.2,51.9,530,29,8,188.4
2025-11-30 09:59:46+05:30,1256,169.6,39.6,33.2,52.6,658,27,3,177.8
2025-11-30 10:00:46+05:30,1256,169.0,37.6,33.8,54.4,716,21,4,190.9
2025-11-30 10:01:46+05:30,1256,172.0,37.4,33.4,51.2,655,32,7,173.2
2025-11-30 10:02:46+05:30,1256,174.5,36.5,33.0,52.3,633,21,7,147.5
2025-11-30 10:03:46+05:30,1256,167.6,41.3,33.4,50.7,644,32,2,156.8
2025-11-30 10:04:46+05:30,1256,174.7,41.7,33.1,56.3,740,26,0,159.5
2025-11-30 10:05:46+05:30,1256,167.0,44.9,33.7,50.7,650,14,5,149.0
2025-11-30 10:06:46+05:30,1256,166.8,41.4,32.9,52.5,540,16,5,176.4
2025-11-30 10:07:46+05:30,1256,176.0,40.0,33.6,53.4,744,28,6,181.3
2025-11-30 10:08:46+05:30,1256,169.3,35.8,33.7,49.3,651,28,2,173.3
2025-11-30 10:09:46+05:30,1256,177.6,38.8,33.7,51.2,682,23,2,177.6
2025-11-30 10:10:46+05:30,1256,175.5,39.0,33.3,53.0,590,34,0,189.0
2025-11-30 10:11:46+05:30,1256,170.0,40.0,33.1,49.9,700,30,4,203.2
2025-11-30 10:12:46+05:30,1256,170.3,34.5,33.8,49.8,626,24,1,203.1
2025-11-30 10:13:46+05:30,1256,168.2,42.5,34.1,52.4,673,30,0,162.7
2025-11-30 10:14:46+05:30,1256,170.8,41.9,32.8,51.3,640,23,4,155.8
2025-11-30 10:15:46+05:30,1256,166.9,35.6,33.5,49.2,688,12,4,169.6
2025-11-30 10:16:46+05:30,1256,169.7,40.3,33.3,52.5,661,37,6,204.3
2025-11-30 10:17:46+05:30,1256,165.7,43.6,33.2,53.3,657,39,4,228.8
2025-11-30 10:18:46+05:30,1256,176.0,36.7,32.9,55.0,561,33,5,195.4
2025-11-30 10:19:46+05:30,1256,166.5,36.4,33.1,55.5,716,16,0,186.1
2025-11-30 10:20:46+05:30,1256,170.4,44.7,33.2,50.8,721,35,2,193.8
2025-11-30 10:21:46+05:30,1256,167.0,38.3,33.5,49.9,629,30,4,180.7
2025-11-30 10:22:46+05:30,1256,170.6,38.7,33.2,53.0,570,23,6,209.0
2025-11-30 10:23:46+05:30,1256,162.5,38.3,33.3,52.9,541,26,1,149.5
2025-11-30 10:24:46+05:30,1256,175.1,36.7,33.5,50.3,623,42,6,140.1
2025-11-30 10:25:46+05:30,1256,169.4,37.7,33.5,51.5,618,26,1,194.1
2025-11-30 10:26:46+05:30,1256,170.1,43.2,33.3,52.5,676,38,3,204.6
2025-11-30 10:27:46+05:30,1256,168.5,44.4,33.6,52.1,570,32,1,174.1
2025-11-30 10:28:46+05:30,1256,170.0,40.1,33.2,53.2,629,30,6,200.8
2025-11-30 10:29:46+05:30,1256,170.7,41.1,33.9,51.0,673,25,2,168.6
2025-11-30 10:30:46+05:30,1256,169.5,40.8,33.4,53.1,754,44,12,188.8
2025-11-30 10:31:46+05:30,1256,169.3,46.3,33.3,53.0,663,36,5,184.2
2025-11-30 10:32:46+05:30,1256,171.1,39.1,33.2,55.9,651,26,2,178.4
2025-11-30 10:33:46+05:30,1256,169.4,36.5,33.1,52.1,667,20,2,179.2
2025-11-30 10:34:46+05:30,1256,172.2,36.2,32.8,52.2,637,23,9,194.6
2025-11-30 10:35:46+05:30,1256,164.8,37.3,32.9,51.2,655,15,1,171.8
2025-11-30 10:36:46+05:30,1256,168.1,40.3,33.5,53.5,656,30,1,164.0
2025-11-30 10:37:46+05:30,1256,169.4,42.0,33.4,55.3,682,34,6,162.8
2025-11-30 10:38:46+05:30,1256,167.6,44.2,32.8,51.5,603,20,6,193.4
2025-11-30 10:39:46+05:30,1256,171.2,37.2,33.5,52.6,628,26,0,165.4
2025-11-30 10:40:46+05:30,1256,169.9,39.1,33.5,56.2,648,31,3,198.3
2025-11-30 10:41:46+05:30,1256,174.6,37.4,33.5,50.1,614,6,7,220.2
2025-11-30 10:42:46+05:30,1256,169.8,36.7,33.4,53.8,693,52,5,178.0
2025-11-30 10:43:46+05:30,1256,167.1,41.8,33.1,54.1,694,26,5,157.1
2025-11-30 10:44:46+05:30,1256,170.0,40.1,33.2,54.0,662,31,7,183.6
2025-11-30 10:45:46+05:30,1256,168.9,42.3,33.4,53.7,625,41,6,195.5
2025-11-30 10:46:46+05:30,1256,170.5,41.6,33.5,54.5,708,43,1,157.9
2025-11-30 10:47:46+05:30,1256,174.6,38.3,32.8,51.8,634,43,6,218.6
2025-11-30 10:48:46+05:30,1256,169.4,41.8,33.0,48.3,610,40,1,190.9
2025-11-30 10:49:46+05:30,1256,173.7,36.2,33.2,53.3,640,21,2,200.1
2025-11-30 10:50:46+05:30,1256,166.8,45.3,33.0,50.5,606,42,4,188.1
2025-11-30 10:51:46+05:30,1256,177.2,39.0,33.6,49.8,670,29,6,195.3
2025-11-30 10:52:46+05:30,1256,168.6,35.2,33.3,46.0,650,32,5,177.7
2025-11-30 10:53:46+05:30,1256,172.1,41.9,32.8,49.5,614,32,5,177.4
2025-11-30 10:54:46+05:30,1256,165.9,39.5,32.7,52.3,675,30,3,186.8
2025-11-30 10:55:46+05:30,1256,172.4,41.5,33.2,51.1,634,28,0,174.1
2025-11-30 10:56:46+05:30,1256,170.7,45.8,33.1,50.9,636,23,10,180.5
2025-11-30 10:57:46+05:30,1256,164.8,37.5,33.7,53.2,604,50,13,202.2
2025-11-30 10:58:46+05:30,1256,172.0,35.8,33.3,52.3,740,23,5,200.4
2025-11-30 10:59:46+05:30,1256,171.9,43.8,33.5,49.9,626,50,3,157.4
2025-11-30 11:00:46+05:30,1256,168.1,34.8,33.5,49.3,665,16,11,180.4
2025-11-30 11:01:46+05:30,1256,166.1,39.4,33.2,49.6,644,25,3,173.6
2025-11-30 11:02:46+05:30,1256,167.7,37.1,33.3,50.2,625,42,7,160.1
2025-11-30 11:03:46+05:30,1256,170.5,41.9,33.2,52.8,645,39,8,201.5
2025-11-30 11:04:46+05:30,1256,175.3,42.7,33.3,52.7,642,32,0,190.2
2025-11-30 11:05:46+05:30,1256,171.7,38.8,33.2,51.9,669,33,3,159.7
2025-11-30 11:06:46+05:30,1256,174.9,38.0,33.5,53.4,615,28,1,214.4
2025-11-30 11:07:46+05:30,1256,172.3,45.7,33.5,48.6,586,35,5,194.1
2025-11-30 11:08:46+05:30,1256,171.0,40.2,34.2,54.0,691,17,3,153.1
2025-11-30 11:09:46+05:30,1256,166.8,42.5,33.5,50.0,663,41,6,188.2
2025-11-30 11:10:46+05:30,1256,169.7,40.5,33.6,51.1,715,20,0,194.7
2025-11-30 11:11:46+05:30,1256,169.3,41.5,33.0,51.9,602,44,13,166.4
2025-11-30 11:12:46+05:30,1256,171.4,40.7,33.2,54.5,624,28,1,213.7
2025-11-30 11:13:46+05:30,1256,171.5,41.3,33.7,54.8,622,30,6,221.4
2025-11-30 11:14:46+05:30,1256,172.2,41.8,33.9,54.1,670,26,7,158.7
2025-11-30 11:15:46+05:30,1256,168.6,44.1,33.4,49.1,596,30,0,143.7
2025-11-30 11:16:46+05:30,1256,168.2,45.3,33.0,50.5,595,42,4,187.2
2025-11-30 11:17:46+05:30,1256,173.1,39.9,33.5,51.5,606,33,7,163.5
2025-11-30 11:18:46+05:30,1256,166.8,36.4,33.8,52.1,611,21,4,160.3
2025-11-30 11:19:46+05:30,1256,168.8,40.6,33.5,52.0,651,17,1,175.1
2025-11-30 11:20:46+05:30,1256,170.5,44.4,33.6,55.1,722,29,8,198.0
2025-11-30 11:21:46+05:30,1256,175.4,33.4,33.4,47.6,711,21,5,169.1
2025-11-30 11:22:46+05:30,1256,169.6,39.1,33.2,52.3,636,31,5,191.4
2025-11-30 11:23:46+05:30,1256,171.6,36.7,33.3,52.5,692,30,0,177.2
2025-11-30 11:24:46+05:30,1256,170.3,38.5,33.0,53.4,661,29,3,194.9
2025-11-30 11:25:46+05:30,1256,171.9,40.9,33.3,52.9,527,42,6,127.0
2025-11-30 11:26:46+05:30,1256,168.7,36.5,33.2,52.2,610,27,2,157.0
2025-11-30 11:27:46+05:30,1256,168.9,36.5,33.5,49.4,750,32,7,193.3
2025-11-30 11:28:46+05:30,1256,169.2,39.5,33.4,51.0,659,38,5,175.4
2025-11-30 11:29:46+05:30,1256,169.8,37.9,33.5,52.4,694,29,0,163.5
2025-11-30 11:30:46+05:30,1256,165.8,43.0,33.0,48.6,641,27,4,191.6
2025-11-30 11:31:46+05:30,1256,166.4,44.8,33.6,52.1,711,37,3,157.6
2025-11-30 11:32:46+05:30,1256,170.3,34.8,34.1,50.6,609,22,6,185.1
2025-11-30 11:33:46+05:30,1256,172.8,39.7,32.8,54.5,703,33,5,213.8
2025-11-30 11:34:46+05:30,1256,172.1,43.2,32.5,50.0,663,24,2,175.1
2025-11-30 11:35:46+05:30,1256,169.2,34.3,33.0,51.6,630,39,0,197.9
2025-11-30 11:36:46+05:30,1256,168.7,51.2,33.4,48.0,625,23,8,189.4
2025-11-30 11:37:46+05:30,1256,158.0,43.7,33.3,51.0,778,16,6,184.5
2025-11-30 11:38:46+05:30,1256,174.7,41.0,33.5,48.6,589,46,4,137.3
2025-11-30 11:39:46+05:30,1256,168.2,44.7,33.3,52.0,622,42,5,175.3
2025-11-30 11:40:46+05:30,1256,170.6,39.0,33.3,50.1,689,38,0,200.7
2025-11-30 11:41:46+05:30,1256,166.6,39.3,32.7,50.1,669,23,5,164.4
2025-11-30 11:42:46+05:30,1256,172.0,41.2,33.0,47.6,658,27,6,149.5
2025-11-30 11:43:46+05:30,1256,169.9,47.0,33.1,51.3,691,39,5,188.4
2025-11-30 11:44:46+05:30,1256,167.5,32.0,33.1,51.8,680,28,3,172.5
2025-11-30 11:45:46+05:30,1256,166.2,39.5,33.8,49.9,651,24,6,180.4
2025-11-30 11:46:46+05:30,1256,171.7,40.7,33.5,49.8,700,14,8,176.9
2025-11-30 11:47:46+05:30,1256,174.1,41.2,33.9,53.2,640,15,5,160.4
2025-11-30 11:48:46+05:30,1256,171.3,33.2,33.1,49.0,556,18,0,180.9
2025-11-30 11:49:46+05:30,1256,173.7,41.4,32.9,51.0,666,23,0,171.7
2025-11-30 11:50:46+05:30,1256,173.1,35.4,32.7,56.2,749,25,8,192.2
2025-11-30 11:51:46+05:30,1256,172.9,41.9,33.3,50.7,652,39,2,209.7
2025-11-30 11:52:46+05:30,1256,172.7,39.2,33.5,48.5,609,15,5,199.9
2025-11-30 11:53:46+05:30,1256,167.3,39.2,33.5,51.4,637,18,7,173.2
2025-11-30 11:54:46+05:30,1256,171.6,41.1,33.4,51.2,638,41,5,205.6
2025-11-30 11:55:46+05:30,1256,168.0,36.8,32.5,52.6,618,42,3,157.1
2025-11-30 11:56:46+05:30,1256,169.2,39.5,33.3,53.2,691,31,4,166.2
2025-11-30 11:57:46+05:30,1256,178.1,45.6,33.1,52.5,699,25,2,165.8
2025-11-30 11:58:46+05:30,1256,168.3,39.2,33.2,47.9,759,18,3,175.3
2025-11-30 11:59:46+05:30,1256,171.4,45.0,33.4,52.4,603,46,2,169.0
2025-11-30 12:00:46+05:30,1256,168.6,37.0,33.5,55.6,683,55,3,184.7
2025-11-30 12:01:46+05:30,1256,169.6,38.0,32.9,57.8,600,15,3,173.8
2025-11-30 12:02:46+05:30,1256,165.7,42.4,33.7,53.2,680,26,5,202.0
2025-11-30 12:03:46+05:30,1256,171.2,38.8,33.8,51.3,687,17,2,168.6
2025-11-30 12:04:46+05:30,1256,171.9,39.0,33.9,52.4,614,21,5,185.7
2025-11-30 12:05:46+05:30,1256,175.3,37.1,33.5,52.0,615,39,2,182.7
2025-11-30 12:06:46+05:30,1256,170.5,39.6,33.8,54.1,675,35,11,170.1
2025-11-30 12:07:46+05:30,1256,174.8,38.5,33.5,50.9,642,36,4,149.3
2025-11-30 12:08:46+05:30,1256,169.4,37.4,33.6,53.0,598,15,5,149.6
2025-11-30 12:09:46+05:30,1256,176.8,42.4,33.6,50.4,667,5,5,160.6
2025-11-30 12:10:46+05:30,1256,169.5,37.5,33.5,51.9,603,43,8,190.0
2025-11-30 12:11:46+05:30,1256,171.2,38.6,33.3,53.1,670,24,3,189.0
2025-11-30 12:12:46+05:30,1256,169.5,41.0,33.4,50.2,619,27,4,184.0
2025-11-30 12:13:46+05:30,1256,168.6,39.9,33.3,50.7,670,16,0,181.9
2025-11-30 12:14:46+05:30,1256,161.2,34.7,33.6,53.6,640,36,4,170.6
2025-11-30 12:15:46+05:30,1256,170.6,36.1,33.4,49.8,617,30,9,188.7
2025-11-30 12:16:46+05:30,1256,172.3,37.8,33.6,51.0,637,42,9,167.5
2025-11-30 12:17:46+05:30,1256,169.7,34.9,33.0,53.0,598,9,2,196.7
2025-11-30 12:18:46+05:30,1256,166.4,38.8,33.1,55.1,633,36,5,190.7
2025-11-30 12:19:46+05:30,1256,170.2,42.2,33.2,54.0,515,14,4,161.8
2025-11-30 12:20:46+05:30,1256,166.0,44.1,32.9,51.0,587,26,1,205.0
2025-11-30 12:21:46+05:30,1256,167.3,44.9,33.4,49.4,627,27,4,164.9
2025-11-30 12:22:46+05:30,1256,173.2,39.6,33.5,53.9,654,36,3,210.5
2025-11-30 12:23:46+05:30,1256,169.6,38.4,33.3,51.3,606,39,1,133.5
2025-11-30 12:24:46+05:30,1256,171.7,42.2,33.1,48.4,616,29,6,177.5
2025-11-30 12:25:46+05:30,1256,168.5,36.0,33.1,50.8,705,42,1,140.6
2025-11-30 12:26:46+05:30,1256,172.7,38.1,33.6,50.3,544,21,7,204.7
2025-11-30 12:27:46+05:30,1256,174.3,42.0,33.0,49.1,633,41,4,176.4
2025-11-30 12:28:46+05:30,1256,168.8,36.8,33.4,51.2,664,27,4,175.5
2025-11-30 12:29:46+05:30,1256,166.6,42.1,33.0,53.1,732,21,7,190.2
2025-11-30 12:30:46+05:30,1256,176.5,42.2,33.1,50.6,592,27,3,184.5
2025-11-30 12:31:46+05:30,1256,164.6,44.5,32.9,51.2,504,37,3,178.1
2025-11-30 12:32:46+05:30,1256,170.3,37.7,33.5,52.4,698,33,9,181.7
2025-11-30 12:33:46+05:30,1256,166.1,46.4,33.1,50.2,660,37,2,170.7
2025-11-30 12:34:46+05:30,1256,172.1,37.9,33.5,52.5,701,12,1,209.3
2025-11-30 12:35:46+05:30,1256,168.8,37.0,33.3,51.2,672,37,4,170.8
2025-11-30 12:36:46+05:30,1256,168.9,38.5,33.5,52.1,720,39,7,160.5
2025-11-30 12:37:46+05:30,1256,171.2,40.7,33.2,48.2,569,45,5,175.2
2025-11-30 12:38:46+05:30,1256,171.3,40.0,33.3,52.8,540,32,4,193.9
2025-11-30 12:39:46+05:30,1256,164.9,39.2,32.9,54.1,661,9,6,164.9
2025-11-30 12:40:46+05:30,1256,170.3,42.3,33.6,55.6,655,21,6,185.5
2025-11-30 12:41:46+05:30,1256,170.5,35.0,33.0,52.0,659,30,7,197.5
2025-11-30 12:42:46+05:30,1256,168.7,41.7,33.3,52.7,523,31,3,158.0
2025-11-30 12:43:46+05:30,1256,175.4,40.9,33.0,55.6,630,22,6,174.1
2025-11-30 12:44:46+05:30,1256,171.4,40.0,33.7,54.5,748,17,8,194.4
2025-11-30 12:45:46+05:30,1256,169.4,35.4,33.1,52.2,598,22,10,168.6
2025-11-30 12:46:46+05:30,1256,170.9,39.4,32.9,53.9,680,31,5,197.5
2025-11-30 12:47:46+05:30,1256,170.4,41.1,33.0,52.1,635,33,5,195.7
2025-11-30 12:48:46+05:30,1256,165.1,43.2,33.2,51.4,646,34,6,200.9
2025-11-30 12:49:46+05:30,1256,169.8,41.5,33.4,52.5,658,51,8,186.8
2025-11-30 12:50:46+05:30,1256,172.5,38.8,33.1,49.7,657,28,4,181.9
2025-11-30 12:51:46+05:30,1256,167.5,39.5,33.4,51.3,669,14,7,177.1
2025-11-30 12:52:46+05:30,1256,169.8,40.0,33.6,53.4,589,36,9,203.4
2025-11-30 12:53:46+05:30,1256,169.6,35.7,33.2,51.2,688,23,6,130.9
2025-11-30 12:54:46+05:30,1256,166.9,33.4,33.1,52.6,637,21,4,167.8
2025-11-30 12:55:46+05:30,1256,166.8,39.4,33.3,52.7,622,37,7,157.1
2025-11-30 12:56:46+05:30,1256,166.7,40.4,32.5,53.5,639,32,2,166.8
2025-11-30 12:57:46+05:30,1256,166.2,40.1,32.9,51.0,677,20,2,177.0
2025-11-30 12:58:46+05:30,1256,165.6,40.4,33.2,51.6,633,34,0,200.9
2025-11-30 12:59:46+05:30,1256,166.0,44.8,33.0,51.2,586,24,4,190.8
2025-11-30 13:00:46+05:30,1256,170.6,39.2,32.9,50.4,668,26,1,207.1
2025-11-30 13:01:46+05:30,1256,168.9,47.1,32.7,54.3,671,23,6,179.9
2025-11-30 13:02:46+05:30,1256,167.6,44.0,33.8,54.9,677,46,3,176.1
2025-11-30 13:03:46+05:30,1256,168.9,35.1,32.7,48.9,708,42,6,200.8
2025-11-30 13:04:46+05:30,1256,167.7,42.4,33.7,52.1,588,21,5,175.1
2025-11-30 13:05:46+05:30,1256,167.3,42.4,33.7,53.7,586,19,4,208.3
2025-11-30 13:06:46+05:30,1256,166.4,42.3,33.3,53.8,725,30,6,165.0
2025-11-30 13:07:46+05:30,1256,169.8,39.9,33.5,51.0,607,22,7,138.9
2025-11-30 13:08:46+05:30,1256,169.9,42.1,33.1,55.1,780,49,7,207.4
2025-11-30 13:09:46+05:30,1256,170.0,41.1,33.2,51.9,611,29,5,167.1
2025-11-30 13:10:46+05:30,1256,175.2,41.2,33.1,51.8,617,22,4,175.2
2025-11-30 13:11:46+05:30,1256,169.0,42.3,32.6,48.2,686,31,4,191.8
2025-11-30 13:12:46+05:30,1256,170.1,36.3,33.0,50.3,706,23,3,211.0
2025-11-30 13:13:46+05:30,1256,171.4,40.1,33.3,52.1,672,24,7,180.7
2025-11-30 13:14:46+05:30,1256,171.5,44.3,33.1,52.7,624,30,2,175.4
2025-11-30 13:15:46+05:30,1256,171.2,46.6,33.4,53.1,622,38,7,177.9
2025-11-30 13:16:46+05:30,1256,162.6,43.4,33.8,51.6,639,47,0,135.9
2025-11-30 13:17:46+05:30,1256,170.5,43.4,33.6,53.5,597,9,6,166.3
2025-11-30 13:18:46+05:30,1256,170.9,38.9,32.6,55.0,690,34,3,169.2
2025-11-30 13:19:46+05:30,1256,166.7,36.3,33.7,46.7,608,39,3,161.2
2025-11-30 13:20:46+05:30,1256,167.2,34.4,33.3,52.1,691,12,5,138.5
2025-11-30 13:21:46+05:30,1256,169.5,42.2,33.0,56.2,668,20,2,177.6
2025-11-30 13:22:46+05:30,1256,168.6,42.7,33.4,52.9,617,18,4,184.1
2025-11-30 13:23:46+05:30,1256,168.4,40.7,33.9,54.7,617,36,11,152.0
2025-11-30 13:24:46+05:30,1256,173.1,40.6,33.2,54.3,659,18,2,179.8
2025-11-30 13:25:46+05:30,1256,171.6,45.4,33.7,52.0,730,43,6,197.0
2025-11-30 13:26:46+05:30,1256,173.1,40.1,33.4,52.4,663,12,9,187.0
2025-11-30 13:27:46+05:30,1256,172.5,36.1,33.6,49.1,624,21,3,182.7
2025-11-30 13:28:46+05:30,1256,169.6,38.7,33.8,52.7,636,45,4,178.6
2025-11-30 13:29:46+05:30,1256,163.3,39.5,32.9,51.0,711,40,9,163.6
2025-11-30 13:30:46+05:30,1256,171.1,46.5,32.7,51.5,708,8,3,184.9
2025-11-30 13:31:46+05:30,1256,169.1,40.6,33.1,53.6,629,36,9,197.3
2025-11-30 13:32:46+05:30,1256,166.1,40.9,33.6,54.9,639,42,6,206.4
2025-11-30 13:33:46+05:30,1256,166.5,37.0,33.6,51.6,567,10,9,173.9
2025-11-30 13:34:46+05:30,1256,169.3,37.0,33.6,52.9,496,35,8,152.1
2025-11-30 13:35:46+05:30,1256,166.3,41.6,33.1,50.4,637,28,4,159.7
2025-11-30 13:36:46+05:30,1256,169.7,41.9,33.2,50.4,636,34,0,191.4
2025-11-30 13:37:46+05:30,1256,169.4,39.1,33.5,55.2,664,34,4,192.7
2025-11-30 13:38:46+05:30,1256,169.9,40.0,32.7,54.1,657,38,3,164.8
2025-11-30 13:39:46+05:30,1256,163.5,36.2,33.4,52.4,610,36,1,190.0
2025-11-30 13:40:46+05:30,1256,170.4,35.2,33.2,54.2,668,27,8,189.0
2025-11-30 13:41:46+05:30,1256,164.8,42.4,33.2,53.6,625,24,2,161.0
2025-11-30 13:42:46+05:30,1256,165.4,44.0,33.1,51.7,605,48,12,180.6
2025-11-30 13:43:46+05:30,1256,168.2,38.8,33.6,50.1,690,50,5,183.9
2025-11-30 13:44:46+05:30,1256,173.4,33.7,33.3,49.7,664,38,1,192.7
2025-11-30 13:45:46+05:30,1256,171.3,44.9,32.8,49.9,626,25,8,177.6
2025-11-30 13:46:46+05:30,1256,170.0,38.9,33.2,52.0,636,32,8,172.7
2025-11-30 13:47:46+05:30,1256,170.4,38.5,33.4,52.4,654,39,5,148.6
2025-11-30 13:48:46+05:30,1256,173.7,42.6,33.3,50.9,706,20,8,209.6
2025-11-30 13:49:46+05:30,1256,174.9,38.5,33.8,54.7,692,22,1,167.1
2025-11-30 13:50:46+05:30,1256,172.3,35.4,33.2,52.3,606,31,0,156.8
2025-11-30 13:51:46+05:30,1256,172.0,40.6,33.1,53.9,594,27,6,171.2
2025-11-30 13:52:46+05:30,1256,166.3,40.2,33.6,52.9,651,22,5,209.6
2025-11-30 13:53:46+05:30,1256,167.4,43.3,33.2,47.4,682,38,0,160.1
2025-11-30 13:54:46+05:30,1256,169.6,40.9,33.3,54.2,740,24,3,172.8
2025-11-30 13:55:46+05:30,1256,174.2,34.1,33.3,51.1,640,17,2,179.1
2025-11-30 13:56:46+05:30,1256,171.2,38.5,33.4,52.5,614,24,3,196.0
2025-11-30 13:57:46+05:30,1256,172.1,37.3,33.8,54.3,661,15,0,206.2
2025-11-30 13:58:46+05:30,1256,169.6,41.2,33.5,52.3,637,20,4,189.9
2025-11-30 13:59:46+05:30,1256,165.5,39.3,33.3,51.5,624,33,7,176.8
2025-11-30 14:00:46+05:30,1256,169.6,38.4,33.9,55.5,655,21,8,176.2
2025-11-30 14:01:46+05:30,1256,165.0,43.1,33.3,53.4,621,29,5,192.8
2025-11-30 14:02:46+05:30,1256,172.4,39.5,33.3,51.2,667,24,4,210.0
2025-11-30 14:03:46+05:30,1256,170.7,35.8,33.4,51.5,619,15,6,160.8
2025-11-30 14:04:46+05:30,1256,173.6,41.2,33.7,51.8,633,26,1,199.5
2025-11-30 14:05:46+05:30,1256,171.8,43.8,33.4,52.6,636,38,7,182.5
2025-11-30 14:06:46+05:30,1256,169.8,37.8,33.5,48.9,610,14,2,203.4
2025-11-30 14:07:46+05:30,1256,165.3,36.5,33.7,51.8,696,33,4,206.3
2025-11-30 14:08:46+05:30,1256,169.5,40.7,33.1,50.6,701,21,5,162.0
2025-11-30 14:09:46+05:30,1256,169.8,41.0,33.5,47.3,570,40,3,162.5
2025-11-30 14:10:46+05:30,1256,171.7,38.0,33.1,49.1,663,19,5,157.9
2025-11-30 14:11:46+05:30,1256,172.1,41.6,33.5,49.8,639,19,5,175.2
2025-11-30 14:12:46+05:30,1256,173.4,36.8,33.2,54.5,662,40,1,139.2
2025-11-30 14:13:46+05:30,1256,167.1,43.4,33.3,52.8,746,28,8,176.6
2025-11-30 14:14:46+05:30,1256,174.2,39.1,33.3,52.9,718,22,0,174.4
2025-11-30 14:15:46+05:30,1256,171.3,40.6,33.4,50.5,652,16,0,155.7
2025-11-30 14:16:46+05:30,1256,169.6,39.6,33.5,54.4,683,41,6,197.2
2025-11-30 14:17:46+05:30,1256,168.8,36.6,33.6,51.5,617,38,1,182.6
2025-11-30 14:18:46+05:30,1256,163.9,39.2,33.4,54.5,617,41,5,173.3
2025-11-30 14:19:46+05:30,1256,171.8,38.1,33.6,50.2,709,29,2,178.3
2025-11-30 14:20:46+05:30,1256,172.1,39.7,33.4,54.4,714,28,1,157.4
2025-11-30 14:21:46+05:30,1256,170.5,42.0,33.4,55.1,593,27,9,184.3
2025-11-30 14:22:46+05:30,1256,170.7,41.8,32.5,50.9,645,38,5,184.8
2025-11-30 14:23:46+05:30,1256,171.4,45.5,32.8,48.5,664,40,5,176.8
2025-11-30 14:24:46+05:30,1256,167.0,37.4,33.1,51.3,573,30,2,165.0
2025-11-30 14:25:46+05:30,1256,171.9,41.4,33.3,49.3,603,23,0,188.1
2025-11-30 14:26:46+05:30,1256,170.7,37.3,32.5,53.7,671,21,1,169.3
2025-11-30 14:27:46+05:30,1256,173.2,37.3,32.5,50.4,695,31,10,146.5
2025-11-30 14:28:46+05:30,1256,171.5,40.8,33.1,47.7,689,17,8,185.2
2025-11-30 14:29:46+05:30,1256,173.7,37.8,33.1,48.0,605,29,7,170.1
2025-11-30 14:30:46+05:30,1256,169.5,36.8,32.8,53.4,601,23,1,194.9
2025-11-30 14:31:46+05:30,1256,171.9,35.3,33.5,53.1,691,39,6,136.6
2025-11-30 14:32:46+05:30,1256,165.8,37.9,32.8,54.6,630,21,3,201.0
2025-11-30 14:33:46+05:30,1256,169.1,42.4,33.1,54.1,727,44,5,205.4
2025-11-30 14:34:46+05:30,1256,168.6,40.5,33.1,53.0,650,22,5,171.6
2025-11-30 14:35:46+05:30,1256,171.0,40.3,32.9,50.1,660,41,1,181.4
2025-11-30 14:36:46+05:30,1256,167.1,42.5,33.5,48.3,609,36,0,206.8
2025-11-30 14:37:46+05:30,1256,168.7,41.7,32.5,53.8,599,13,10,172.0
2025-11-30 14:38:46+05:30,1256,170.2,38.6,33.7,52.7,748,33,1,118.0
2025-11-30 14:39:46+05:30,1256,170.8,43.1,33.8,51.0,745,26,5,178.9
2025-11-30 14:40:46+05:30,1256,169.8,42.8,33.3,48.7,661,34,0,231.7
2025-11-30 14:41:46+05:30,1256,167.8,42.7,33.1,56.9,532,8,8,156.7
2025-11-30 14:42:46+05:30,1256,173.0,37.5,33.4,54.2,675,33,7,179.2
2025-11-30 14:43:46+05:30,1256,170.1,42.9,33.1,50.0,659,34,0,166.8
2025-11-30 14:44:46+05:30,1256,167.0,39.0,33.3,51.2,591,31,7,186.8
2025-11-30 14:45:46+05:30,1256,170.6,44.0,33.0,50.0,649,22,7,186.7
2025-11-30 14:46:46+05:30,1256,162.8,37.1,33.2,53.9,796,32,8,181.1
2025-11-30 14:47:46+05:30,1256,173.5,42.0,32.7,50.0,587,22,2,190.2
2025-11-30 14:48:46+05:30,1256,170.8,39.2,32.9,53.2,666,30,10,181.5
2025-11-30 14:49:46+05:30,1256,163.8,41.0,33.1,54.0,589,22,8,158.1
2025-11-30 14:50:46+05:30,1256,166.2,42.0,33.0,49.6,621,32,4,176.7
2025-11-30 14:51:46+05:30,1256,168.2,40.2,32.7,51.4,626,32,7,164.4
2025-11-30 14:52:46+05:30,1256,171.8,45.2,33.3,53.3,581,40,9,159.4
2025-11-30 14:53:46+05:30,1256,170.9,42.7,33.3,52.9,644,23,8,219.9
2025-11-30 14:54:46+05:30,1256,170.7,38.7,33.2,54.0,571,32,1,224.3
2025-11-30 14:55:46+05:30,1256,173.0,40.1,33.2,51.4,694,8,4,164.3
2025-11-30 14:56:46+05:30,1256,174.1,41.1,33.5,50.8,660,42,3,159.9
2025-11-30 14:57:46+05:30,1256,172.5,47.0,32.9,49.6,659,36,9,201.3
2025-11-30 14:58:46+05:30,1256,165.5,43.0,33.3,54.2,625,30,6,198.2
2025-11-30 14:59:46+05:30,1256,170.5,34.9,33.2,53.3,640,37,5,141.2
2025-11-30 15:00:46+05:30,1256,169.8,40.6,33.4,56.1,618,29,6,175.0
2025-11-30 15:01:46+05:30,1256,170.0,44.3,33.5,52.9,670,20,7,159.2
2025-11-30 15:02:46+05:30,1256,167.3,40.6,33.3,48.6,723,13,11,208.6
2025-11-30 15:03:46+05:30,1256,167.5,40.3,33.2,50.0,645,26,1,139.2
2025-11-30 15:04:46+05:30,1256,173.4,35.8,33.3,52.5,523,27,8,161.5
2025-11-30 15:05:46+05:30,1256,173.6,39.1,33.5,50.5,658,50,0,156.8
2025-11-30 15:06:46+05:30,1256,170.9,41.1,33.6,51.5,649,25,5,185.2
2025-11-30 15:07:46+05:30,1256,164.3,39.5,33.5,49.9,678,33,6,156.4
2025-11-30 15:08:46+05:30,1256,169.2,36.5,33.5,52.9,594,20,5,153.7
2025-11-30 15:09:46+05:30,1256,173.2,37.9,32.6,48.7,653,47,8,152.6
2025-11-30 15:10:46+05:30,1256,174.9,39.6,33.5,52.5,716,35,5,213.2
2025-11-30 15:11:46+05:30,1256,166.9,36.5,33.5,50.6,713,27,1,165.7
2025-11-30 15:12:46+05:30,1256,181.4,41.1,33.7,52.6,671,50,2,181.9
2025-11-30 15:13:46+05:30,1256,167.4,42.3,33.7,55.3,592,25,0,205.7
2025-11-30 15:14:46+05:30,1256,169.2,42.1,33.5,49.6,745,31,5,176.1
2025-11-30 15:15:46+05:30,1256,168.7,37.9,33.3,49.9,703,13,9,178.4
2025-11-30 15:16:46+05:30,1256,169.8,42.4,33.3,57.4,576,32,4,164.1
2025-11-30 15:17:46+05:30,1256,171.4,35.4,33.2,54.1,602,38,2,177.4
2025-11-30 15:18:46+05:30,1256,172.8,40.8,33.5,54.2,615,38,1,181.6
2025-11-30 15:19:46+05:30,1256,173.0,39.1,33.2,52.7,710,22,7,210.9
2025-11-30 15:20:46+05:30,1256,167.6,50.3,34.0,47.6,637,45,6,194.5
2025-11-30 15:21:46+05:30,1256,170.5,43.2,33.1,49.0,629,26,0,174.8
2025-11-30 15:22:46+05:30,1256,170.2,39.7,32.9,51.0,678,47,2,155.2
2025-11-30 15:23:46+05:30,1256,168.3,43.1,32.9,51.3,602,22,7,185.6
2025-11-30 15:24:46+05:30,1256,173.6,40.1,33.4,49.5,640,33,4,179.4
2025-11-30 15:25:46+05:30,1256,168.9,36.0,33.2,53.4,634,37,7,179.9
2025-11-30 15:26:46+05:30,1256,172.2,43.3,33.5,52.5,598,33,4,161.5
2025-11-30 15:27:46+05:30,1256,172.7,39.6,33.2,53.8,559,26,3,179.4
2025-11-30 15:28:46+05:30,1256,170.2,32.4,33.8,49.2,632,43,7,182.3
2025-11-30 15:29:46+05:30,1256,170.0,40.5,33.0,51.1,718,32,6,171.5
2025-11-30 15:30:46+05:30,1256,171.5,40.2,32.8,51.8,653,24,8,180.9
2025-11-30 15:31:46+05:30,1256,167.2,38.1,33.7,51.8,682,30,5,203.3
2025-11-30 15:32:46+05:30,1256,170.1,34.9,33.3,53.2,583,18,0,175.2
2025-11-30 15:33:46+05:30,1256,170.8,37.9,33.8,50.2,590,37,9,201.3
2025-11-30 15:34:46+05:30,1256,172.5,45.9,33.1,50.7,683,36,2,183.4
2025-11-30 15:35:46+05:30,1256,171.4,38.9,33.0,50.6,686,42,5,186.7
2025-11-30 15:36:46+05:30,1256,165.4,41.2,33.7,45.9,712,20,0,193.8
2025-11-30 15:37:46+05:30,1256,163.4,35.5,33.0,51.7,733,23,10,171.0
2025-11-30 15:38:46+05:30,1256,170.9,43.8,33.7,51.7,639,15,2,178.0
2025-11-30 15:39:46+05:30,1256,165.0,39.6,33.1,50.9,590,15,4,162.5
2025-11-30 15:40:46+05:30,1256,169.1,42.2,33.9,54.7,705,23,1,176.1
2025-11-30 15:41:46+05:30,1256,173.4,36.0,33.3,53.2,644,34,0,191.1
2025-11-30 15:42:46+05:30,1256,172.9,40.8,33.6,51.9,649,32,3,188.8
2025-11-30 15:43:46+05:30,1256,175.3,32.6,33.3,51.6,612,28,0,182.1
2025-11-30 15:44:46+05:30,1256,167.1,37.4,32.8,50.5,712,13,2,146.4
2025-11-30 15:45:46+05:30,1256,171.6,36.1,33.5,53.5,727,36,4,188.0
2025-11-30 15:46:46+05:30,1256,173.7,34.7,33.3,49.5,700,11,8,208.4
2025-11-30 15:47:46+05:30,1256,170.7,41.1,33.5,48.0,582,35,2,196.1
2025-11-30 15:48:46+05:30,1256,171.8,36.7,33.5,49.7,674,34,7,177.0
2025-11-30 15:49:46+05:30,1256,168.0,38.0,33.4,48.3,640,44,9,182.1
2025-11-30 15:50:46+05:30,1256,168.4,39.4,33.5,50.9,694,52,7,206.9
2025-11-30 15:51:46+05:30,1256,167.8,40.6,32.2,50.5,561,29,3,166.8
2025-11-30 15:52:46+05:30,1256,167.6,46.5,33.3,53.2,567,46,7,189.9
2025-11-30 15:53:46+05:30,1256,176.8,40.1,33.4,45.8,670,38,0,175.3
2025-11-30 15:54:46+05:30,1256,168.0,41.4,33.7,52.1,686,33,8,183.3
2025-11-30 15:55:46+05:30,1256,166.4,40.0,33.3,47.7,665,17,10,199.5
2025-11-30 15:56:46+05:30,1256,169.3,38.6,33.3,51.9,748,12,6,212.0
2025-11-30 15:57:46+05:30,1256,167.7,36.7,33.3,51.4,643,32,5,161.2
2025-11-30 15:58:46+05:30,1256,167.9,41.8,33.4,53.6,606,43,4,150.0
2025-11-30 15:59:46+05:30,1256,168.6,46.2,33.6,52.2,742,36,0,173.3
2025-11-30 16:00:46+05:30,1256,166.1,43.0,33.4,52.9,666,31,7,195.1
2025-11-30 16:01:46+05:30,1256,170.8,43.8,33.3,56.2,721,21,4,194.4
2025-11-30 16:02:46+05:30,1256,169.0,39.7,33.1,53.4,736,14,3,158.9
2025-11-30 16:03:46+05:30,1256,165.9,36.8,33.1,52.4,676,35,0,131.7
2025-11-30 16:04:46+05:30,1256,164.9,38.6,33.9,53.0,693,47,9,200.3
2025-11-30 16:05:46+05:30,1256,176.4,43.4,32.6,51.7,614,31,2,172.0
2025-11-30 16:06:46+05:30,1256,168.2,36.5,33.7,51.8,666,42,6,171.0
2025-11-30 16:07:46+05:30,1256,172.6,39.0,33.2,51.7,651,27,4,174.2
2025-11-30 16:08:46+05:30,1256,175.8,45.2,33.2,53.9,592,39,2,175.5
2025-11-30 16:09:46+05:30,1256,164.7,34.9,33.5,50.3,656,17,2,178.9
2025-11-30 16:10:46+05:30,1256,168.8,35.7,33.9,54.2,649,20,5,206.6
2025-11-30 16:11:46+05:30,1256,168.3,37.7,33.4,52.7,695,42,6,201.0
2025-11-30 16:12:46+05:30,1256,173.0,44.0,33.8,51.8,607,33,6,198.5
2025-11-30 16:13:46+05:30,1256,170.9,42.1,33.5,52.4,654,30,4,161.0
2025-11-30 16:14:46+05:30,1256,169.8,31.8,33.4,53.2,569,28,0,154.3
2025-11-30 16:15:46+05:30,1256,172.3,47.3,33.3,50.4,626,23,2,161.4
2025-11-30 16:16:46+05:30,1256,168.0,45.6,32.6,54.5,641,40,5,178.8
2025-11-30 16:17:46+05:30,1256,166.4,42.8,33.2,50.7,632,29,12,171.1
2025-11-30 16:18:46+05:30,1256,164.9,39.5,33.3,54.4,576,10,1,215.2
2025-11-30 16:19:46+05:30,1256,166.0,43.3,33.4,54.5,633,38,5,165.9
2025-11-30 16:20:46+05:30,1256,167.4,39.4,33.5,51.0,604,37,4,167.5
2025-11-30 16:21:46+05:30,1256,169.8,44.8,33.2,51.6,670,37,4,184.1
2025-11-30 16:22:46+05:30,1256,173.5,39.8,33.0,50.1,709,30,4,160.4
2025-11-30 16:23:46+05:30,1256,171.3,40.1,33.5,54.1,712,56,10,212.8
2025-11-30 16:24:46+05:30,1256,167.0,41.0,33.0,53.6,675,20,4,188.2
2025-11-30 16:25:46+05:30,1256,178.7,41.2,33.0,50.3,679,26,3,193.6
2025-11-30 16:26:46+05:30,1256,164.8,37.2,33.3,53.7,651,34,6,196.3
2025-11-30 16:27:46+05:30,1256,174.3,43.1,33.0,51.5,582,19,5,148.3
2025-11-30 16:28:46+05:30,1256,176.8,36.9,33.1,53.8,632,27,0,173.1
2025-11-30 16:29:46+05:30,1256,166.2,36.9,33.0,52.1,651,40,3,167.0
2025-11-30 16:30:46+05:30,1256,170.2,41.5,33.4,49.6,567,37,0,161.0
2025-11-30 16:31:46+05:30,1256,171.3,41.4,33.6,53.4,633,31,1,172.0
2025-11-30 16:32:46+05:30,1256,170.7,40.1,33.6,51.1,618,32,6,185.3
2025-11-30 16:33:46+05:30,1256,171.1,35.8,33.7,52.2,717,30,5,168.0
2025-11-30 16:34:46+05:30,1256,174.9,39.7,33.0,54.6,616,32,1,173.2
2025-11-30 16:35:46+05:30,1256,170.5,41.9,33.1,48.7,718,29,4,188.0
2025-11-30 16:36:46+05:30,1256,168.7,41.3,33.0,53.1,652,36,4,164.9
2025-11-30 16:37:46+05:30,1256,165.7,46.8,32.9,52.2,714,34,3,191.2
2025-11-30 16:38:46+05:30,1256,170.8,37.4,33.4,52.2,651,27,7,185.3
2025-11-30 16:39:46+05:30,1256,172.5,42.5,33.1,54.4,640,33,0,211.7
2025-11-30 16:40:46+05:30,1256,170.7,42.6,33.2,54.3,688,48,5,190.2
2025-11-30 16:41:46+05:30,1256,171.2,44.8,33.6,53.1,726,32,0,200.7
2025-11-30 16:42:46+05:30,1256,170.8,42.5,33.1,52.7,640,44,7,151.5
2025-11-30 16:43:46+05:30,1256,166.4,42.5,32.8,52.9,564,20,2,220.2
2025-11-30 16:44:46+05:30,1256,171.9,42.9,33.5,52.5,617,23,0,216.3
2025-11-30 16:45:46+05:30,1256,168.1,36.5,33.4,51.0,671,22,0,223.5
2025-11-30 16:46:46+05:30,1256,172.3,45.1,33.7,55.5,543,24,13,201.5
2025-11-30 16:47:46+05:30,1256,169.4,39.1,33.5,46.6,648,10,3,138.7
2025-11-30 16:48:46+05:30,1256,170.4,38.3,33.5,51.0,656,34,7,183.4
2025-11-30 16:49:46+05:30,1256,177.8,40.9,33.5,52.2,579,23,13,168.6
2025-11-30 16:50:46+05:30,1256,168.6,40.6,33.6,51.5,628,37,5,153.5
2025-11-30 16:51:46+05:30,1256,170.1,38.0,33.7,54.1,645,43,9,177.9
2025-11-30 16:52:46+05:30,1256,173.7,44.8,32.8,48.6,645,23,0,210.5
2025-11-30 16:53:46+05:30,1256,168.7,41.2,33.4,47.8,589,19,1,202.2
2025-11-30 16:54:46+05:30,1256,168.0,40.8,33.5,48.6,672,3,5,170.8
2025-11-30 16:55:46+05:30,1256,169.6,44.8,32.9,53.3,661,46,10,202.4
2025-11-30 16:56:46+05:30,1256,171.9,37.8,33.1,53.9,748,4,1,215.8
2025-11-30 16:57:46+05:30,1256,166.1,37.2,33.5,53.4,695,39,3,165.6
2025-11-30 16:58:46+05:30,1256,166.6,39.1,33.6,53.3,633,26,3,172.0
2025-11-30 16:59:46+05:30,1256,172.2,43.0,33.1,51.0,705,35,5,184.7
2025-11-30 17:00:46+05:30,1256,172.6,38.3,33.4,51.7,734,47,7,170.4
2025-11-30 17:01:46+05:30,1256,169.4,42.0,33.2,51.1,621,41,10,182.1
2025-11-30 17:02:46+05:30,1256,169.7,40.9,33.3,52.5,639,48,4,188.2
2025-11-30 17:03:46+05:30,1256,170.1,43.0,33.4,52.9,650,36,2,166.3
2025-11-30 17:04:46+05:30,1256,170.9,42.3,33.8,51.9,591,28,10,183.8
2025-11-30 17:05:46+05:30,1256,166.0,44.9,33.1,50.4,632,19,5,177.7
2025-11-30 17:06:46+05:30,1256,169.9,42.2,33.3,50.3,724,0,5,156.8
2025-11-30 17:07:46+05:30,1256,173.6,44.1,33.2,55.4,680,38,8,149.3
2025-11-30 17:08:46+05:30,1256,171.2,43.3,33.8,52.5,658,39,6,176.6
2025-11-30 17:09:46+05:30,1256,164.1,38.5,33.2,50.7,614,41,0,182.1
2025-11-30 17:10:46+05:30,1256,174.8,41.9,32.8,56.3,638,36,2,196.8
2025-11-30 17:11:46+05:30,1256,173.1,37.7,33.4,52.1,684,32,6,175.9
2025-11-30 17:12:46+05:30,1256,175.4,41.5,33.4,50.3,648,31,0,207.1
2025-11-30 17:13:46+05:30,1256,165.7,43.8,33.2,51.3,645,41,8,169.3
2025-11-30 17:14:46+05:30,1256,171.0,37.5,33.0,53.7,688,14,10,159.4
2025-11-30 17:15:46+05:30,1256,171.1,41.6,33.1,53.2,681,27,10,185.2
2025-11-30 17:16:46+05:30,1256,169.4,36.0,33.2,52.9,699,24,3,190.7
2025-11-30 17:17:46+05:30,1256,169.0,39.6,33.1,53.6,657,35,3,203.3
2025-11-30 17:18:46+05:30,1256,173.8,40.7,33.6,54.1,603,37,4,155.4
2025-11-30 17:19:46+05:30,1256,166.6,38.4,33.0,53.9,630,31,1,208.0
2025-11-30 17:20:46+05:30,1256,164.7,39.4,33.2,50.6,760,18,3,132.6
2025-11-30 17:21:46+05:30,1256,173.0,38.6,34.1,50.6,654,34,3,209.9
2025-11-30 17:22:46+05:30,1256,165.7,41.6,33.5,55.9,725,27,5,171.1
2025-11-30 17:23:46+05:30,1256,174.8,39.6,33.4,51.7,612,35,6,148.4
2025-11-30 17:24:46+05:30,1256,166.8,36.2,33.1,52.6,678,20,4,165.6
2025-11-30 17:25:46+05:30,1256,168.2,42.2,33.7,53.8,556,32,10,182.3
2025-11-30 17:26:46+05:30,1256,166.4,42.4,33.7,54.9,648,15,5,172.3
2025-11-30 17:27:46+05:30,1256,169.6,37.9,32.7,53.1,803,39,7,123.6
2025-11-30 17:28:46+05:30,1256,173.9,41.2,32.9,50.0,692,35,3,208.7
2025-11-30 17:29:46+05:30,1256,175.6,39.8,33.5,54.0,667,22,1,192.6
2025-11-30 17:30:46+05:30,1256,169.6,43.9,33.3,54.9,559,30,6,161.8
2025-11-30 17:31:46+05:30,1256,170.2,38.5,33.1,48.5,713,39,4,193.6
2025-11-30 17:32:46+05:30,1256,173.4,40.1,33.7,47.4,579,13,2,176.4
2025-11-30 17:33:46+05:30,1256,171.5,37.2,33.2,51.1,682,25,8,196.2
2025-11-30 17:34:46+05:30,1256,167.9,43.6,33.5,52.6,645,42,5,170.9
2025-11-30 17:35:46+05:30,1256,175.7,40.2,33.3,50.5,669,26,4,161.3
2025-11-30 17:36:46+05:30,1256,171.8,42.7,33.7,48.8,670,48,6,156.4
2025-11-30 17:37:46+05:30,1256,170.2,38.2,33.5,48.4,659,28,5,161.5
2025-11-30 17:38:46+05:30,1256,169.9,41.2,33.1,54.3,693,37,5,186.7
2025-11-30 17:39:46+05:30,1256,167.2,36.1,33.6,52.3,682,27,7,208.2
2025-11-30 17:40:46+05:30,1256,169.2,42.2,33.8,51.5,556,56,4,198.9
2025-11-30 17:41:46+05:30,1256,172.4,38.6,33.9,51.1,535,27,9,205.1
2025-11-30 17:42:46+05:30,1256,170.1,35.4,33.2,48.9,655,37,2,172.4
2025-11-30 17:43:46+05:30,1256,171.9,38.5,33.3,49.2,603,30,4,195.4
2025-11-30 17:44:46+05:30,1256,171.3,38.2,33.5,53.0,586,23,8,177.6
2025-11-30 17:45:46+05:30,1256,166.7,33.7,33.4,55.4,691,35,4,206.3
2025-11-30 17:46:46+05:30,1256,173.0,45.6,33.4,48.0,669,27,8,173.2
2025-11-30 17:47:46+05:30,1256,172.1,43.3,33.6,49.8,691,38,3,166.3
2025-11-30 17:48:46+05:30,1256,172.8,43.0,33.4,50.7,688,24,5,199.8
2025-11-30 17:49:46+05:30,1256,164.0,38.9,33.1,49.3,688,35,8,183.5
2025-11-30 17:50:46+05:30,1256,168.8,38.2,33.5,47.6,630,36,9,136.1
2025-11-30 17:51:46+05:30,1256,163.7,40.8,32.8,50.7,691,38,4,170.3
2025-11-30 17:52:46+05:30,1256,170.1,40.7,33.3,53.5,668,15,4,205.7
2025-11-30 17:53:46+05:30,1256,166.0,38.9,33.7,52.3,587,40,3,146.5
2025-11-30 17:54:46+05:30,1256,167.9,41.8,33.2,52.1,654,17,4,182.6
2025-11-30 17:55:46+05:30,1256,173.8,38.2,33.4,48.9,701,33,9,224.0
2025-11-30 17:56:46+05:30,1256,173.0,39.1,33.0,52.9,685,23,3,170.2
2025-11-30 17:57:46+05:30,1256,171.6,41.4,33.8,47.9,686,24,7,161.7
2025-11-30 17:58:46+05:30,1256,172.1,38.7,33.2,50.0,671,17,12,166.5
2025-11-30 17:59:46+05:30,1256,169.3,37.6,33.3,52.4,670,22,6,182.2
2025-11-30 18:00:46+05:30,1256,170.9,40.5,33.4,51.3,679,26,7,181.5
2025-11-30 18:01:46+05:30,1256,167.0,39.4,33.6,52.9,683,18,2,161.7
2025-11-30 18:02:46+05:30,1256,172.3,43.7,33.2,53.3,657,18,3,165.7
2025-11-30 18:03:46+05:30,1256,168.2,37.5,32.9,52.6,685,38,0,194.0
2025-11-30 18:04:46+05:30,1256,173.9,33.6,32.9,50.6,612,36,7,173.1
2025-11-30 18:05:46+05:30,1256,170.7,36.9,32.9,51.5,596,18,6,171.2
2025-11-30 18:06:46+05:30,1256,172.2,44.6,32.9,52.0,654,22,6,187.2
2025-11-30 18:07:46+05:30,1256,169.0,38.5,32.7,54.1,608,25,7,135.4
2025-11-30 18:08:46+05:30,1256,171.5,38.7,32.9,53.1,661,27,6,170.2
2025-11-30 18:09:46+05:30,1256,169.6,38.7,33.4,54.6,690,42,7,200.4
2025-11-30 18:10:46+05:30,1256,171.2,40.4,33.4,52.4,634,41,2,173.5
2025-11-30 18:11:46+05:30,1256,176.2,41.2,33.2,53.2,563,59,6,196.2
2025-11-30 18:12:46+05:30,1256,173.1,44.8,33.0,52.6,555,44,4,204.2
2025-11-30 18:13:46+05:30,1256,168.1,38.8,33.0,53.8,610,27,4,193.9
2025-11-30 18:14:46+05:30,1256,173.7,39.5,33.0,50.8,705,28,3,174.0
2025-11-30 18:15:46+05:30,1256,164.2,39.8,33.1,50.6,735,23,6,192.1
2025-11-30 18:16:46+05:30,1256,166.8,43.9,33.5,50.3,584,47,7,169.3
2025-11-30 18:17:46+05:30,1256,173.1,39.9,32.5,52.5,700,33,1,184.8
2025-11-30 18:18:46+05:30,1256,167.1,44.2,33.4,54.8,726,20,3,189.5
2025-11-30 18:19:46+05:30,1256,169.3,40.8,33.5,53.0,582,45,4,185.1
2025-11-30 18:20:46+05:30,1256,166.6,42.2,33.4,51.6,609,33,8,196.2
2025-11-30 18:21:46+05:30,1256,176.6,35.7,32.5,48.8,639,37,3,170.1
2025-11-30 18:22:46+05:30,1256,173.5,43.2,33.6,51.2,623,31,4,182.9
2025-11-30 18:23:46+05:30,1256,171.2,35.5,33.2,53.0,651,23,4,224.5
2025-11-30 18:24:46+05:30,1256,164.5,42.8,33.7,50.8,646,10,4,184.9
2025-11-30 18:25:46+05:30,1256,170.2,43.2,33.4,50.5,731,22,2,190.5
2025-11-30 18:26:46+05:30,1256,170.8,35.5,33.4,52.0,602,30,11,158.0
2025-11-30 18:27:46+05:30,1256,172.5,40.1,33.4,52.8,671,30,5,164.4
2025-11-30 18:28:46+05:30,1256,170.8,38.1,33.3,50.2,636,31,8,168.0
2025-11-30 18:29:46+05:30,1256,174.1,42.3,33.7,50.5,681,32,6,189.6
2025-11-30 18:30:46+05:30,1256,168.5,42.3,33.6,50.0,726,29,3,195.2
2025-11-30 18:31:46+05:30,1256,168.4,39.6,33.2,52.0,716,29,1,184.2
2025-11-30 18:32:46+05:30,1256,171.8,36.7,33.7,50.8,591,26,12,194.0
2025-11-30 18:33:46+05:30,1256,168.5,41.1,33.3,51.4,650,33,5,184.9
2025-11-30 18:34:46+05:30,1256,165.2,42.3,33.0,50.0,668,28,9,211.5
2025-11-30 18:35:46+05:30,1256,171.7,37.0,33.2,53.6,649,56,10,160.2
2025-11-30 18:36:46+05:30,1256,165.6,36.6,33.0,56.1,613,30,8,182.9
2025-11-30 18:37:46+05:30,1256,173.4,38.5,33.2,51.3,667,25,0,189.2
2025-11-30 18:38:46+05:30,1256,168.1,43.3,33.1,52.8,742,31,3,192.6
2025-11-30 18:39:46+05:30,1256,168.1,37.0,33.3,50.2,672,24,5,157.3
2025-11-30 18:40:46+05:30,1256,173.3,38.8,33.3,54.0,634,32,10,199.9
2025-11-30 18:41:46+05:30,1256,170.3,38.9,33.4,51.9,619,31,4,171.3
2025-11-30 18:42:46+05:30,1256,173.0,38.2,33.0,54.4,660,33,4,160.0
2025-11-30 18:43:46+05:30,1256,173.2,41.2,33.4,54.9,617,26,8,190.0
2025-11-30 18:44:46+05:30,1256,172.9,37.4,33.6,53.9,642,48,6,157.3
2025-11-30 18:45:46+05:30,1256,169.9,36.8,33.1,48.3,672,28,8,170.2
2025-11-30 18:46:46+05:30,1256,170.3,44.8,33.2,51.0,701,33,7,142.8
2025-11-30 18:47:46+05:30,1256,166.1,42.3,33.3,49.2,578,39,4,164.5
2025-11-30 18:48:46+05:30,1256,166.9,39.7,33.5,53.5,658,19,1,131.9
2025-11-30 18:49:46+05:30,1256,168.9,35.3,33.3,51.4,647,24,6,145.4
2025-11-30 18:50:46+05:30,1256,171.2,37.9,33.2,51.8,580,19,4,178.9
2025-11-30 18:51:46+05:30,1256,166.8,39.1,33.3,50.9,613,26,2,185.0
2025-11-30 18:52:46+05:30,1256,170.5,39.3,33.4,50.9,620,22,6,213.9
2025-11-30 18:53:46+05:30,1256,168.4,43.5,33.2,53.3,613,35,8,156.8
2025-11-30 18:54:46+05:30,1256,171.0,35.1,33.5,48.7,633,30,5,176.7
2025-11-30 18:55:46+05:30,1256,173.5,44.3,33.6,53.9,650,17,5,188.3
2025-11-30 18:56:46+05:30,1256,166.6,43.8,33.1,53.5,564,35,0,188.1
2025-11-30 18:57:46+05:30,1256,168.3,41.5,33.7,50.7,649,36,2,176.3
2025-11-30 18:58:46+05:30,1256,169.6,40.7,33.3,51.1,700,21,5,198.2
2025-11-30 18:59:46+05:30,1256,171.1,38.0,33.0,50.6,684,27,3,178.9
2025-11-30 19:00:46+05:30,1256,165.4,42.9,33.0,52.8,703,28,4,179.9
2025-11-30 19:01:46+05:30,1256,165.7,40.0,33.4,51.0,587,28,8,174.3
2025-11-30 19:02:46+05:30,1256,166.1,41.2,33.3,50.8,614,36,6,206.3
2025-11-30 19:03:46+05:30,1256,173.2,39.9,33.8,56.9,617,21,5,169.6
2025-11-30 19:04:46+05:30,1256,171.1,31.7,33.1,49.9,542,27,0,188.1
2025-11-30 19:05:46+05:30,1256,168.2,39.0,33.7,49.8,631,31,5,171.4
2025-11-30 19:06:46+05:30,1256,168.7,35.5,32.9,49.6,689,25,8,184.9
2025-11-30 19:07:46+05:30,1256,173.4,36.4,33.4,53.6,744,35,0,177.6
2025-11-30 19:08:46+05:30,1256,165.1,39.8,33.4,53.1,693,17,10,153.2
2025-11-30 19:09:46+05:30,1256,170.1,32.4,33.2,52.0,679,37,3,177.3
2025-11-30 19:10:46+05:30,1256,168.5,33.4,33.1,49.7,583,43,6,188.7
2025-11-30 19:11:46+05:30,1256,166.0,38.2,33.4,48.7,740,39,4,176.9
2025-11-30 19:12:46+05:30,1256,162.7,42.2,33.8,51.8,683,21,5,162.1
2025-11-30 19:13:46+05:30,1256,168.7,36.9,32.7,50.2,683,24,7,178.0
2025-11-30 19:14:46+05:30,1256,173.1,45.3,33.6,49.9,582,43,4,199.8
2025-11-30 19:15:46+05:30,1256,169.6,41.2,33.7,51.7,729,33,3,178.5
2025-11-30 19:16:46+05:30,1256,170.8,40.1,32.9,53.3,673,29,9,146.2
2025-11-30 19:17:46+05:30,1256,167.3,42.5,33.0,51.5,593,35,2,168.5
2025-11-30 19:18:46+05:30,1256,168.1,42.9,33.2,54.7,720,45,6,184.1
2025-11-30 19:19:46+05:30,1256,165.0,43.0,32.9,50.1,569,17,1,160.2
2025-11-30 19:20:46+05:30,1256,170.1,42.4,32.9,51.8,748,16,7,161.0
2025-11-30 19:21:46+05:30,1256,166.6,38.4,33.3,52.0,606,38,1,166.2
2025-11-30 19:22:46+05:30,1256,175.3,39.3,32.9,53.5,670,27,1,176.2
2025-11-30 19:23:46+05:30,1256,172.6,39.2,33.2,51.9,691,11,4,170.9
2025-11-30 19:24:46+05:30,1256,170.6,37.7,33.2,49.4,620,40,9,197.5
2025-11-30 19:25:46+05:30,1256,168.0,43.3,33.0,52.0,665,19,3,153.7
2025-11-30 19:26:46+05:30,1256,165.1,34.6,33.7,54.5,601,31,10,154.0
2025-11-30 19:27:46+05:30,1256,170.4,35.8,33.4,50.9,656,25,6,185.5
2025-11-30 19:28:46+05:30,1256,171.1,42.9,33.6,51.8,591,19,8,184.8
2025-11-30 19:29:46+05:30,1256,170.8,40.5,32.8,50.8,663,8,2,169.7
2025-11-30 19:30:46+05:30,1256,164.0,39.2,33.0,52.6,710,35,5,202.2
2025-11-30 19:31:46+05:30,1256,178.7,37.2,33.3,55.2,670,31,1,168.8
2025-11-30 19:32:46+05:30,1256,169.0,46.3,33.0,49.4,635,21,7,183.3
2025-11-30 19:33:46+05:30,1256,171.4,40.1,33.1,52.8,651,34,3,194.2
2025-11-30 19:34:46+05:30,1256,169.7,40.0,33.2,49.4,655,19,5,171.8
2025-11-30 19:35:46+05:30,1256,170.0,37.3,33.9,54.1,688,43,7,161.9
2025-11-30 19:36:46+05:30,1256,170.0,43.8,33.1,55.7,559,29,9,214.8
2025-11-30 19:37:46+05:30,1256,171.2,43.3,33.0,52.3,578,17,8,179.5
2025-11-30 19:38:46+05:30,1256,177.6,37.9,33.4,51.4,610,13,8,154.6
2025-11-30 19:39:46+05:30,1256,173.2,37.5,33.3,53.6,596,20,2,177.3
2025-11-30 19:40:46+05:30,1256,168.4,36.0,33.5,54.5,642,37,3,176.9
2025-11-30 19:41:46+05:30,1256,170.9,41.2,33.9,49.3,644,31,7,230.7
2025-11-30 19:42:46+05:30,1256,173.6,43.0,33.6,48.7,764,25,5,164.3
2025-11-30 19:43:46+05:30,1256,171.8,34.7,33.4,53.5,684,51,1,168.5
2025-11-30 19:44:46+05:30,1256,171.2,39.8,33.3,50.8,645,27,4,187.4
2025-11-30 19:45:46+05:30,1256,163.0,35.2,33.8,52.5,690,24,7,190.5
2025-11-30 19:46:46+05:30,1256,170.4,39.7,33.3,54.3,711,22,9,189.1
2025-11-30 19:47:46+05:30,1256,171.9,41.7,33.2,54.2,657,39,1,177.6
2025-11-30 19:48:46+05:30,1256,168.6,39.8,34.0,52.3,500,35,4,182.8
2025-11-30 19:49:46+05:30,1256,168.1,29.5,33.0,51.1,632,11,4,157.5
2025-11-30 19:50:46+05:30,1256,168.4,44.2,33.3,51.1,636,33,1,191.9
2025-11-30 19:51:46+05:30,1256,174.1,40.7,33.6,54.6,651,33,8,189.0
2025-11-30 19:52:46+05:30,1256,174.3,36.0,33.3,50.2,616,36,6,144.3
2025-11-30 19:53:46+05:30,1256,167.2,36.6,33.1,51.4,642,36,3,178.7
2025-11-30 19:54:46+05:30,1256,174.8,41.3,33.3,52.1,678,30,9,184.9
2025-11-30 19:55:46+05:30,1256,170.4,43.4,33.1,54.3,664,21,9,172.6
2025-11-30 19:56:46+05:30,1256,172.7,32.7,33.5,47.7,713,26,6,137.8
2025-11-30 19:57:46+05:30,1256,172.2,35.2,33.1,49.9,626,25,6,202.0
2025-11-30 19:58:46+05:30,1256,170.0,39.6,33.5,54.3,672,36,7,159.8
2025-11-30 19:59:46+05:30,1256,167.5,42.4,33.2,54.0,724,34,0,187.7
2025-11-30 20:00:46+05:30,1256,165.8,40.3,33.3,51.6,629,40,5,178.7
2025-11-30 20:01:46+05:30,1256,166.7,36.7,33.3,53.0,603,32,3,192.5
2025-11-30 20:02:46+05:30,1256,169.2,43.3,33.5,49.5,710,30,3,176.3
2025-11-30 20:03:46+05:30,1256,167.3,42.6,33.4,50.3,642,44,3,170.5
2025-11-30 20:04:46+05:30,1256,169.4,42.5,33.1,53.2,758,17,10,182.7
2025-11-30 20:05:46+05:30,1256,173.1,36.9,33.2,53.1,750,33,7,185.0
2025-11-30 20:06:46+05:30,1256,169.4,41.8,33.3,51.8,642,31,3,169.6
2025-11-30 20:07:46+05:30,1256,169.2,38.1,33.0,54.1,600,26,5,167.6
2025-11-30 20:08:46+05:30,1256,170.7,36.2,33.6,49.8,720,14,8,188.1
2025-11-30 20:09:46+05:30,1256,167.7,40.5,33.4,48.3,663,22,2,193.7
2025-11-30 20:10:46+05:30,1256,167.8,40.1,33.8,49.3,633,46,3,133.5
2025-11-30 20:11:46+05:30,1256,167.0,43.9,33.6,50.6,647,49,5,177.3
2025-11-30 20:12:46+05:30,1256,172.8,45.5,33.0,53.6,603,22,5,204.5
2025-11-30 20:13:46+05:30,1256,167.1,45.5,33.9,51.8,716,42,2,149.2
2025-11-30 20:14:46+05:30,1256,169.4,44.1,32.9,49.7,608,26,0,181.1
2025-11-30 20:15:46+05:30,1256,165.8,40.3,33.2,52.1,586,42,4,159.0
2025-11-30 20:16:46+05:30,1256,164.2,43.2,33.7,52.5,654,26,8,186.1
2025-11-30 20:17:46+05:30,1256,169.0,41.5,33.1,54.4,621,25,7,170.6
2025-11-30 20:18:46+05:30,1256,170.1,35.6,33.2,49.5,641,32,0,167.6
2025-11-30 20:19:46+05:30,1256,168.0,34.5,32.9,52.6,570,38,4,182.2
2025-11-30 20:20:46+05:30,1256,171.1,37.8,33.4,52.2,599,18,7,193.0
2025-11-30 20:21:46+05:30,1256,171.2,40.9,33.1,51.8,661,28,6,157.9
2025-11-30 20:22:46+05:30,1256,165.3,37.4,33.3,52.8,618,33,4,185.4
2025-11-30 20:23:46+05:30,1256,167.4,39.4,33.3,55.5,801,24,6,167.8
2025-11-30 20:24:46+05:30,1256,173.3,37.5,33.3,52.7,680,29,4,169.1
2025-11-30 20:25:46+05:30,1256,171.8,40.2,33.1,49.0,662,39,4,191.0
2025-11-30 20:26:46+05:30,1256,174.9,36.4,33.3,49.8,686,26,6,145.6
2025-11-30 20:27:46+05:30,1256,170.3,40.3,33.2,55.8,664,28,1,156.3
2025-11-30 20:28:46+05:30,1256,171.7,37.8,33.7,53.9,673,43,2,194.0
2025-11-30 20:29:46+05:30,1256,169.2,42.7,33.4,52.5,663,21,6,173.2
2025-11-30 20:30:46+05:30,1256,175.1,39.4,33.0,53.0,689,19,0,194.0
2025-11-30 20:31:46+05:30,1256,172.4,41.4,33.5,52.4,624,19,8,182.4
2025-11-30 20:32:46+05:30,1256,167.2,39.7,33.3,52.7,616,42,3,188.0
2025-11-30 20:33:46+05:30,1256,169.2,38.9,33.1,52.1,647,40,6,218.3
2025-11-30 20:34:46+05:30,1256,168.8,41.5,33.2,47.7,692,36,8,180.7
2025-11-30 20:35:46+05:30,1256,167.4,41.3,33.8,51.6,643,33,7,155.6
2025-11-30 20:36:46+05:30,1256,166.2,40.6,33.3,50.7,671,24,4,195.2
2025-11-30 20:37:46+05:30,1256,173.0,39.5,33.2,56.5,678,25,4,188.8
2025-11-30 20:38:46+05:30,1256,174.7,36.9,33.6,52.9,653,30,0,193.5
2025-11-30 20:39:46+05:30,1256,172.2,39.9,32.9,51.8,683,28,5,184.6
2025-11-30 20:40:46+05:30,1256,167.7,42.9,32.9,51.7,668,35,6,136.4
2025-11-30 20:41:46+05:30,1256,165.1,33.9,33.4,48.3,591,38,2,171.0
2025-11-30 20:42:46+05:30,1256,177.0,40.3,33.3,52.7,654,27,0,197.0
2025-11-30 20:43:46+05:30,1256,170.2,36.2,33.2,49.6,642,32,8,206.9
2025-11-30 20:44:46+05:30,1256,173.7,42.8,33.5,53.5,762,6,2,168.8
2025-11-30 20:45:46+05:30,1256,168.2,40.4,33.4,50.2,656,26,3,187.3
2025-11-30 20:46:46+05:30,1256,174.4,42.8,32.8,54.0,663,34,4,170.9
2025-11-30 20:47:46+05:30,1256,170.2,39.0,33.2,52.2,654,38,7,163.8
2025-11-30 20:48:46+05:30,1256,167.9,37.3,33.7,52.4,664,32,4,198.5
2025-11-30 20:49:46+05:30,1256,171.2,41.6,33.2,50.5,696,46,3,207.5
2025-11-30 20:50:46+05:30,1256,168.5,41.1,32.9,50.9,751,34,1,182.2
2025-11-30 20:51:46+05:30,1256,170.6,40.0,33.5,47.3,629,33,11,175.9
2025-11-30 20:52:46+05:30,1256,172.2,40.5,33.0,50.2,725,14,1,175.4
2025-11-30 20:53:46+05:30,1256,167.5,40.1,33.4,53.9,704,33,6,146.6
2025-11-30 20:54:46+05:30,1256,171.8,39.1,33.3,54.9,755,28,5,192.0
2025-11-30 20:55:46+05:30,1256,170.9,45.4,33.0,58.0,675,26,9,208.2
2025-11-30 20:56:46+05:30,1256,165.8,42.4,33.4,51.8,676,24,5,180.9
2025-11-30 20:57:46+05:30,1256,165.9,38.3,33.3,55.5,597,25,9,196.0
2025-11-30 20:58:46+05:30,1256,172.0,39.9,33.3,51.8,695,24,5,168.7
2025-11-30 20:59:46+05:30,1256,166.1,45.7,32.8,50.0,687,25,3,159.6
2025-11-30 21:00:46+05:30,1256,168.3,45.1,33.5,50.8,604,34,1,176.3
2025-11-30 21:01:46+05:30,1256,167.1,39.0,32.9,57.9,675,34,8,190.8
2025-11-30 21:02:46+05:30,1256,167.5,40.6,33.1,53.2,693,34,3,197.9
2025-11-30 21:03:46+05:30,1256,171.3,49.5,33.4,52.1,676,14,5,168.1
2025-11-30 21:04:46+05:30,1256,168.5,43.2,33.7,49.9,681,49,8,206.0
2025-11-30 21:05:46+05:30,1256,172.2,49.0,33.0,52.3,697,35,3,162.9
2025-11-30 21:06:46+05:30,1256,166.5,41.2,33.3,53.5,607,18,5,175.4
2025-11-30 21:07:46+05:30,1256,172.1,46.1,33.5,53.9,599,42,3,198.8
2025-11-30 21:08:46+05:30,1256,163.8,37.5,32.8,53.5,620,23,8,173.6
2025-11-30 21:09:46+05:30,1256,172.0,37.8,33.5,50.9,555,26,2,202.3
2025-11-30 21:10:46+05:30,1256,172.7,42.1,33.3,56.0,658,13,9,179.7
2025-11-30 21:11:46+05:30,1256,168.8,42.4,33.4,51.5,769,0,5,178.9
2025-11-30 21:12:46+05:30,1256,166.1,43.1,33.1,50.7,654,21,1,203.5
2025-11-30 21:13:46+05:30,1256,168.8,40.7,33.2,50.3,734,31,6,163.0
2025-11-30 21:14:46+05:30,1256,169.5,43.8,33.7,51.3,559,31,8,176.6
2025-11-30 21:15:46+05:30,1256,171.6,38.2,33.7,52.6,674,34,7,177.7
2025-11-30 21:16:46+05:30,1256,174.2,44.1,33.5,53.9,723,20,4,156.5
2025-11-30 21:17:46+05:30,1256,166.4,40.0,33.6,53.1,713,37,0,167.2
2025-11-30 21:18:46+05:30,1256,170.0,43.0,33.3,51.7,636,18,3,169.8
2025-11-30 21:19:46+05:30,1256,163.1,45.4,33.4,52.7,561,29,8,202.6
2025-11-30 21:20:46+05:30,1256,171.3,41.6,33.4,50.6,615,17,4,196.7
2025-11-30 21:21:46+05:30,1256,170.9,43.4,33.5,53.3,706,23,4,182.2
2025-11-30 21:22:46+05:30,1256,169.8,41.5,33.7,50.2,545,13,5,196.2
2025-11-30 21:23:46+05:30,1256,168.9,41.1,32.8,51.4,688,32,2,161.3
2025-11-30 21:24:46+05:30,1256,166.0,41.5,33.1,51.0,667,43,5,195.2
2025-11-30 21:25:46+05:30,1256,167.7,40.8,33.6,55.2,617,13,8,222.1
2025-11-30 21:26:46+05:30,1256,172.0,44.7,33.2,52.6,644,40,8,233.9
2025-11-30 21:27:46+05:30,1256,166.2,40.7,33.3,56.6,653,16,5,203.4
2025-11-30 21:28:46+05:30,1256,170.1,35.5,33.4,54.9,597,30,0,164.3
2025-11-30 21:29:46+05:30,1256,168.6,40.2,33.0,52.0,634,20,1,204.3
2025-11-30 21:30:46+05:30,1256,168.8,40.5,33.3,50.2,664,32,1,187.5
2025-11-30 21:31:46+05:30,1256,169.3,45.3,33.8,53.2,697,17,8,171.1
2025-11-30 21:32:46+05:30,1256,172.8,38.4,32.7,48.2,636,24,1,185.0
2025-11-30 21:33:46+05:30,1256,167.3,44.3,33.5,50.5,566,33,3,146.6
2025-11-30 21:34:46+05:30,1256,171.2,33.9,33.1,52.9,709,25,6,230.8
2025-11-30 21:35:46+05:30,1256,166.5,41.7,33.3,49.1,691,35,1,169.5
2025-11-30 21:36:46+05:30,1256,167.5,37.3,32.8,52.2,579,21,4,202.0
2025-11-30 21:37:46+05:30,1256,174.0,39.8,33.8,51.3,696,25,5,190.9
2025-11-30 21:38:46+05:30,1256,168.0,35.8,32.9,53.9,630,26,0,194.7
2025-11-30 21:39:46+05:30,1256,171.5,40.7,33.4,51.5,684,16,2,195.1
2025-11-30 21:40:46+05:30,1256,173.2,38.1,33.6,54.8,715,32,2,205.9
2025-11-30 21:41:46+05:30,1256,169.3,40.1,33.6,52.1,559,25,3,191.5
2025-11-30 21:42:46+05:30,1256,174.6,45.5,33.5,50.9,700,41,3,169.8
2025-11-30 21:43:46+05:30,1256,169.6,44.3,33.5,53.1,671,13,0,142.8
2025-11-30 21:44:46+05:30,1256,174.6,37.9,33.2,52.3,590,23,3,189.6
2025-11-30 21:45:46+05:30,1256,168.2,40.8,32.6,49.9,712,32,4,190.9
2025-11-30 21:46:46+05:30,1256,171.3,37.1,33.3,48.7,625,38,0,189.8
2025-11-30 21:47:46+05:30,1256,172.1,42.7,33.1,49.1,680,33,7,205.5
2025-11-30 21:48:46+05:30,1256,168.3,39.4,33.4,49.6,764,32,3,200.3
2025-11-30 21:49:46+05:30,1256,170.4,42.2,33.3,52.5,654,41,8,167.8
2025-11-30 21:50:46+05:30,1256,168.7,38.1,33.7,53.8,667,30,0,227.5
2025-11-30 21:51:46+05:30,1256,172.6,41.0,33.4,52.6,635,42,3,207.5
2025-11-30 21:52:46+05:30,1256,165.2,38.0,33.3,49.6,603,32,1,188.3
2025-11-30 21:53:46+05:30,1256,170.0,37.1,33.6,51.4,581,30,2,215.6
2025-11-30 21:54:46+05:30,1256,173.4,38.2,33.4,49.3,629,44,0,172.2
2025-11-30 21:55:46+05:30,1256,174.0,38.8,33.3,55.1,629,40,4,217.9
2025-11-30 21:56:46+05:30,1256,170.9,43.3,33.8,55.5,671,42,4,180.7
2025-11-30 21:57:46+05:30,1256,168.0,38.4,33.4,49.0,555,18,4,167.5
2025-11-30 21:58:46+05:30,1256,167.9,35.8,33.3,52.8,676,35,3,200.5
2025-11-30 21:59:46+05:30,1256,167.5,33.4,32.7,55.6,725,32,0,213.6
2025-11-30 22:00:46+05:30,1256,170.4,34.2,33.2,53.9,682,35,8,189.3
2025-11-30 22:01:46+05:30,1256,173.2,41.2,33.1,55.4,580,43,6,185.4
2025-11-30 22:02:46+05:30,1256,173.9,44.1,33.3,50.6,728,47,6,189.9
2025-11-30 22:03:46+05:30,1256,175.1,36.6,34.2,51.7,694,14,5,179.6
2025-11-30 22:04:46+05:30,1256,173.6,36.6,33.2,54.1,648,39,6,179.9
2025-11-30 22:05:46+05:30,1256,165.5,41.6,33.3,53.1,585,0,4,183.4
2025-11-30 22:06:46+05:30,1256,170.9,43.4,33.3,54.4,681,37,7,194.7
2025-11-30 22:07:46+05:30,1256,169.4,38.9,32.8,49.0,688,31,8,162.4
2025-11-30 22:08:46+05:30,1256,168.7,42.7,33.3,50.8,512,25,6,191.4
2025-11-30 22:09:46+05:30,1256,164.9,42.9,32.8,53.6,704,24,7,192.8
2025-11-30 22:10:46+05:30,1256,172.4,35.7,33.1,52.4,727,36,6,135.6
2025-11-30 22:11:46+05:30,1256,168.7,39.1,32.5,50.1,596,28,0,181.6
2025-11-30 22:12:46+05:30,1256,167.3,44.7,33.2,51.4,610,44,3,192.4
2025-11-30 22:13:46+05:30,1256,170.8,34.9,34.0,52.0,654,23,5,166.3
2025-11-30 22:14:46+05:30,1256,170.6,36.9,33.5,52.6,496,24,6,165.2
2025-11-30 22:15:46+05:30,1256,170.1,41.6,33.4,50.0,625,27,0,186.0
2025-11-30 22:16:46+05:30,1256,167.6,42.5,32.8,52.4,638,16,10,186.3
2025-11-30 22:17:46+05:30,1256,172.9,41.8,33.2,48.9,754,39,4,181.6
2025-11-30 22:18:46+05:30,1256,169.0,37.8,33.7,56.2,541,32,4,170.2
2025-11-30 22:19:46+05:30,1256,165.9,37.3,33.4,54.0,621,35,7,200.3
2025-11-30 22:20:46+05:30,1256,165.7,40.1,33.1,53.4,668,46,7,209.0
2025-11-30 22:21:46+05:30,1256,172.9,42.8,33.3,50.4,707,30,9,207.5
2025-11-30 22:22:46+05:30,1256,169.8,34.7,33.2,55.1,707,36,2,199.3
2025-11-30 22:23:46+05:30,1256,167.4,41.5,33.3,52.0,749,55,3,179.1
2025-11-30 22:24:46+05:30,1256,172.4,41.7,33.8,54.4,623,23,4,154.4
2025-11-30 22:25:46+05:30,1256,167.2,38.9,33.6,53.2,649,33,10,131.6
2025-11-30 22:26:46+05:30,1256,167.4,38.1,32.9,52.3,600,41,6,158.6
2025-11-30 22:27:46+05:30,1256,167.5,42.6,33.0,53.9,616,40,4,192.6
2025-11-30 22:28:46+05:30,1256,169.8,41.5,34.1,49.2,660,41,7,201.9
2025-11-30 22:29:46+05:30,1256,171.2,42.6,33.3,55.1,595,23,8,189.9
2025-11-30 22:30:46+05:30,1256,169.0,33.5,33.6,50.9,720,38,3,166.2
2025-11-30 22:31:46+05:30,1256,170.7,39.1,33.2,51.6,617,29,4,212.3
2025-11-30 22:32:46+05:30,1256,168.5,40.9,33.5,48.1,646,30,6,155.7
2025-11-30 22:33:46+05:30,1256,169.7,40.3,33.2,51.0,643,20,7,189.8
2025-11-30 22:34:46+05:30,1256,165.3,45.8,33.1,48.8,603,25,0,193.8
2025-11-30 22:35:46+05:30,1256,173.4,37.5,33.1,51.2,712,31,3,217.1
2025-11-30 22:36:46+05:30,1256,164.3,41.5,32.7,53.4,577,27,6,161.8
2025-11-30 22:37:46+05:30,1256,168.6,41.9,33.8,52.4,722,31,2,164.7
2025-11-30 22:38:46+05:30,1256,166.7,38.2,33.5,49.1,656,21,4,210.2
2025-11-30 22:39:46+05:30,1256,177.3,40.1,33.1,55.0,695,25,2,194.6
2025-11-30 22:40:46+05:30,1256,171.8,35.8,33.0,53.3,633,45,5,161.1
2025-11-30 22:41:46+05:30,1256,172.7,44.0,33.6,53.9,698,20,3,172.1
2025-11-30 22:42:46+05:30,1256,164.6,43.9,32.9,51.2,598,21,2,165.7
2025-11-30 22:43:46+05:30,1256,164.1,39.5,33.1,51.6,602,28,2,154.1
2025-11-30 22:44:46+05:30,1256,174.8,39.9,33.2,52.1,711,54,3,178.5
2025-11-30 22:45:46+05:30,1256,168.5,35.6,33.3,54.2,572,33,4,178.2
2025-11-30 22:46:46+05:30,1256,167.0,42.8,33.6,54.0,689,30,8,189.7
2025-11-30 22:47:46+05:30,1256,162.2,47.3,33.5,54.1,633,39,3,160.5
2025-11-30 22:48:46+05:30,1256,169.8,31.1,33.4,52.9,720,25,5,164.7
2025-11-30 22:49:46+05:30,1256,167.4,41.2,33.6,50.0,582,17,6,165.2
2025-11-30 22:50:46+05:30,1256,167.1,38.7,33.2,53.7,671,23,6,162.7
2025-11-30 22:51:46+05:30,1256,169.7,44.3,33.3,52.1,643,23,4,144.4
2025-11-30 22:52:46+05:30,1256,169.2,39.3,33.2,51.9,701,42,6,194.1
2025-11-30 22:53:46+05:30,1256,167.4,40.2,33.3,52.9,706,20,0,163.7
2025-11-30 22:54:46+05:30,1256,170.1,39.0,33.7,48.2,622,50,5,169.3
2025-11-30 22:55:46+05:30,1256,168.2,39.2,33.7,52.8,725,20,2,172.1
2025-11-30 22:56:46+05:30,1256,163.9,41.4,33.1,55.8,634,36,6,146.6
2025-11-30 22:57:46+05:30,1256,167.9,40.9,33.4,50.2,664,28,4,163.8
2025-11-30 22:58:46+05:30,1256,168.0,42.2,32.9,53.3,585,31,3,158.7
2025-11-30 22:59:46+05:30,1256,171.5,36.7,33.4,50.7,605,30,1,190.4
2025-11-30 23:00:46+05:30,1256,170.7,39.4,33.4,52.2,624,37,6,203.8
2025-11-30 23:01:46+05:30,1256,170.1,35.1,33.6,50.0,685,35,2,178.4
2025-11-30 23:02:46+05:30,1256,168.8,40.8,33.6,52.3,598,18,3,194.5
2025-11-30 23:03:46+05:30,1256,166.3,39.5,33.4,49.3,596,28,2,173.5
2025-11-30 23:04:46+05:30,1256,172.0,44.0,33.5,49.1,609,53,6,162.0
2025-11-30 23:05:46+05:30,1256,166.3,42.8,33.5,46.8,695,29,11,180.2
2025-11-30 23:06:46+05:30,1256,174.3,38.8,33.3,56.2,630,26,5,202.0
2025-11-30 23:07:46+05:30,1256,175.8,40.5,33.1,49.0,656,26,7,168.0
2025-11-30 23:08:46+05:30,1256,170.6,45.4,33.4,48.1,668,35,7,129.6
2025-11-30 23:09:46+05:30,1256,170.9,41.2,32.4,54.6,602,34,8,171.1
2025-11-30 23:10:46+05:30,1256,167.1,38.2,33.4,50.0,619,32,5,183.7
2025-11-30 23:11:46+05:30,1256,170.3,40.3,33.6,51.2,620,20,4,139.6
2025-11-30 23:12:46+05:30,1256,170.3,41.0,33.4,53.1,608,28,6,194.5
2025-11-30 23:13:46+05:30,1256,167.6,37.4,32.7,49.2,662,25,0,186.8
2025-11-30 23:14:46+05:30,1256,174.3,41.6,32.9,52.5,697,32,7,204.9
2025-11-30 23:15:46+05:30,1256,171.5,38.7,33.3,47.3,702,29,2,194.1
2025-11-30 23:16:46+05:30,1256,168.6,39.0,33.2,51.5,610,13,7,187.5
2025-11-30 23:17:46+05:30,1256,168.7,42.4,33.8,51.3,696,25,9,160.2
2025-11-30 23:18:46+05:30,1256,167.0,36.0,33.1,53.1,686,24,0,167.8
2025-11-30 23:19:46+05:30,1256,170.8,42.9,32.7,50.1,657,31,0,154.5
2025-11-30 23:20:46+05:30,1256,169.9,43.4,33.4,51.8,700,9,3,237.8
2025-11-30 23:21:46+05:30,1256,165.3,40.0,33.4,53.2,711,43,6,159.8
2025-11-30 23:22:46+05:30,1256,168.7,38.7,33.0,51.0,584,20,0,167.6
2025-11-30 23:23:46+05:30,1256,167.1,39.1,33.3,48.4,640,38,7,153.9
2025-11-30 23:24:46+05:30,1256,169.9,39.0,33.4,54.2,668,25,3,141.1
2025-11-30 23:25:46+05:30,1256,169.5,37.9,33.3,53.4,716,14,9,205.7
2025-11-30 23:26:46+05:30,1256,172.0,40.1,33.2,51.4,686,19,6,168.2
2025-11-30 23:27:46+05:30,1256,174.3,37.5,33.6,53.9,614,28,2,201.2
2025-11-30 23:28:46+05:30,1256,170.7,38.3,33.4,53.1,685,37,1,128.4
2025-11-30 23:29:46+05:30,1256,172.5,43.2,33.7,53.7,750,33,5,168.4
2025-11-30 23:30:46+05:30,1256,163.0,43.1,32.9,52.2,663,43,0,188.9
2025-11-30 23:31:46+05:30,1256,164.0,43.6,32.9,48.8,696,28,7,168.7
2025-11-30 23:32:46+05:30,1256,169.9,40.0,33.4,51.9,663,16,2,191.1
2025-11-30 23:33:46+05:30,1256,165.3,42.1,33.7,53.4,525,42,2,164.5
2025-11-30 23:34:46+05:30,1256,167.6,40.2,32.4,53.8,741,43,8,146.4
2025-11-30 23:35:46+05:30,1256,174.4,41.3,33.9,50.7,724,16,2,195.6
2025-11-30 23:36:46+05:30,1256,168.1,36.4,33.0,50.3,703,26,9,199.6
2025-11-30 23:37:46+05:30,1256,166.2,42.2,33.8,51.9,640,28,4,166.0
2025-11-30 23:38:46+05:30,1256,166.6,38.1,33.3,49.3,546,41,5,172.1
2025-11-30 23:39:46+05:30,1256,172.8,39.6,33.0,51.7,694,28,7,193.2
2025-11-30 23:40:46+05:30,1256,172.9,45.6,32.8,48.3,607,0,7,192.6
2025-11-30 23:41:46+05:30,1256,170.4,43.4,33.4,53.3,611,24,7,222.2
2025-11-30 23:42:46+05:30,1256,171.1,34.4,32.9,52.4,684,43,6,161.6
2025-11-30 23:43:46+05:30,1256,171.3,41.7,33.3,52.8,693,5,0,157.5
2025-11-30 23:44:46+05:30,1256,171.4,38.4,33.0,50.7,608,22,7,192.1
2025-11-30 23:45:46+05:30,1256,175.1,40.4,33.2,54.8,738,23,2,195.6
2025-11-30 23:46:46+05:30,1256,168.1,42.0,33.5,54.3,670,44,3,187.9
2025-11-30 23:47:46+05:30,1256,169.0,38.4,33.7,54.9,650,57,2,170.7
2025-11-30 23:48:46+05:30,1256,166.6,46.3,33.5,53.6,666,36,4,198.5
2025-11-30 23:49:46+05:30,1256,170.1,40.1,33.4,51.6,633,22,9,180.6
2025-11-30 23:50:46+05:30,1256,169.5,42.7,33.4,48.5,609,34,4,184.4
2025-11-30 23:51:46+05:30,1256,167.4,37.8,33.2,56.0,621,6,4,208.5
2025-11-30 23:52:46+05:30,1256,169.2,42.8,33.6,50.4,759,21,5,175.0
2025-11-30 23:53:46+05:30,1256,166.8,42.9,33.4,50.5,715,36,3,169.5
2025-11-30 23:54:46+05:30,1256,169.9,35.3,33.4,50.6,791,30,5,156.2
2025-11-30 23:55:46+05:30,1256,170.1,39.1,32.9,52.7,762,42,8,244.8
2025-11-30 23:56:46+05:30,1256,172.5,41.6,33.7,53.0,587,17,8,171.4
2025-11-30 23:57:46+05:30,1256,171.2,39.5,33.5,51.4,713,29,2,237.8
2025-11-30 23:58:46+05:30,1256,170.2,39.8,33.5,54.1,616,52,7,147.6
2025-11-30 23:59:46+05:30,1256,169.8,43.0,33.9,50.0,618,34,4,177.1
2025-12-01 00:00:46+05:30,1256,164.5,35.8,33.0,51.0,682,34,7,160.7
2025-12-01 00:01:46+05:30,1256,176.5,35.9,33.7,53.5,638,22,5,161.4
2025-12-01 00:02:46+05:30,1256,173.4,41.6,32.8,54.1,631,33,5,183.9
2025-12-01 00:03:46+05:30,1256,178.9,44.0,33.5,51.6,673,44,7,164.0
2025-12-01 00:04:46+05:30,1256,168.0,32.2,33.8,51.4,625,23,1,208.2
2025-12-01 00:05:46+05:30,1256,171.0,43.4,33.3,50.6,613,34,9,173.0
2025-12-01 00:06:46+05:30,1256,169.5,44.4,33.7,51.1,680,23,1,197.3
2025-12-01 00:07:46+05:30,1256,172.0,40.5,33.1,50.2,672,15,8,203.1
2025-12-01 00:08:46+05:30,1256,168.0,34.0,32.9,51.9,592,27,2,157.5
2025-12-01 00:09:46+05:30,1256,166.6,36.8,33.4,53.3,632,49,4,174.0
2025-12-01 00:10:46+05:30,1256,168.1,40.0,33.7,52.6,657,24,2,175.5
2025-12-01 00:11:46+05:30,1256,168.8,43.3,33.8,51.1,601,31,10,155.3
2025-12-01 00:12:46+05:30,1256,167.0,39.4,33.8,52.9,660,34,5,150.8
2025-12-01 00:13:46+05:30,1256,170.9,41.9,33.0,52.8,583,36,2,156.5
2025-12-01 00:14:46+05:30,1256,164.6,34.8,33.6,50.3,636,32,7,129.6
2025-12-01 00:15:46+05:30,1256,174.3,37.6,33.1,50.7,646,21,6,185.3
2025-12-01 00:16:46+05:30,1256,165.2,42.5,33.2,54.5,633,30,0,150.9
2025-12-01 00:17:46+05:30,1256,171.9,40.2,33.1,50.6,677,40,7,194.9
2025-12-01 00:18:46+05:30,1256,176.2,41.6,33.5,49.3,630,45,6,187.7
2025-12-01 00:19:46+05:30,1256,174.9,40.7,33.9,52.7,677,24,8,193.7
2025-12-01 00:20:46+05:30,1256,174.3,37.0,33.4,52.6,686,13,5,163.5
2025-12-01 00:21:46+05:30,1256,172.3,42.4,33.3,49.3,680,55,10,174.9
2025-12-01 00:22:46+05:30,1256,164.8,36.2,32.5,52.9,711,29,0,192.8
2025-12-01 00:23:46+05:30,1256,166.9,40.3,32.7,54.0,621,22,4,200.3
2025-12-01 00:24:46+05:30,1256,173.5,45.3,33.6,55.8,656,13,8,218.1
2025-12-01 00:25:46+05:30,1256,168.2,44.3,33.7,51.7,746,20,0,178.1
2025-12-01 00:26:46+05:30,1256,170.2,35.8,33.3,51.9,646,37,8,187.4
2025-12-01 00:27:46+05:30,1256,167.3,36.3,33.4,50.9,760,16,8,191.0
2025-12-01 00:28:46+05:30,1256,169.7,45.0,33.0,53.0,649,59,7,206.8
2025-12-01 00:29:46+05:30,1256,169.0,42.7,33.4,51.4,564,26,3,167.4
2025-12-01 00:30:46+05:30,1256,164.5,42.9,33.3,49.6,633,26,2,206.3
2025-12-01 00:31:46+05:30,1256,168.3,41.1,33.3,49.7,627,18,15,171.8
2025-12-01 00:32:46+05:30,1256,170.0,45.4,33.3,53.1,645,45,8,192.6
2025-12-01 00:33:46+05:30,1256,167.4,42.0,33.0,51.5,632,34,0,222.7
2025-12-01 00:34:46+05:30,1256,170.5,35.9,33.8,52.0,663,38,5,160.5
2025-12-01 00:35:46+05:30,1256,172.9,40.7,33.1,55.1,711,21,2,180.0
2025-12-01 00:36:46+05:30,1256,166.3,41.3,33.1,54.8,618,27,6,186.4
2025-12-01 00:37:46+05:30,1256,170.7,36.4,33.4,52.8,687,23,5,167.0
2025-12-01 00:38:46+05:30,1256,166.4,40.4,33.0,53.5,668,16,5,172.2
2025-12-01 00:39:46+05:30,1256,174.6,38.7,33.7,52.9,672,32,0,194.3
2025-12-01 00:40:46+05:30,1256,172.9,39.4,33.3,48.3,676,32,5,159.9
2025-12-01 00:41:46+05:30,1256,164.2,33.5,32.9,56.5,606,33,5,170.5
2025-12-01 00:42:46+05:30,1256,165.7,36.3,33.8,48.8,670,42,0,176.7
2025-12-01 00:43:46+05:30,1256,165.2,40.0,32.9,49.5,603,36,3,174.5
2025-12-01 00:44:46+05:30,1256,171.9,41.2,33.3,51.9,548,20,5,197.5
2025-12-01 00:45:46+05:30,1256,171.4,41.4,33.5,51.1,565,41,7,194.3
2025-12-01 00:46:46+05:30,1256,170.8,40.3,33.7,54.6,656,20,8,171.2
2025-12-01 00:47:46+05:30,1256,169.8,44.8,33.6,51.9,675,41,3,175.9
2025-12-01 00:48:46+05:30,1256,170.0,36.8,33.3,50.9,582,48,0,149.5
2025-12-01 00:49:46+05:30,1256,167.6,31.8,33.4,55.1,683,32,6,174.4
2025-12-01 00:50:46+05:30,1256,165.9,38.5,33.3,54.0,650,40,4,160.2
2025-12-01 00:51:46+05:30,1256,170.5,45.3,33.3,54.6,633,36,3,175.3
2025-12-01 00:52:46+05:30,1256,171.6,41.2,32.7,55.6,667,49,3,180.9
2025-12-01 00:53:46+05:30,1256,167.6,39.1,33.4,51.1,682,36,6,203.7
2025-12-01 00:54:46+05:30,1256,168.8,42.5,32.9,54.5,682,12,3,162.7
2025-12-01 00:55:46+05:30,1256,172.1,40.3,33.2,53.7,588,30,4,159.5
2025-12-01 00:56:46+05:30,1256,163.5,44.5,33.4,51.9,602,26,7,176.8
2025-12-01 00:57:46+05:30,1256,173.5,37.5,33.6,51.2,583,29,7,178.8
2025-12-01 00:58:46+05:30,1256,165.5,40.7,33.5,52.1,673,27,7,176.6
2025-12-01 00:59:46+05:30,1256,171.7,41.0,33.7,49.8,647,32,4,192.1
2025-12-01 01:00:46+05:30,1256,164.0,35.1,33.3,52.0,615,32,2,175.5
2025-12-01 01:01:46+05:30,1256,172.8,38.4,33.1,50.9,651,28,9,169.2
2025-12-01 01:02:46+05:30,1256,171.8,44.2,33.2,50.8,684,35,6,239.4
2025-12-01 01:03:46+05:30,1256,171.5,40.2,32.8,49.4,677,30,9,183.1
2025-12-01 01:04:46+05:30,1256,170.0,43.8,33.1,49.5,641,31,8,195.7
2025-12-01 01:05:46+05:30,1256,168.9,34.2,33.1,53.0,669,34,6,165.5
2025-12-01 01:06:46+05:30,1256,172.2,39.2,33.3,50.0,638,27,3,182.0
2025-12-01 01:07:46+05:30,1256,164.7,34.6,33.3,49.7,687,25,5,167.3
2025-12-01 01:08:46+05:30,1256,165.1,38.3,33.5,55.3,636,36,6,177.7
2025-12-01 01:09:46+05:30,1256,173.1,40.4,32.7,55.2,598,16,3,186.3
2025-12-01 01:10:46+05:30,1256,171.7,47.0,33.1,50.7,649,34,4,175.3
2025-12-01 01:11:46+05:30,1256,166.0,36.3,33.3,51.1,655,35,0,196.3
2025-12-01 01:12:46+05:30,1256,173.9,37.5,33.7,50.1,585,37,4,168.7
2025-12-01 01:13:46+05:30,1256,167.7,39.3,33.2,50.1,671,18,12,148.7
2025-12-01 01:14:46+05:30,1256,171.1,42.6,33.4,53.6,536,33,5,228.3
2025-12-01 01:15:46+05:30,1256,175.1,41.2,33.4,52.8,639,39,8,176.2
2025-12-01 01:16:46+05:30,1256,172.6,39.5,32.9,52.4,594,29,0,173.0
2025-12-01 01:17:46+05:30,1256,173.6,40.7,33.7,52.9,671,24,5,201.5
2025-12-01 01:18:46+05:30,1256,168.7,36.3,33.5,51.0,659,38,8,176.3
2025-12-01 01:19:46+05:30,1256,173.0,44.7,32.8,51.5,714,17,6,197.8
2025-12-01 01:20:46+05:30,1256,168.3,40.7,33.6,51.3,716,22,2,178.4
2025-12-01 01:21:46+05:30,1256,171.8,38.2,33.4,55.6,675,26,4,182.3
2025-12-01 01:22:46+05:30,1256,169.6,38.5,33.4,54.3,610,34,0,186.3
2025-12-01 01:23:46+05:30,1256,168.2,36.9,33.0,52.5,643,43,8,150.6
2025-12-01 01:24:46+05:30,1256,167.6,35.2,33.7,49.9,756,26,9,160.4
2025-12-01 01:25:46+05:30,1256,171.1,35.7,33.2,52.6,581,38,7,216.1
2025-12-01 01:26:46+05:30,1256,170.1,40.0,33.4,55.2,611,17,5,163.0
2025-12-01 01:27:46+05:30,1256,170.6,39.8,33.5,53.4,605,8,4,170.2
2025-12-01 01:28:46+05:30,1256,172.1,43.1,33.0,50.5,668,26,2,166.9
2025-12-01 01:29:46+05:30,1256,172.6,40.5,33.3,56.7,600,24,0,180.0
2025-12-01 01:30:46+05:30,1256,172.1,40.3,33.7,51.4,684,52,6,197.9
2025-12-01 01:31:46+05:30,1256,168.4,39.4,33.1,55.7,652,37,2,174.1
2025-12-01 01:32:46+05:30,1256,169.6,42.6,33.7,50.5,547,43,7,214.1
2025-12-01 01:33:46+05:30,1256,165.9,43.0,32.9,55.5,703,25,1,207.5
2025-12-01 01:34:46+05:30,1256,170.5,37.3,32.8,49.4,632,25,9,175.3
2025-12-01 01:35:46+05:30,1256,169.4,42.3,33.8,54.3,778,31,11,176.5
2025-12-01 01:36:46+05:30,1256,169.8,38.0,33.2,51.4,739,43,9,182.2
2025-12-01 01:37:46+05:30,1256,171.9,43.5,33.3,53.2,679,24,3,198.4
2025-12-01 01:38:46+05:30,1256,171.3,39.5,33.6,54.8,680,23,6,197.1
2025-12-01 01:39:46+05:30,1256,167.5,40.9,33.1,51.0,584,15,10,199.3
2025-12-01 01:40:46+05:30,1256,171.6,39.9,33.9,52.8,667,27,2,188.0
2025-12-01 01:41:46+05:30,1256,168.7,39.2,33.4,51.2,583,39,5,186.1
2025-12-01 01:42:46+05:30,1256,174.6,40.1,33.4,51.7,660,41,4,188.2
2025-12-01 01:43:46+05:30,1256,169.0,39.5,33.0,51.4,658,25,5,187.2
2025-12-01 01:44:46+05:30,1256,167.8,37.6,33.0,54.9,607,22,5,165.2
2025-12-01 01:45:46+05:30,1256,173.2,37.0,33.0,49.7,680,26,5,214.6
2025-12-01 01:46:46+05:30,1256,170.3,43.8,33.3,56.6,696,33,3,196.0
2025-12-01 01:47:46+05:30,1256,173.3,42.3,33.2,48.6,643,38,0,174.9
2025-12-01 01:48:46+05:30,1256,167.3,38.9,33.1,51.2,744,37,5,199.7
2025-12-01 01:49:46+05:30,1256,171.7,48.4,33.5,49.3,633,13,4,202.7
2025-12-01 01:50:46+05:30,1256,168.4,43.1,33.5,55.4,680,31,2,177.8
2025-12-01 01:51:46+05:30,1256,174.1,35.4,33.3,49.5,637,13,0,196.4
2025-12-01 01:52:46+05:30,1256,166.2,43.1,33.0,52.4,658,38,5,174.3
2025-12-01 01:53:46+05:30,1256,169.9,39.4,33.3,50.4,672,20,5,131.1
2025-12-01 01:54:46+05:30,1256,171.0,40.8,32.9,50.1,707,32,6,162.6
2025-12-01 01:55:46+05:30,1256,172.7,44.3,34.0,57.2,640,31,9,176.5
2025-12-01 01:56:46+05:30,1256,168.0,35.7,33.2,53.1,677,43,4,180.7
2025-12-01 01:57:46+05:30,1256,168.1,37.6,32.8,50.8,604,32,1,197.8
2025-12-01 01:58:46+05:30,1256,172.0,43.6,33.1,52.3,615,35,2,161.7
2025-12-01 01:59:46+05:30,1256,166.1,42.7,32.7,51.4,587,30,3,161.7
2025-12-01 02:00:46+05:30,1256,170.9,41.8,33.6,49.1,705,28,4,154.5
2025-12-01 02:01:46+05:30,1256,171.8,41.6,33.2,50.4,632,29,0,200.4
2025-12-01 02:02:46+05:30,1256,169.3,42.2,32.8,51.3,563,30,1,175.6
2025-12-01 02:03:46+05:30,1256,165.8,41.0,33.3,50.1,611,15,12,170.6
2025-12-01 02:04:46+05:30,1256,167.4,40.1,32.8,49.1,658,32,3,171.2
2025-12-01 02:05:46+05:30,1256,165.7,32.1,33.4,51.4,679,18,8,194.0
2025-12-01 02:06:46+05:30,1256,171.3,38.6,33.2,52.2,609,35,0,156.7
2025-12-01 02:07:46+05:30,1256,173.6,36.8,33.1,48.7,643,31,1,185.3
2025-12-01 02:08:46+05:30,1256,171.1,39.7,33.4,50.1,660,56,3,190.4
2025-12-01 02:09:46+05:30,1256,169.4,32.3,33.3,49.1,694,38,2,185.6
2025-12-01 02:10:46+05:30,1256,167.3,42.7,33.1,53.8,578,36,3,149.1
2025-12-01 02:11:46+05:30,1256,173.1,42.7,33.0,53.8,622,55,8,187.6
2025-12-01 02:12:46+05:30,1256,176.4,43.4,33.6,55.8,723,33,5,192.0
2025-12-01 02:13:46+05:30,1256,167.5,41.1,33.6,52.5,641,24,6,154.1
2025-12-01 02:14:46+05:30,1256,171.6,44.6,33.6,51.9,593,33,1,176.5
2025-12-01 02:15:46+05:30,1256,174.4,45.7,33.1,53.9,605,26,4,206.8
2025-12-01 02:16:46+05:30,1256,168.4,37.7,33.7,53.9,603,47,2,212.3
2025-12-01 02:17:46+05:30,1256,169.0,41.1,33.1,52.2,587,25,6,188.7
2025-12-01 02:18:46+05:30,1256,175.1,38.0,33.3,55.6,587,29,13,169.6
2025-12-01 02:19:46+05:30,1256,167.5,36.9,32.7,58.5,632,28,5,143.0
2025-12-01 02:20:46+05:30,1256,168.9,41.7,33.3,54.2,589,37,6,188.3
2025-12-01 02:21:46+05:30,1256,175.1,40.9,33.8,51.3,673,17,5,213.9
2025-12-01 02:22:46+05:30,1256,174.2,42.2,32.9,53.3,610,28,3,171.0
2025-12-01 02:23:46+05:30,1256,171.7,46.9,32.9,50.8,601,30,1,233.5
2025-12-01 02:24:46+05:30,1256,165.4,40.2,33.9,52.3,690,30,4,192.4
2025-12-01 02:25:46+05:30,1256,170.3,38.4,32.9,55.3,604,40,7,162.1
2025-12-01 02:26:46+05:30,1256,169.0,38.2,32.9,50.2,626,41,3,178.0
2025-12-01 02:27:46+05:30,1256,168.6,36.4,33.1,53.8,656,23,7,189.4
2025-12-01 02:28:46+05:30,1256,171.1,45.4,33.2,51.2,683,33,2,180.6
2025-12-01 02:29:46+05:30,1256,171.6,43.8,33.7,47.5,686,30,2,197.9
2025-12-01 02:30:46+05:30,1256,169.2,40.6,33.1,55.7,647,21,3,184.9
2025-12-01 02:31:46+05:30,1256,174.4,37.2,33.4,49.1,727,42,4,189.6
2025-12-01 02:32:46+05:30,1256,167.7,44.8,33.3,49.6,616,43,4,192.5
2025-12-01 02:33:46+05:30,1256,168.6,41.1,33.5,51.5,623,13,5,180.4
2025-12-01 02:34:46+05:30,1256,169.2,35.0,33.2,51.5,593,41,6,158.9
2025-12-01 02:35:46+05:30,1256,166.6,43.0,33.1,54.5,619,32,2,159.3
2025-12-01 02:36:46+05:30,1256,163.3,40.8,33.2,54.0,690,39,3,172.1
2025-12-01 02:37:46+05:30,1256,169.6,38.5,33.3,52.8,755,19,7,172.4
2025-12-01 02:38:46+05:30,1256,167.9,38.2,33.5,48.1,634,41,7,152.0
2025-12-01 02:39:46+05:30,1256,176.0,38.6,33.4,49.9,727,29,11,226.1
2025-12-01 02:40:46+05:30,1256,171.8,43.3,33.6,51.4,641,36,6,180.8
2025-12-01 02:41:46+05:30,1256,172.7,40.3,33.6,50.4,620,37,1,183.6
2025-12-01 02:42:46+05:30,1256,168.1,38.6,33.1,50.6,612,41,6,191.0
2025-12-01 02:43:46+05:30,1256,168.7,38.2,33.5,51.7,707,38,5,180.2
2025-12-01 02:44:46+05:30,1256,168.6,39.3,33.7,51.5,649,28,2,170.1
2025-12-01 02:45:46+05:30,1256,172.3,37.8,33.5,53.9,634,26,7,169.8
2025-12-01 02:46:46+05:30,1256,168.6,40.7,32.9,49.5,650,24,7,199.3
2025-12-01 02:47:46+05:30,1256,169.3,39.0,33.3,54.5,618,24,6,185.5
2025-12-01 02:48:46+05:30,1256,171.0,36.7,32.8,51.6,718,36,1,168.8
2025-12-01 02:49:46+05:30,1256,166.3,47.3,33.0,49.3,729,20,3,183.9
2025-12-01 02:50:46+05:30,1256,170.2,40.8,33.7,50.6,715,26,3,186.9
2025-12-01 02:51:46+05:30,1256,167.5,43.3,33.2,53.9,672,38,2,177.9
2025-12-01 02:52:46+05:30,1256,174.0,37.2,33.6,52.1,514,26,2,199.8
2025-12-01 02:53:46+05:30,1256,172.9,42.1,33.4,53.5,645,38,0,205.4
2025-12-01 02:54:46+05:30,1256,171.7,42.2,32.9,56.9,674,30,7,181.1
2025-12-01 02:55:46+05:30,1256,168.0,41.9,33.2,47.7,635,23,7,162.1
2025-12-01 02:56:46+05:30,1256,170.2,42.1,33.6,51.9,653,24,6,170.7
2025-12-01 02:57:46+05:30,1256,169.6,35.6,33.4,54.3,700,31,7,148.8
2025-12-01 02:58:46+05:30,1256,176.0,39.2,33.1,54.4,638,40,0,180.5
2025-12-01 02:59:46+05:30,1256,170.7,39.2,33.3,49.4,688,14,6,156.3
2025-12-01 03:00:46+05:30,1256,164.9,38.9,33.5,49.1,618,24,0,191.8
2025-12-01 03:01:46+05:30,1256,167.8,36.3,33.7,54.2,676,25,7,189.2
2025-12-01 03:02:46+05:30,1256,172.5,43.3,33.6,51.6,662,41,2,209.0
2025-12-01 03:03:46+05:30,1256,166.6,44.6,32.8,54.7,589,43,5,176.3
2025-12-01 03:04:46+05:30,1256,174.5,37.7,33.1,52.3,638,43,7,209.2
2025-12-01 03:05:46+05:30,1256,167.8,44.1,32.5,48.9,631,16,5,209.2
2025-12-01 03:06:46+05:30,1256,171.1,40.4,32.8,49.7,641,23,5,177.2
2025-12-01 03:07:46+05:30,1256,171.8,44.0,33.1,52.4,681,23,7,195.0
2025-12-01 03:08:46+05:30,1256,169.8,37.8,33.4,51.8,669,20,2,187.5
2025-12-01 03:09:46+05:30,1256,174.1,35.7,33.9,53.2,641,48,2,189.0
2025-12-01 03:10:46+05:30,1256,167.8,42.0,33.6,52.0,720,30,5,176.5
2025-12-01 03:11:46+05:30,1256,167.5,41.6,33.6,53.8,695,35,2,160.0
2025-12-01 03:12:46+05:30,1256,169.7,40.2,33.4,52.1,635,16,6,184.3
2025-12-01 03:13:46+05:30,1256,163.6,38.8,33.4,52.2,638,32,7,169.2
2025-12-01 03:14:46+05:30,1256,173.8,38.0,33.5,50.3,617,42,6,186.8
2025-12-01 03:15:46+05:30,1256,170.1,40.0,33.6,51.1,696,32,0,168.6
2025-12-01 03:16:46+05:30,1256,167.0,42.7,33.3,49.4,758,23,10,173.6
2025-12-01 03:17:46+05:30,1256,166.3,41.7,32.8,49.9,627,22,0,186.8
2025-12-01 03:18:46+05:30,1256,164.3,38.2,33.2,54.0,590,32,3,153.3
2025-12-01 03:19:46+05:30,1256,174.4,42.7,32.7,50.1,581,17,3,197.2
2025-12-01 03:20:46+05:30,1256,169.0,41.6,33.7,51.7,663,36,1,202.4
2025-12-01 03:21:46+05:30,1256,166.6,39.1,34.0,50.7,574,18,3,146.7
2025-12-01 03:22:46+05:30,1256,174.2,37.3,32.6,51.4,696,36,9,192.5
2025-12-01 03:23:46+05:30,1256,171.6,37.8,33.5,53.2,606,43,5,162.4
2025-12-01 03:24:46+05:30,1256,173.9,41.9,33.1,54.5,667,30,6,194.4
2025-12-01 03:25:46+05:30,1256,170.2,38.5,33.3,50.8,653,16,5,194.5
2025-12-01 03:26:46+05:30,1256,168.4,35.1,33.6,53.3,668,38,7,188.7
2025-12-01 03:27:46+05:30,1256,165.6,35.9,32.9,53.6,623,34,5,179.3
2025-12-01 03:28:46+05:30,1256,170.2,38.0,33.0,51.1,607,40,4,177.8
2025-12-01 03:29:46+05:30,1256,169.0,40.3,33.4,49.1,644,27,7,171.5
2025-12-01 03:30:46+05:30,1256,168.0,39.3,33.4,51.7,729,17,9,229.8
2025-12-01 03:31:46+05:30,1256,166.9,40.0,33.2,53.9,663,35,4,164.0
2025-12-01 03:32:46+05:30,1256,170.9,41.3,33.1,49.8,712,19,9,154.2
2025-12-01 03:33:46+05:30,1256,169.1,36.4,32.9,53.2,730,41,5,141.5
2025-12-01 03:34:46+05:30,1256,167.1,35.3,33.3,52.4,639,24,10,174.9
2025-12-01 03:35:46+05:30,1256,173.1,35.0,33.3,52.9,628,51,0,177.2
2025-12-01 03:36:46+05:30,1256,165.1,41.0,33.7,50.3,704,38,4,194.0
2025-12-01 03:37:46+05:30,1256,172.3,37.2,33.2,54.5,733,31,7,194.2
2025-12-01 03:38:46+05:30,1256,173.7,38.2,33.6,52.9,692,30,5,157.0
2025-12-01 03:39:46+05:30,1256,169.9,41.2,32.8,51.1,731,30,4,195.5
2025-12-01 03:40:46+05:30,1256,167.5,41.2,33.6,49.0,618,26,0,182.9
2025-12-01 03:41:46+05:30,1256,171.0,44.0,33.7,50.9,549,25,6,181.1
2025-12-01 03:42:46+05:30,1256,173.0,48.2,33.4,49.8,667,30,5,192.5
2025-12-01 03:43:46+05:30,1256,172.8,44.1,33.0,51.5,665,32,1,178.4
2025-12-01 03:44:46+05:30,1256,173.9,42.0,33.2,48.9,631,39,2,179.9
2025-12-01 03:45:46+05:30,1256,163.7,41.6,33.4,52.4,632,21,8,160.9
2025-12-01 03:46:46+05:30,1256,167.2,41.0,33.3,49.0,651,53,1,142.7
2025-12-01 03:47:46+05:30,1256,172.1,38.4,33.2,51.5,692,43,5,194.3
2025-12-01 03:48:46+05:30,1256,166.6,42.1,33.1,53.7,621,43,1,202.0
2025-12-01 03:49:46+05:30,1256,168.5,40.7,33.2,51.6,598,30,4,135.3
2025-12-01 03:50:46+05:30,1256,166.9,39.3,33.7,50.4,625,25,5,188.7
2025-12-01 03:51:46+05:30,1256,164.9,41.4,33.7,50.6,610,22,8,173.1
2025-12-01 03:52:46+05:30,1256,168.8,40.4,32.8,49.8,677,32,10,199.7
2025-12-01 03:53:46+05:30,1256,171.6,42.9,33.2,54.2,656,33,5,183.1
2025-12-01 03:54:46+05:30,1256,171.6,39.0,33.1,54.5,645,34,2,172.5
2025-12-01 03:55:46+05:30,1256,167.4,43.4,32.8,52.3,669,17,9,185.4
2025-12-01 03:56:46+05:30,1256,172.8,39.0,33.0,48.9,686,40,8,186.2
2025-12-01 03:57:46+05:30,1256,162.1,36.4,33.8,48.9,589,21,0,204.8
2025-12-01 03:58:46+05:30,1256,168.9,42.7,33.4,52.1,630,47,8,163.0
2025-12-01 03:59:46+05:30,1256,169.7,38.9,33.5,54.3,718,49,11,183.0
2025-12-01 04:00:46+05:30,1256,173.3,42.1,33.9,51.8,660,41,4,171.6
2025-12-01 04:01:46+05:30,1256,171.8,34.9,33.7,54.1,675,8,2,198.9
2025-12-01 04:02:46+05:30,1256,171.5,38.2,32.6,50.8,665,26,3,182.2
2025-12-01 04:03:46+05:30,1256,166.9,39.5,33.4,52.8,598,38,2,142.4
2025-12-01 04:04:46+05:30,1256,170.0,48.4,33.2,51.6,683,29,6,171.8
2025-12-01 04:05:46+05:30,1256,168.7,41.7,33.2,53.2,694,46,4,198.6
2025-12-01 04:06:46+05:30,1256,173.1,39.2,33.9,52.5,612,25,6,183.3
2025-12-01 04:07:46+05:30,1256,170.3,40.7,33.2,51.8,752,40,1,179.1
2025-12-01 04:08:46+05:30,1256,168.9,38.5,33.6,54.1,678,15,3,169.9
2025-12-01 04:09:46+05:30,1256,167.6,45.5,33.6,55.7,583,35,12,183.5
2025-12-01 04:10:46+05:30,1256,173.4,41.1,33.5,52.4,698,40,3,184.5
2025-12-01 04:11:46+05:30,1256,166.9,35.3,33.1,55.0,653,17,5,185.2
2025-12-01 04:12:46+05:30,1256,173.0,38.6,32.7,51.8,612,56,11,160.0
2025-12-01 04:13:46+05:30,1256,174.1,44.2,33.5,52.0,603,35,0,177.1
2025-12-01 04:14:46+05:30,1256,171.3,39.7,33.6,53.8,715,34,1,202.6
2025-12-01 04:15:46+05:30,1256,170.5,45.8,33.6,51.1,630,22,8,196.8
2025-12-01 04:16:46+05:30,1256,172.4,34.6,33.1,50.6,633,47,5,140.2
2025-12-01 04:17:46+05:30,1256,172.2,35.4,33.4,48.6,534,13,4,161.7
2025-12-01 04:18:46+05:30,1256,169.1,39.0,33.7,51.2,605,40,0,157.9
2025-12-01 04:19:46+05:30,1256,169.8,38.0,33.5,50.6,574,33,3,169.1
2025-12-01 04:20:46+05:30,1256,172.9,39.3,33.6,54.0,654,20,0,169.0
2025-12-01 04:21:46+05:30,1256,166.9,36.8,33.2,50.9,618,19,0,194.6
2025-12-01 04:22:46+05:30,1256,168.5,34.5,33.3,52.2,642,46,8,212.0
2025-12-01 04:23:46+05:30,1256,168.7,44.4,33.5,52.5,631,35,4,201.7
2025-12-01 04:24:46+05:30,1256,167.4,35.9,32.8,48.5,660,26,6,201.4
2025-12-01 04:25:46+05:30,1256,171.0,42.6,33.5,52.4,644,35,6,209.6
2025-12-01 04:26:46+05:30,1256,165.1,39.9,32.9,50.7,571,45,6,171.4
2025-12-01 04:27:46+05:30,1256,169.7,37.7,33.5,50.9,651,36,2,160.3
2025-12-01 04:28:46+05:30,1256,174.9,39.1,32.6,55.3,667,13,7,207.0
2025-12-01 04:29:46+05:30,1256,169.4,43.0,33.6,49.5,631,46,6,207.3
2025-12-01 04:30:46+05:30,1256,166.4,40.5,33.9,52.5,696,22,4,169.2
2025-12-01 04:31:46+05:30,1256,173.0,36.2,33.3,53.4,660,18,6,169.7
2025-12-01 04:32:46+05:30,1256,168.4,38.1,33.3,49.4,597,33,6,184.4
2025-12-01 04:33:46+05:30,1256,167.7,41.4,33.9,50.5,610,32,7,187.6
2025-12-01 04:34:46+05:30,1256,169.0,42.5,33.4,54.4,657,26,6,194.4
2025-12-01 04:35:46+05:30,1256,170.9,36.6,32.5,50.6,693,30,5,203.3
2025-12-01 04:36:46+05:30,1256,165.0,45.1,33.2,52.3,724,16,3,209.6
2025-12-01 04:37:46+05:30,1256,172.4,42.8,33.5,50.4,655,25,5,172.5
2025-12-01 04:38:46+05:30,1256,172.1,38.0,33.0,48.1,694,34,6,179.7
2025-12-01 04:39:46+05:30,1256,168.4,43.0,34.0,51.0,702,32,5,179.2
2025-12-01 04:40:46+05:30,1256,167.6,42.0,33.1,52.5,643,36,10,194.5
2025-12-01 04:41:46+05:30,1256,175.9,42.1,33.2,54.7,628,11,8,175.2
2025-12-01 04:42:46+05:30,1256,168.7,40.1,33.4,57.2,645,26,2,157.9
2025-12-01 04:43:46+05:30,1256,169.6,42.9,32.8,52.2,688,29,9,179.2
2025-12-01 04:44:46+05:30,1256,173.3,37.9,33.3,51.0,589,26,6,171.4
2025-12-01 04:45:46+05:30,1256,173.7,40.2,33.4,49.0,617,29,5,192.8
2025-12-01 04:46:46+05:30,1256,166.7,40.9,33.5,48.3,609,53,3,161.0
2025-12-01 04:47:46+05:30,1256,170.4,37.0,32.8,50.4,770,14,1,208.6
2025-12-01 04:48:46+05:30,1256,167.7,40.6,33.4,49.1,641,51,6,208.5
2025-12-01 04:49:46+05:30,1256,167.7,37.4,33.1,51.6,602,39,6,165.8
2025-12-01 04:50:46+05:30,1256,170.3,37.0,33.2,50.6,683,25,5,166.3
2025-12-01 04:51:46+05:30,1256,172.1,40.5,33.4,51.8,622,35,0,169.4
2025-12-01 04:52:46+05:30,1256,171.7,37.6,33.5,54.6,653,27,3,203.0
2025-12-01 04:53:46+05:30,1256,171.6,35.2,33.8,48.7,701,35,0,214.9
2025-12-01 04:54:46+05:30,1256,164.9,36.5,33.3,51.1,654,18,0,188.7
2025-12-01 04:55:46+05:30,1256,170.1,42.6,33.2,50.6,696,28,0,239.9
2025-12-01 04:56:46+05:30,1256,166.4,40.8,33.3,53.9,562,37,6,203.2
2025-12-01 04:57:46+05:30,1256,177.3,35.9,33.6,54.6,640,28,7,181.1
2025-12-01 04:58:46+05:30,1256,170.5,41.5,33.5,53.7,584,48,5,161.5
2025-12-01 04:59:46+05:30,1256,170.6,41.0,33.3,53.1,720,33,3,224.3
2025-12-01 05:00:46+05:30,1256,170.6,39.5,32.4,50.7,689,39,4,166.3
2025-12-01 05:01:46+05:30,1256,172.6,35.7,33.3,49.8,682,35,4,160.2
2025-12-01 05:02:46+05:30,1256,178.0,40.7,33.0,54.6,715,34,2,155.3
2025-12-01 05:03:46+05:30,1256,170.2,46.4,33.4,54.1,617,31,3,187.3
2025-12-01 05:04:46+05:30,1256,171.8,39.6,33.1,50.1,615,38,2,220.1
2025-12-01 05:05:46+05:30,1256,173.2,41.5,32.8,56.1,621,18,4,208.7
2025-12-01 05:06:46+05:30,1256,169.0,43.9,33.3,48.7,703,19,5,179.0
2025-12-01 05:07:46+05:30,1256,169.7,39.7,33.1,54.9,636,35,8,139.4
2025-12-01 05:08:46+05:30,1256,167.1,42.4,33.0,52.0,550,30,4,179.9
2025-12-01 05:09:46+05:30,1256,164.7,40.4,33.1,53.3,599,40,6,152.4
2025-12-01 05:10:46+05:30,1256,172.4,43.5,32.9,52.4,604,49,7,228.3
2025-12-01 05:11:46+05:30,1256,172.1,44.1,33.2,51.0,713,39,5,192.7
2025-12-01 05:12:46+05:30,1256,168.6,34.8,33.3,49.7,735,19,11,245.1
2025-12-01 05:13:46+05:30,1256,169.6,39.2,32.7,50.7,611,47,9,168.2
2025-12-01 05:14:46+05:30,1256,171.8,40.0,33.3,52.0,592,57,0,201.9
2025-12-01 05:15:46+05:30,1256,163.2,37.8,33.1,52.0,650,28,4,186.9
2025-12-01 05:16:46+05:30,1256,168.6,39.2,33.0,51.4,611,24,5,170.9
2025-12-01 05:17:46+05:30,1256,170.1,42.6,33.3,50.8,599,18,4,199.4
2025-12-01 05:18:46+05:30,1256,172.3,38.8,33.3,50.8,594,18,7,179.9
2025-12-01 05:19:46+05:30,1256,171.3,42.6,33.5,50.4,618,37,4,150.7
2025-12-01 05:20:46+05:30,1256,171.5,35.4,33.1,54.5,607,37,2,203.0
2025-12-01 05:21:46+05:30,1256,167.2,44.1,33.3,52.4,642,36,1,161.4
2025-12-01 05:22:46+05:30,1256,166.7,46.2,33.8,50.9,676,28,7,217.5
2025-12-01 05:23:46+05:30,1256,173.2,39.6,33.5,51.3,585,20,4,155.1
2025-12-01 05:24:46+05:30,1256,173.3,42.7,33.2,49.3,679,31,3,189.1
2025-12-01 05:25:46+05:30,1256,169.4,39.2,33.0,50.7,659,30,4,199.4
2025-12-01 05:26:46+05:30,1256,171.0,35.7,33.5,49.7,527,45,2,186.4
2025-12-01 05:27:46+05:30,1256,175.7,35.3,33.7,53.0,651,20,0,180.4
2025-12-01 05:28:46+05:30,1256,170.0,42.1,33.1,50.7,535,26,0,188.2
2025-12-01 05:29:46+05:30,1256,167.4,34.9,33.7,50.6,623,39,5,186.1
2025-12-01 05:30:46+05:30,1256,170.0,38.3,33.2,52.6,591,27,2,194.2
2025-12-01 05:31:46+05:30,1256,169.7,40.8,33.9,52.6,726,22,1,204.7
2025-12-01 05:32:46+05:30,1256,175.8,36.2,33.4,52.0,583,16,10,197.8
2025-12-01 05:33:46+05:30,1256,171.3,36.0,33.3,53.7,627,30,5,168.9
2025-12-01 05:34:46+05:30,1256,168.0,39.2,33.0,53.6,743,16,0,160.8
2025-12-01 05:35:46+05:30,1256,171.9,38.3,33.8,50.8,631,40,6,219.7
2025-12-01 05:36:46+05:30,1256,164.8,43.5,33.3,50.9,577,6,7,189.6
2025-12-01 05:37:46+05:30,1256,169.4,40.2,33.4,51.0,653,39,7,176.0
2025-12-01 05:38:46+05:30,1256,167.4,42.6,33.1,51.9,624,37,12,172.3
2025-12-01 05:39:46+05:30,1256,166.3,36.8,33.0,51.4,624,25,8,147.8
2025-12-01 05:40:46+05:30,1256,170.7,42.7,32.9,53.7,762,33,9,173.4
2025-12-01 05:41:46+05:30,1256,169.2,39.7,33.0,52.5,664,35,8,165.0
2025-12-01 05:42:46+05:30,1256,164.9,33.3,33.5,54.0,588,41,9,201.6
2025-12-01 05:43:46+05:30,1256,169.9,40.0,33.3,48.3,648,37,3,250.0
2025-12-01 05:44:46+05:30,1256,169.0,38.1,32.7,52.5,638,19,5,196.9
2025-12-01 05:45:46+05:30,1256,171.7,44.9,33.7,53.0,691,26,6,182.2
2025-12-01 05:46:46+05:30,1256,171.1,39.2,32.5,52.8,652,16,3,135.7
2025-12-01 05:47:46+05:30,1256,167.9,37.9,33.7,53.4,717,25,7,180.0
2025-12-01 05:48:46+05:30,1256,169.7,36.3,33.5,52.2,573,27,2,187.4
2025-12-01 05:49:46+05:30,1256,170.8,38.2,33.2,52.6,696,25,7,151.5
2025-12-01 05:50:46+05:30,1256,168.8,34.2,33.4,55.6,693,32,6,179.3
2025-12-01 05:51:46+05:30,1256,167.0,45.0,33.9,54.6,682,3,4,208.6
2025-12-01 05:52:46+05:30,1256,170.4,42.1,33.7,53.8,689,12,5,175.9
2025-12-01 05:53:46+05:30,1256,169.8,39.9,33.1,54.1,569,31,1,166.6
2025-12-01 05:54:46+05:30,1256,163.7,44.3,33.2,49.7,628,29,8,142.2
2025-12-01 05:55:46+05:30,1256,163.4,38.7,33.7,51.1,707,42,8,163.1
2025-12-01 05:56:46+05:30,1256,167.5,43.1,33.0,56.1,575,46,3,142.9
2025-12-01 05:57:46+05:30,1256,170.9,42.8,33.2,49.9,656,40,2,167.1
2025-12-01 05:58:46+05:30,1256,170.5,43.3,33.1,50.6,718,22,2,172.0
2025-12-01 05:59:46+05:30,1256,170.5,37.8,33.1,49.2,624,26,0,217.6
2025-12-01 06:00:46+05:30,1256,165.9,37.7,33.7,54.5,718,45,0,179.8
2025-12-01 06:01:46+05:30,1256,172.5,39.8,33.0,52.3,725,21,4,153.4
2025-12-01 06:02:46+05:30,1256,164.9,38.3,33.3,49.9,699,30,9,170.7
2025-12-01 06:03:46+05:30,1256,166.1,36.6,33.1,49.5,693,23,9,187.5
2025-12-01 06:04:46+05:30,1256,172.3,40.3,33.4,51.4,639,17,6,186.2
2025-12-01 06:05:46+05:30,1256,167.5,37.9,33.3,53.5,669,29,9,163.1
2025-12-01 06:06:46+05:30,1256,170.9,33.3,33.2,51.8,568,32,5,176.2
2025-12-01 06:07:46+05:30,1256,173.1,36.7,33.5,53.2,741,32,1,200.5
2025-12-01 06:08:46+05:30,1256,167.8,44.1,32.9,50.9,721,27,5,179.3
2025-12-01 06:09:46+05:30,1256,169.1,36.7,33.7,53.3,682,45,5,195.1
2025-12-01 06:10:46+05:30,1256,169.2,40.3,32.9,52.0,650,16,10,168.0
2025-12-01 06:11:46+05:30,1256,170.8,41.8,33.4,52.7,668,39,7,156.1
2025-12-01 06:12:46+05:30,1256,171.7,38.8,33.3,51.4,623,13,6,159.6
2025-12-01 06:13:46+05:30,1256,171.7,39.9,33.4,51.2,624,37,2,178.9
2025-12-01 06:14:46+05:30,1256,162.4,40.6,32.6,51.8,648,25,5,165.3
2025-12-01 06:15:46+05:30,1256,166.8,39.2,33.3,52.5,646,31,1,192.9
2025-12-01 06:16:46+05:30,1256,165.7,43.3,33.3,50.1,672,9,9,154.3
2025-12-01 06:17:46+05:30,1256,166.5,37.7,33.2,51.5,621,33,5,190.3
2025-12-01 06:18:46+05:30,1256,173.8,36.1,33.4,49.6,611,36,5,192.0
2025-12-01 06:19:46+05:30,1256,169.5,36.8,33.2,50.8,725,26,0,156.3
2025-12-01 06:20:46+05:30,1256,171.9,37.2,32.8,54.5,709,36,5,183.2
2025-12-01 06:21:46+05:30,1256,168.6,36.5,33.7,53.7,637,40,8,147.6
2025-12-01 06:22:46+05:30,1256,165.7,37.3,33.5,55.5,635,53,9,147.9
2025-12-01 06:23:46+05:30,1256,172.0,42.0,33.7,51.4,648,23,3,215.4
2025-12-01 06:24:46+05:30,1256,168.1,38.4,33.3,52.3,646,34,9,174.5
2025-12-01 06:25:46+05:30,1256,172.1,38.0,33.1,55.1,648,39,5,213.9
2025-12-01 06:26:46+05:30,1256,168.0,36.2,33.3,50.6,687,24,1,178.3
2025-12-01 06:27:46+05:30,1256,170.5,42.8,33.2,52.5,670,20,4,190.5
2025-12-01 06:28:46+05:30,1256,166.3,35.7,33.5,52.1,648,44,5,186.4
2025-12-01 06:29:46+05:30,1256,168.9,44.2,33.2,53.2,603,29,4,163.0
2025-12-01 06:30:46+05:30,1256,172.5,43.7,33.4,52.0,639,23,3,188.2
2025-12-01 06:31:46+05:30,1256,165.5,40.9,33.2,49.2,701,27,4,195.2
2025-12-01 06:32:46+05:30,1256,169.8,38.5,33.4,51.3,705,47,3,200.1
2025-12-01 06:33:46+05:30,1256,172.5,39.4,33.5,52.4,673,42,4,166.0
2025-12-01 06:34:46+05:30,1256,164.0,36.6,33.2,54.4,714,29,2,158.4
2025-12-01 06:35:46+05:30,1256,172.8,40.0,33.5,50.9,632,40,4,166.5
2025-12-01 06:36:46+05:30,1256,169.8,42.7,33.7,47.3,601,26,10,175.7
2025-12-01 06:37:46+05:30,1256,170.9,44.2,32.8,49.3,647,37,6,155.5
2025-12-01 06:38:46+05:30,1256,167.8,38.8,33.0,53.4,714,14,6,203.9
2025-12-01 06:39:46+05:30,1256,168.3,39.2,33.4,52.3,620,38,3,202.0
2025-12-01 06:40:46+05:30,1256,164.7,39.6,33.5,52.1,605,39,6,201.5
2025-12-01 06:41:46+05:30,1256,173.0,37.8,33.3,51.4,621,28,3,219.2
2025-12-01 06:42:46+05:30,1256,172.7,36.8,33.1,52.7,613,23,11,211.5
2025-12-01 06:43:46+05:30,1256,174.7,40.7,33.4,49.4,604,22,5,154.7
2025-12-01 06:44:46+05:30,1256,170.2,42.5,33.3,51.3,676,33,3,204.2
2025-12-01 06:45:46+05:30,1256,173.0,43.6,33.3,49.3,625,33,4,177.2
2025-12-01 06:46:46+05:30,1256,172.7,38.5,33.4,53.8,600,37,10,163.4
2025-12-01 06:47:46+05:30,1256,168.2,37.6,33.2,51.6,551,42,5,169.6
2025-12-01 06:48:46+05:30,1256,171.1,36.5,33.2,51.9,625,50,2,185.7
2025-12-01 06:49:46+05:30,1256,170.5,39.9,33.7,49.1,678,40,4,196.6
2025-12-01 06:50:46+05:30,1256,170.2,41.2,33.3,52.6,664,36,2,164.6
2025-12-01 06:51:46+05:30,1256,171.5,42.8,33.6,51.5,679,12,5,177.0
2025-12-01 06:52:46+05:30,1256,170.9,41.6,33.3,51.3,736,56,7,200.2
2025-12-01 06:53:46+05:30,1256,173.0,39.6,33.9,50.3,616,33,2,179.7
2025-12-01 06:54:46+05:30,1256,169.8,42.6,33.9,52.2,699,12,3,163.0
2025-12-01 06:55:46+05:30,1256,171.7,40.0,33.4,53.6,680,39,1,154.6
2025-12-01 06:56:46+05:30,1256,169.1,35.3,32.9,51.0,662,32,7,175.3
2025-12-01 06:57:46+05:30,1256,171.4,41.4,33.9,54.5,754,34,4,152.1
2025-12-01 06:58:46+05:30,1256,173.5,44.1,33.0,51.9,698,33,1,188.7
2025-12-01 06:59:46+05:30,1256,166.9,44.1,33.4,56.0,680,27,4,172.9
2025-12-01 07:00:46+05:30,1256,169.4,38.1,33.1,55.0,683,40,7,182.3
2025-12-01 07:01:46+05:30,1256,169.2,41.3,33.6,51.5,655,27,8,196.7
2025-12-01 07:02:46+05:30,1256,172.2,41.3,33.3,55.2,672,53,6,203.1
2025-12-01 07:03:46+05:30,1256,168.5,43.2,33.6,52.7,659,9,2,160.8
2025-12-01 07:04:46+05:30,1256,173.2,34.5,33.2,54.9,605,32,2,136.0
2025-12-01 07:05:46+05:30,1256,168.5,36.2,33.2,50.6,677,35,1,200.7
2025-12-01 07:06:46+05:30,1256,169.8,37.1,33.0,55.5,646,44,7,155.8
2025-12-01 07:07:46+05:30,1256,166.3,43.0,33.4,53.8,551,36,4,207.7
2025-12-01 07:08:46+05:30,1256,173.2,39.9,33.3,51.4,598,15,6,161.0
2025-12-01 07:09:46+05:30,1256,169.9,38.4,33.6,49.5,723,22,6,158.9
2025-12-01 07:10:46+05:30,1256,170.3,37.1,33.8,55.9,548,44,5,178.0
2025-12-01 07:11:46+05:30,1256,170.7,44.0,32.9,50.3,681,28,9,207.0
2025-12-01 07:12:46+05:30,1256,169.7,38.9,33.5,55.6,664,47,3,205.4
2025-12-01 07:13:46+05:30,1256,170.7,48.1,33.5,53.7,624,22,6,180.5
2025-12-01 07:14:46+05:30,1256,168.6,43.4,33.4,53.3,617,33,8,166.3
2025-12-01 07:15:46+05:30,1256,168.7,41.0,33.3,52.8,597,45,5,187.7
2025-12-01 07:16:46+05:30,1256,168.4,38.4,33.6,54.3,718,2,5,178.1
2025-12-01 07:17:46+05:30,1256,168.4,46.5,33.4,50.1,675,14,5,221.5
2025-12-01 07:18:46+05:30,1256,166.9,41.8,33.4,52.9,575,32,1,195.6
2025-12-01 07:19:46+05:30,1256,172.6,39.3,33.1,48.2,629,38,2,195.7
2025-12-01 07:20:46+05:30,1256,169.9,39.0,33.5,49.5,613,45,5,210.0
2025-12-01 07:21:46+05:30,1256,168.7,43.5,33.1,51.5,614,11,7,165.3
2025-12-01 07:22:46+05:30,1256,165.3,39.6,33.7,51.3,606,44,2,199.6
2025-12-01 07:23:46+05:30,1256,171.1,38.9,32.6,52.1,643,30,1,220.9
2025-12-01 07:24:46+05:30,1256,166.9,39.3,32.9,51.2,701,43,3,179.6
2025-12-01 07:25:46+05:30,1256,168.4,45.4,33.1,51.3,650,27,3,175.9
2025-12-01 07:26:46+05:30,1256,168.4,42.3,32.9,53.4,726,20,6,187.5
2025-12-01 07:27:46+05:30,1256,171.2,36.7,34.0,54.1,680,31,4,207.5
2025-12-01 07:28:46+05:30,1256,170.3,35.9,33.3,49.4,669,37,4,181.8
2025-12-01 07:29:46+05:30,1256,167.5,39.9,33.5,50.3,662,35,1,212.0
2025-12-01 07:30:46+05:30,1256,170.2,38.9,33.0,54.3,576,26,4,150.4
2025-12-01 07:31:46+05:30,1256,172.2,34.3,33.2,53.3,545,49,2,165.8
2025-12-01 07:32:46+05:30,1256,168.3,42.2,33.4,52.4,647,45,10,196.0
2025-12-01 07:33:46+05:30,1256,167.7,40.6,33.4,48.8,642,0,8,200.2
2025-12-01 07:34:46+05:30,1256,170.6,39.0,33.5,53.3,657,27,1,209.8
2025-12-01 07:35:46+05:30,1256,176.1,39.2,33.0,53.2,675,23,7,164.9
2025-12-01 07:36:46+05:30,1256,167.6,39.3,33.2,53.3,673,23,6,172.1
2025-12-01 07:37:46+05:30,1256,171.9,32.7,33.2,51.7,592,27,9,180.8
2025-12-01 07:38:46+05:30,1256,167.2,35.6,32.8,57.3,658,35,4,164.1
2025-12-01 07:39:46+05:30,1256,170.0,33.7,33.2,50.8,580,24,9,165.2
2025-12-01 07:40:46+05:30,1256,162.5,36.9,33.6,51.7,705,31,5,166.0
2025-12-01 07:41:46+05:30,1256,171.9,41.7,33.6,49.3,668,37,4,204.0
2025-12-01 07:42:46+05:30,1256,170.7,35.4,33.3,50.4,652,21,7,175.3
2025-12-01 07:43:46+05:30,1256,169.8,36.6,33.4,49.7,689,33,3,166.5
2025-12-01 07:44:46+05:30,1256,174.1,38.3,33.9,51.9,690,19,3,190.1
2025-12-01 07:45:46+05:30,1256,167.7,37.2,33.0,53.9,659,25,6,179.7
2025-12-01 07:46:46+05:30,1256,166.9,42.1,33.9,51.9,644,20,5,176.1
2025-12-01 07:47:46+05:30,1256,173.2,38.4,33.4,50.1,623,28,3,182.1
2025-12-01 07:48:46+05:30,1256,166.2,43.4,33.0,52.3,621,37,2,178.0
2025-12-01 07:49:46+05:30,1256,169.9,43.4,33.0,50.3,569,3,12,163.0
2025-12-01 07:50:46+05:30,1256,170.0,38.1,33.4,54.7,639,39,1,197.8
2025-12-01 07:51:46+05:30,1256,166.4,36.5,34.0,53.2,602,33,6,218.0
2025-12-01 07:52:46+05:30,1256,166.1,40.4,33.0,50.3,630,46,3,212.2
2025-12-01 07:53:46+05:30,1256,170.2,39.5,33.0,55.3,704,27,3,185.9
2025-12-01 07:54:46+05:30,1256,167.1,48.7,33.3,52.1,634,37,6,176.7
2025-12-01 07:55:46+05:30,1256,172.8,43.1,33.5,52.5,631,24,7,211.8
2025-12-01 07:56:46+05:30,1256,171.8,39.5,33.9,53.1,649,39,2,184.6
2025-12-01 07:57:46+05:30,1256,168.3,40.2,33.5,51.9,650,27,9,166.4
2025-12-01 07:58:46+05:30,1256,169.8,40.6,32.9,53.4,513,31,3,185.9
2025-12-01 07:59:46+05:30,1256,170.1,38.4,33.5,52.9,575,19,2,197.0
2025-12-01 08:00:46+05:30,1256,167.4,41.6,33.3,53.1,677,28,6,162.3
2025-12-01 08:01:46+05:30,1256,180.0,41.8,33.2,51.5,721,33,8,163.8
2025-12-01 08:02:46+05:30,1256,178.0,36.3,33.5,53.4,654,36,1,159.8
2025-12-01 08:03:46+05:30,1256,171.7,38.6,33.1,48.7,747,54,3,153.9
2025-12-01 08:04:46+05:30,1256,173.0,39.8,33.4,50.2,712,16,10,210.5
2025-12-01 08:05:46+05:30,1256,173.5,38.9,33.2,53.2,607,35,4,161.6
2025-12-01 08:06:46+05:30,1256,170.0,41.6,33.3,53.2,714,10,5,155.7
2025-12-01 08:07:46+05:30,1256,170.7,39.4,33.2,52.4,627,22,6,154.2
2025-12-01 08:08:46+05:30,1256,167.2,37.5,33.2,51.6,666,32,1,163.9
2025-12-01 08:09:46+05:30,1256,170.1,41.8,33.3,52.8,537,36,7,168.5
2025-12-01 08:10:46+05:30,1256,169.4,36.7,33.1,51.3,583,15,4,177.0
2025-12-01 08:11:46+05:30,1256,173.9,38.2,33.6,51.2,673,21,7,180.7
2025-12-01 08:12:46+05:30,1256,171.7,35.1,33.6,53.7,630,14,5,188.1
2025-12-01 08:13:46+05:30,1256,167.5,37.3,33.4,51.2,652,33,7,191.9
2025-12-01 08:14:46+05:30,1256,172.8,42.7,33.2,51.3,574,33,1,161.3
2025-12-01 08:15:46+05:30,1256,171.1,39.9,33.7,49.9,669,31,6,173.9
2025-12-01 08:16:46+05:30,1256,167.8,42.7,33.2,54.9,621,29,0,201.6
2025-12-01 08:17:46+05:30,1256,174.9,36.0,33.1,51.4,646,50,5,201.7
2025-12-01 08:18:46+05:30,1256,174.1,46.5,33.3,52.1,630,39,6,229.3
2025-12-01 08:19:46+05:30,1256,168.4,45.1,33.4,51.5,605,19,7,173.7
2025-12-01 08:20:46+05:30,1256,174.0,43.0,33.1,52.8,690,31,2,207.7
2025-12-01 08:21:46+05:30,1256,169.8,38.4,33.5,51.6,591,26,5,159.7
2025-12-01 08:22:46+05:30,1256,172.1,40.6,32.9,54.4,563,27,1,177.8
2025-12-01 08:23:46+05:30,1256,170.2,38.0,33.1,53.7,725,32,5,218.4
2025-12-01 08:24:46+05:30,1256,172.2,37.1,33.0,54.4,612,36,1,141.5
2025-12-01 08:25:46+05:30,1256,169.6,38.9,33.6,53.0,596,9,5,155.7
2025-12-01 08:26:46+05:30,1256,174.1,40.9,33.7,52.5,634,27,10,161.4
2025-12-01 08:27:46+05:30,1256,171.0,40.2,33.7,52.5,633,24,1,173.5
2025-12-01 08:28:46+05:30,1256,169.1,35.2,33.5,48.7,624,22,6,170.1
2025-12-01 08:29:46+05:30,1256,166.6,37.2,33.3,53.6,568,28,0,169.4
2025-12-01 08:30:46+05:30,1256,165.7,37.0,33.4,53.6,591,35,6,181.6
2025-12-01 08:31:46+05:30,1256,165.4,36.4,33.1,52.7,654,36,2,179.2
2025-12-01 08:32:46+05:30,1256,171.5,41.2,32.8,53.6,658,13,6,183.3
2025-12-01 08:33:46+05:30,1256,171.7,43.9,32.8,50.5,578,36,9,179.0
2025-12-01 08:34:46+05:30,1256,170.5,41.7,33.1,52.2,671,43,1,203.1
2025-12-01 08:35:46+05:30,1256,174.9,40.3,33.2,55.0,750,30,5,197.7
2025-12-01 08:36:46+05:30,1256,173.4,41.4,33.0,53.0,599,25,9,172.6
2025-12-01 08:37:46+05:30,1256,167.9,36.4,33.7,51.2,577,31,4,188.1
2025-12-01 08:38:46+05:30,1256,167.9,39.8,33.0,48.8,621,22,6,154.4
2025-12-01 08:39:46+05:30,1256,167.4,41.8,33.1,53.1,654,32,3,132.4
2025-12-01 08:40:46+05:30,1256,169.6,41.2,33.2,52.3,667,29,5,174.9
2025-12-01 08:41:46+05:30,1256,166.6,38.6,33.9,54.6,641,26,11,160.6
2025-12-01 08:42:46+05:30,1256,170.0,39.9,33.3,53.2,738,40,8,179.6
2025-12-01 08:43:46+05:30,1256,173.0,35.3,33.0,50.6,711,27,2,143.1
2025-12-01 08:44:46+05:30,1256,171.6,40.3,33.7,48.1,632,40,2,173.0
2025-12-01 08:45:46+05:30,1256,172.1,38.1,33.8,50.7,723,23,4,188.3
2025-12-01 08:46:46+05:30,1256,172.1,35.3,33.0,52.7,559,31,1,172.0
2025-12-01 08:47:46+05:30,1256,168.9,35.3,33.4,50.9,650,27,8,180.8
2025-12-01 08:48:46+05:30,1256,166.7,39.4,33.0,52.2,648,23,2,184.2
2025-12-01 08:49:46+05:30,1256,173.0,39.9,32.9,55.3,650,17,3,183.8
2025-12-01 08:50:46+05:30,1256,167.0,44.7,33.3,50.7,661,29,2,139.1
2025-12-01 08:51:46+05:30,1256,171.5,34.8,33.6,51.6,676,33,9,210.6
2025-12-01 08:52:46+05:30,1256,170.0,44.2,33.7,53.5,532,47,6,167.9
2025-12-01 08:53:46+05:30,1256,166.6,38.1,33.2,52.5,629,29,6,177.2
2025-12-01 08:54:46+05:30,1256,172.9,38.1,33.3,50.2,665,43,5,197.9
2025-12-01 08:55:46+05:30,1256,175.6,36.4,33.2,48.2,700,27,6,209.3
2025-12-01 08:56:46+05:30,1256,169.6,44.3,33.5,50.0,702,26,6,213.7
2025-12-01 08:57:46+05:30,1256,167.2,35.8,33.4,53.8,674,37,2,220.3
2025-12-01 08:58:46+05:30,1256,172.4,40.2,33.8,53.0,653,39,5,187.3
2025-12-01 08:59:46+05:30,1256,169.0,38.1,33.1,50.2,694,48,3,201.3
2025-12-01 09:00:46+05:30,1256,169.7,36.3,33.0,52.6,671,29,6,194.0
2025-12-01 09:01:46+05:30,1256,166.7,45.1,32.7,49.7,604,41,4,206.9
2025-12-01 09:02:46+05:30,1256,177.3,40.2,33.1,52.3,655,28,3,143.5
2025-12-01 09:03:46+05:30,1256,172.4,37.2,33.0,50.5,713,22,7,156.4
2025-12-01 09:04:46+05:30,1256,172.7,36.5,33.7,52.8,637,37,1,171.6
2025-12-01 09:05:46+05:30,1256,165.2,35.9,33.2,52.3,765,32,1,201.3
2025-12-01 09:06:46+05:30,1256,171.6,40.0,33.6,52.5,611,27,5,180.8
2025-12-01 09:07:46+05:30,1256,168.9,36.5,33.8,53.9,625,26,5,205.7
2025-12-01 09:08:46+05:30,1256,175.8,35.9,33.2,50.9,607,24,7,176.0
2025-12-01 09:09:46+05:30,1256,172.9,35.0,32.8,53.2,719,11,8,173.5
2025-12-01 09:10:46+05:30,1256,166.8,42.7,33.1,51.1,562,43,2,168.0
2025-12-01 09:11:46+05:30,1256,175.8,43.1,33.5,50.9,640,40,4,160.0
2025-12-01 09:12:46+05:30,1256,171.6,42.1,33.6,52.6,584,25,10,197.6
2025-12-01 09:13:46+05:30,1256,176.9,35.8,33.8,53.7,538,25,7,191.9
2025-12-01 09:14:46+05:30,1256,169.8,37.6,33.3,51.1,632,24,7,130.5
2025-12-01 09:15:46+05:30,1256,169.2,39.2,33.3,51.9,775,40,5,196.5
2025-12-01 09:16:46+05:30,1256,171.6,37.8,32.6,48.9,586,38,2,183.3
2025-12-01 09:17:46+05:30,1256,166.6,43.6,33.2,48.3,687,23,1,150.1
2025-12-01 09:18:46+05:30,1256,172.3,44.9,32.8,54.0,600,51,6,166.9
2025-12-01 09:19:46+05:30,1256,165.7,38.1,33.3,57.1,755,13,5,183.9
2025-12-01 09:20:46+05:30,1256,171.4,43.8,32.9,48.6,690,41,6,193.3
2025-12-01 09:21:46+05:30,1256,166.2,38.1,33.4,50.6,745,42,5,191.2
2025-12-01 09:22:46+05:30,1256,175.5,43.9,33.3,50.4,715,21,4,185.0
2025-12-01 09:23:46+05:30,1256,168.7,39.7,33.6,53.7,662,36,5,171.3
2025-12-01 09:24:46+05:30,1256,168.2,42.7,32.8,50.2,597,31,8,166.8
2025-12-01 09:25:46+05:30,1256,169.1,45.7,33.2,51.2,661,22,2,175.1
2025-12-01 09:26:46+05:30,1256,168.3,43.1,33.1,53.5,698,36,10,157.2
2025-12-01 09:27:46+05:30,1256,170.6,41.0,33.3,50.1,671,36,1,192.3
2025-12-01 09:28:46+05:30,1256,170.1,45.1,33.7,53.0,632,0,0,167.5
2025-12-01 09:29:46+05:30,1256,167.9,43.3,33.1,54.2,679,34,4,194.8
2025-12-01 09:30:46+05:30,1256,160.7,40.3,33.4,51.3,759,35,7,183.1
2025-12-01 09:31:46+05:30,1256,172.9,41.1,32.9,52.3,672,22,3,176.7
2025-12-01 09:32:46+05:30,1256,171.0,38.9,33.9,52.6,634,26,5,227.7
2025-12-01 09:33:46+05:30,1256,171.3,39.6,33.2,48.0,609,20,6,174.7
2025-12-01 09:34:46+05:30,1256,170.7,40.2,33.1,52.2,671,38,8,191.4
2025-12-01 09:35:46+05:30,1256,164.5,42.4,33.1,52.0,648,41,5,191.1
2025-12-01 09:36:46+05:30,1256,171.0,34.8,33.3,52.3,704,22,4,190.6
2025-12-01 09:37:46+05:30,1256,166.9,39.4,33.1,48.9,640,37,0,180.1
2025-12-01 09:38:46+05:30,1256,171.9,42.2,32.8,51.8,688,18,10,154.3
2025-12-01 09:39:46+05:30,1256,169.0,36.7,33.3,51.1,657,19,4,179.7
2025-12-01 09:40:46+05:30,1256,167.4,38.3,33.6,50.1,685,36,3,183.6
2025-12-01 09:41:46+05:30,1256,169.3,41.0,33.0,49.3,695,29,2,182.3
2025-12-01 09:42:46+05:30,1256,170.8,42.3,33.2,51.5,555,23,4,156.7
2025-12-01 09:43:46+05:30,1256,168.0,38.1,33.2,52.2,654,39,2,191.9
2025-12-01 09:44:46+05:30,1256,176.6,38.7,33.6,51.8,721,36,5,184.9
2025-12-01 09:45:46+05:30,1256,171.7,37.6,33.4,52.7,656,38,6,204.0
2025-12-01 09:46:46+05:30,1256,170.1,44.5,33.6,52.2,625,30,2,175.6
2025-12-01 09:47:46+05:30,1256,171.3,39.6,33.0,49.3,692,21,6,176.7
2025-12-01 09:48:46+05:30,1256,168.5,38.8,33.9,48.6,641,35,7,203.0
2025-12-01 09:49:46+05:30,1256,169.6,35.2,33.6,54.0,692,38,6,166.8
2025-12-01 09:50:46+05:30,1256,172.8,41.6,33.7,52.8,645,37,6,178.0
2025-12-01 09:51:46+05:30,1256,165.7,39.6,33.5,49.5,605,42,6,145.3
2025-12-01 09:52:46+05:30,1256,170.4,44.2,33.0,52.6,747,26,0,205.7
2025-12-01 09:53:46+05:30,1256,169.4,39.5,33.8,49.1,624,49,9,153.6
2025-12-01 09:54:46+05:30,1256,167.0,36.4,33.5,51.0,704,22,4,161.1
2025-12-01 09:55:46+05:30,1256,168.1,42.8,33.1,55.3,773,28,5,170.5
2025-12-01 09:56:46+05:30,1256,166.9,49.9,33.3,52.1,710,37,1,197.3
2025-12-01 09:57:46+05:30,1256,173.5,44.1,33.2,50.7,600,26,3,192.6
2025-12-01 09:58:46+05:30,1256,173.5,39.9,33.7,52.9,565,32,2,159.8
2025-12-01 09:59:46+05:30,1256,165.3,36.8,33.4,55.0,569,21,0,235.5
2025-12-01 10:00:46+05:30,1256,170.5,36.0,34.2,50.8,720,34,4,208.9
2025-12-01 10:01:46+05:30,1256,171.2,40.8,33.0,54.5,637,40,3,178.6
2025-12-01 10:02:46+05:30,1256,168.9,44.2,33.9,51.0,594,24,3,136.0
2025-12-01 10:03:46+05:30,1256,170.3,43.0,33.7,56.5,650,26,5,187.7
2025-12-01 10:04:46+05:30,1256,167.7,42.7,33.9,50.7,706,29,0,199.4
2025-12-01 10:05:46+05:30,1256,166.2,33.6,33.2,49.7,558,28,6,181.8
2025-12-01 10:06:46+05:30,1256,168.1,43.8,33.0,48.5,642,44,4,178.1
2025-12-01 10:07:46+05:30,1256,174.2,39.8,33.1,50.6,630,19,0,169.4
2025-12-01 10:08:46+05:30,1256,167.0,39.9,33.7,51.5,613,26,5,180.4
2025-12-01 10:09:46+05:30,1256,167.7,37.7,33.2,51.2,669,32,4,137.4
2025-12-01 10:10:46+05:30,1256,163.0,42.0,33.4,52.7,659,27,7,154.6
2025-12-01 10:11:46+05:30,1256,165.9,41.3,33.8,47.7,634,8,1,190.4
2025-12-01 10:12:46+05:30,1256,171.1,43.0,33.0,52.2,653,27,0,182.4
2025-12-01 10:13:46+05:30,1256,172.5,40.1,33.2,54.0,715,31,7,195.6
2025-12-01 10:14:46+05:30,1256,167.5,40.7,33.1,48.6,686,30,2,155.1
2025-12-01 10:15:46+05:30,1256,167.1,37.3,32.9,51.8,579,39,1,183.4
2025-12-01 10:16:46+05:30,1256,167.4,36.2,33.6,54.7,586,40,3,191.4
2025-12-01 10:17:46+05:30,1256,167.5,39.8,33.1,51.3,626,35,6,190.0
2025-12-01 10:18:46+05:30,1256,166.7,47.3,34.1,47.9,589,7,4,136.6
2025-12-01 10:19:46+05:30,1256,169.6,38.4,33.7,53.2,769,31,2,217.1
2025-12-01 10:20:46+05:30,1256,173.9,42.1,33.7,52.1,577,29,5,185.4
2025-12-01 10:21:46+05:30,1256,170.2,41.5,33.5,51.1,611,11,0,228.8
2025-12-01 10:22:46+05:30,1256,171.9,41.3,33.2,56.6,676,30,1,211.8
2025-12-01 10:23:46+05:30,1256,169.1,40.4,33.3,52.8,557,31,1,187.2
2025-12-01 10:24:46+05:30,1256,171.8,42.7,33.3,53.1,641,24,5,188.5
2025-12-01 10:25:46+05:30,1256,171.8,43.5,33.8,53.7,628,17,2,141.3
2025-12-01 10:26:46+05:30,1256,168.9,42.5,32.9,51.8,661,49,2,200.9
2025-12-01 10:27:46+05:30,1256,172.7,38.1,32.9,47.4,620,31,9,190.9
2025-12-01 10:28:46+05:30,1256,176.5,38.3,33.0,51.8,657,41,7,187.8
2025-12-01 10:29:46+05:30,1256,168.1,42.4,33.7,51.3,666,25,6,189.9
2025-12-01 10:30:46+05:30,1256,163.5,39.3,33.1,51.4,723,42,5,149.4
2025-12-01 10:31:46+05:30,1256,172.4,37.8,33.2,50.5,712,33,7,211.3
2025-12-01 10:32:46+05:30,1256,170.8,36.1,33.2,49.3,706,26,3,136.0
2025-12-01 10:33:46+05:30,1256,171.9,35.8,33.2,54.4,715,24,4,173.5
2025-12-01 10:34:46+05:30,1256,171.4,36.0,33.5,49.8,667,38,4,163.5
2025-12-01 10:35:46+05:30,1256,172.7,40.0,33.1,53.1,682,23,5,212.9
2025-12-01 10:36:46+05:30,1256,171.0,34.4,33.4,52.7,661,39,4,174.0
2025-12-01 10:37:46+05:30,1256,163.3,43.1,33.6,52.2,703,31,5,161.6
2025-12-01 10:38:46+05:30,1256,167.7,36.2,33.3,51.6,568,38,6,137.7
2025-12-01 10:39:46+05:30,1256,169.2,37.1,33.3,55.0,686,21,9,178.1
2025-12-01 10:40:46+05:30,1256,167.6,41.1,33.5,48.3,627,26,2,184.0
2025-12-01 10:41:46+05:30,1256,168.4,42.4,33.6,53.7,658,43,5,192.7
2025-12-01 10:42:46+05:30,1256,171.9,38.5,33.4,53.2,621,42,1,130.5
2025-12-01 10:43:46+05:30,1256,167.7,37.7,33.6,50.7,627,30,1,178.9
2025-12-01 10:44:46+05:30,1256,176.5,42.5,33.1,54.6,708,41,0,184.2
2025-12-01 10:45:46+05:30,1256,169.0,38.8,33.3,49.3,692,48,3,177.1
2025-12-01 10:46:46+05:30,1256,174.2,44.6,32.8,52.9,641,21,0,173.7
2025-12-01 10:47:46+05:30,1256,171.6,37.6,33.3,53.5,610,41,2,183.8
2025-12-01 10:48:46+05:30,1256,172.9,38.2,33.7,53.8,767,36,5,199.7
2025-12-01 10:49:46+05:30,1256,168.4,35.9,33.0,50.7,680,14,9,149.4
2025-12-01 10:50:46+05:30,1256,167.8,39.3,33.5,53.3,706,48,0,206.1
2025-12-01 10:51:46+05:30,1256,171.7,38.0,32.9,49.2,630,32,3,206.6
2025-12-01 10:52:46+05:30,1256,171.7,42.3,33.6,51.0,686,42,8,227.1
2025-12-01 10:53:46+05:30,1256,169.9,39.0,33.6,51.7,665,42,3,165.9
2025-12-01 10:54:46+05:30,1256,169.5,40.2,32.9,53.5,626,30,12,166.4
2025-12-01 10:55:46+05:30,1256,169.0,45.6,33.3,56.5,621,27,1,174.4
2025-12-01 10:56:46+05:30,1256,170.8,42.6,33.1,48.3,588,14,7,124.5
2025-12-01 10:57:46+05:30,1256,168.9,39.9,33.2,52.2,652,39,0,189.1
2025-12-01 10:58:46+05:30,1256,170.0,38.5,33.7,53.3,704,31,1,191.1
2025-12-01 10:59:46+05:30,1256,174.9,42.1,33.7,50.2,669,20,3,198.0
2025-12-01 11:00:46+05:30,1256,174.4,40.6,33.4,51.6,603,23,2,185.8
2025-12-01 11:01:46+05:30,1256,169.4,35.2,33.2,51.4,663,29,3,156.9
2025-12-01 11:02:46+05:30,1256,169.6,39.7,33.4,50.8,614,42,10,152.7
2025-12-01 11:03:46+05:30,1256,172.7,39.0,33.6,50.1,615,20,3,137.2
2025-12-01 11:04:46+05:30,1256,173.8,40.2,32.9,51.9,693,25,3,194.2
2025-12-01 11:05:46+05:30,1256,170.0,34.5,33.5,54.3,594,29,8,198.8
2025-12-01 11:06:46+05:30,1256,168.5,45.0,32.9,52.8,667,38,0,185.1
2025-12-01 11:07:46+05:30,1256,168.7,38.0,33.6,48.4,700,24,5,191.9
2025-12-01 11:08:46+05:30,1256,172.3,41.1,33.7,56.3,647,40,3,157.8
2025-12-01 11:09:46+05:30,1256,169.1,35.5,33.3,49.5,568,45,1,173.0
2025-12-01 11:10:46+05:30,1256,168.4,42.0,33.2,50.1,617,20,4,177.9
2025-12-01 11:11:46+05:30,1256,174.3,32.4,33.4,48.7,772,26,6,165.7
2025-12-01 11:12:46+05:30,1256,174.6,41.7,33.1,51.3,734,39,4,187.3
2025-12-01 11:13:46+05:30,1256,166.3,38.8,33.2,53.0,679,42,4,170.5
2025-12-01 11:14:46+05:30,1256,169.0,37.1,32.9,50.2,661,2,6,178.9
2025-12-01 11:15:46+05:30,1256,168.6,42.9,32.9,51.2,689,34,5,195.5
2025-12-01 11:16:46+05:30,1256,171.1,33.4,33.0,50.0,686,30,9,153.2
2025-12-01 11:17:46+05:30,1256,172.2,43.2,33.1,54.6,609,31,1,192.2
2025-12-01 11:18:46+05:30,1256,173.5,39.6,33.7,52.9,671,24,1,212.9
2025-12-01 11:19:46+05:30,1256,170.2,41.3,33.6,52.0,703,24,6,179.0
2025-12-01 11:20:46+05:30,1256,170.0,43.8,33.3,49.9,665,32,1,195.1
2025-12-01 11:21:46+05:30,1256,167.4,41.8,33.2,50.8,673,36,3,157.0
2025-12-01 11:22:46+05:30,1256,169.0,41.3,33.6,54.9,685,29,4,176.8
2025-12-01 11:23:46+05:30,1256,174.3,40.7,33.8,53.0,635,27,5,171.9
2025-12-01 11:24:46+05:30,1256,173.9,45.1,34.1,52.7,643,39,5,178.4
2025-12-01 11:25:46+05:30,1256,169.6,37.7,33.3,52.1,713,24,4,200.1
2025-12-01 11:26:46+05:30,1256,172.7,36.5,33.6,54.9,740,49,2,153.5
2025-12-01 11:27:46+05:30,1256,175.2,36.3,33.2,54.2,674,32,4,149.5
2025-12-01 11:28:46+05:30,1256,173.0,36.5,32.8,53.2,723,33,1,184.9
2025-12-01 11:29:46+05:30,1256,162.0,40.0,33.0,53.1,663,22,5,177.0
2025-12-01 11:30:46+05:30,1256,168.1,44.9,33.4,48.2,721,13,5,167.5
2025-12-01 11:31:46+05:30,1256,171.2,38.4,33.4,49.8,690,32,5,197.5
2025-12-01 11:32:46+05:30,1256,161.5,37.8,33.5,50.2,612,38,7,146.0
2025-12-01 11:33:46+05:30,1256,172.3,42.9,33.4,52.8,697,35,2,227.2
2025-12-01 11:34:46+05:30,1256,168.8,40.2,33.4,50.7,676,46,10,201.3
2025-12-01 11:35:46+05:30,1256,168.6,39.6,33.0,50.3,692,35,6,160.6
2025-12-01 11:36:46+05:30,1256,166.2,45.8,33.1,52.0,606,35,4,167.2
2025-12-01 11:37:46+05:30,1256,171.2,39.3,33.7,51.9,729,29,7,176.8
2025-12-01 11:38:46+05:30,1256,171.1,43.8,33.6,46.6,552,38,7,170.0
2025-12-01 11:39:46+05:30,1256,163.9,42.4,33.6,51.3,626,16,9,176.7
2025-12-01 11:40:46+05:30,1256,168.3,36.6,33.9,51.0,679,22,3,200.9
2025-12-01 11:41:46+05:30,1256,170.4,39.5,33.3,51.7,675,39,5,139.4
2025-12-01 11:42:46+05:30,1256,170.2,38.0,32.9,50.5,682,29,3,193.8
2025-12-01 11:43:46+05:30,1256,168.3,42.6,33.3,52.4,652,26,5,175.3
2025-12-01 11:44:46+05:30,1256,163.9,47.6,33.2,50.6,666,39,6,174.4
2025-12-01 11:45:46+05:30,1256,169.7,41.8,33.2,51.6,679,30,6,196.3
2025-12-01 11:46:46+05:30,1256,170.1,41.2,33.4,56.2,628,28,3,172.0
2025-12-01 11:47:46+05:30,1256,171.5,42.9,33.4,53.3,637,51,4,205.9
2025-12-01 11:48:46+05:30,1256,170.0,33.0,33.4,49.6,640,24,7,191.7
2025-12-01 11:49:46+05:30,1256,165.9,45.9,32.8,54.1,604,38,2,211.1
2025-12-01 11:50:46+05:30,1256,167.6,41.9,33.2,49.4,571,47,2,190.0
2025-12-01 11:51:46+05:30,1256,168.0,41.0,33.4,53.4,679,35,4,168.5
2025-12-01 11:52:46+05:30,1256,165.0,37.3,32.9,51.0,653,40,5,168.3
2025-12-01 11:53:46+05:30,1256,174.3,42.8,33.4,54.7,626,31,7,193.8
2025-12-01 11:54:46+05:30,1256,169.7,42.2,33.1,49.5,698,24,6,196.0
2025-12-01 11:55:46+05:30,1256,175.4,40.4,33.1,55.1,703,35,6,204.5
2025-12-01 11:56:46+05:30,1256,170.9,42.2,33.3,52.2,614,25,7,198.1
2025-12-01 11:57:46+05:30,1256,170.6,38.3,33.7,52.3,576,32,7,177.1
2025-12-01 11:58:46+05:30,1256,171.3,41.1,33.3,52.8,637,31,4,206.4
2025-12-01 11:59:46+05:30,1256,171.3,39.7,32.9,54.3,656,42,6,180.8
2025-12-01 12:00:46+05:30,1256,171.1,42.9,33.5,54.3,634,37,0,179.9
2025-12-01 12:01:46+05:30,1256,173.8,40.4,33.3,52.4,662,48,0,181.9
2025-12-01 12:02:46+05:30,1256,168.8,39.4,33.3,51.8,676,24,6,166.4
2025-12-01 12:03:46+05:30,1256,168.3,35.2,33.2,54.1,629,25,5,183.8
2025-12-01 12:04:46+05:30,1256,169.4,39.6,33.2,51.1,604,40,3,207.9
2025-12-01 12:05:46+05:30,1256,170.6,44.1,33.2,51.7,695,35,3,210.0
2025-12-01 12:06:46+05:30,1256,170.0,39.9,33.6,50.2,588,19,0,171.4
2025-12-01 12:07:46+05:30,1256,171.9,39.6,33.9,54.5,665,31,4,184.0
2025-12-01 12:08:46+05:30,1256,169.1,41.2,33.1,52.3,672,24,4,155.6
2025-12-01 12:09:46+05:30,1256,169.4,41.3,33.2,50.6,600,35,7,164.9
2025-12-01 12:10:46+05:30,1256,173.2,43.5,33.5,51.1,579,30,4,200.3
2025-12-01 12:11:46+05:30,1256,174.5,45.1,33.1,52.6,721,17,5,191.4
2025-12-01 12:12:46+05:30,1256,170.2,37.5,33.4,57.1,654,45,5,164.5
2025-12-01 12:13:46+05:30,1256,165.6,42.4,33.4,52.0,638,28,10,195.0
2025-12-01 12:14:46+05:30,1256,172.6,30.6,33.4,50.0,707,30,6,174.5
2025-12-01 12:15:46+05:30,1256,169.0,41.5,33.3,50.7,675,41,1,217.7
2025-12-01 12:16:46+05:30,1256,168.7,46.6,33.6,50.6,665,55,5,180.0
2025-12-01 12:17:46+05:30,1256,164.4,45.6,33.3,53.7,577,39,5,195.5
2025-12-01 12:18:46+05:30,1256,168.0,41.3,33.0,52.3,602,28,6,195.6
2025-12-01 12:19:46+05:30,1256,168.4,37.9,33.2,52.4,613,34,4,180.6
2025-12-01 12:20:46+05:30,1256,173.8,37.6,33.4,51.0,663,25,5,196.8
2025-12-01 12:21:46+05:30,1256,171.0,37.6,33.3,52.8,681,21,1,181.6
2025-12-01 12:22:46+05:30,1256,173.1,41.5,33.1,51.2,617,37,1,173.1
2025-12-01 12:23:46+05:30,1256,165.1,38.3,33.2,45.4,655,40,8,167.4
2025-12-01 12:24:46+05:30,1256,172.3,38.7,33.1,53.0,659,35,8,185.8
2025-12-01 12:25:46+05:30,1256,176.0,43.7,33.6,52.1,743,39,2,197.6
2025-12-01 12:26:46+05:30,1256,172.0,40.2,33.2,52.4,685,43,1,197.4
2025-12-01 12:27:46+05:30,1256,170.4,42.3,33.2,53.5,688,31,14,181.3
2025-12-01 12:28:46+05:30,1256,170.7,37.4,33.4,52.7,666,38,3,170.2
2025-12-01 12:29:46+05:30,1256,164.5,37.3,33.7,52.4,740,30,0,200.0
2025-12-01 12:30:46+05:30,1256,165.2,36.2,33.1,55.0,597,18,3,183.6
2025-12-01 12:31:46+05:30,1256,173.5,44.6,33.6,51.7,641,13,5,182.7
2025-12-01 12:32:46+05:30,1256,173.5,35.8,33.1,52.1,725,50,11,222.2
2025-12-01 12:33:46+05:30,1256,170.5,40.8,33.1,52.9,656,43,6,171.5
2025-12-01 12:34:46+05:30,1256,168.4,44.0,33.5,54.1,547,38,0,162.9
2025-12-01 12:35:46+05:30,1256,167.6,35.0,33.4,52.8,617,17,4,170.3
2025-12-01 12:36:46+05:30,1256,176.4,41.4,33.0,52.0,684,17,8,184.5
2025-12-01 12:37:46+05:30,1256,170.5,41.8,33.4,51.7,625,31,2,194.6
2025-12-01 12:38:46+05:30,1256,169.9,38.2,33.1,50.9,674,36,0,144.4
2025-12-01 12:39:46+05:30,1256,166.8,39.6,33.1,50.3,585,25,5,203.0
2025-12-01 12:40:46+05:30,1256,164.4,38.1,33.6,53.1,655,22,4,183.7
2025-12-01 12:41:46+05:30,1256,170.8,34.9,33.5,56.3,670,29,0,205.6
2025-12-01 12:42:46+05:30,1256,168.2,43.1,33.5,52.0,655,0,3,177.8
2025-12-01 12:43:46+05:30,1256,172.4,44.1,33.4,53.3,731,40,1,181.1
2025-12-01 12:44:46+05:30,1256,167.4,36.9,33.0,50.6,695,26,5,167.1
2025-12-01 12:45:46+05:30,1256,165.8,43.3,33.6,52.3,633,29,0,170.6
2025-12-01 12:46:46+05:30,1256,171.3,36.2,33.1,51.3,621,34,0,177.2
2025-12-01 12:47:46+05:30,1256,172.1,39.8,33.3,50.8,592,41,5,158.3
2025-12-01 12:48:46+05:30,1256,172.1,44.9,33.2,56.0,607,39,6,136.0
2025-12-01 12:49:46+05:30,1256,171.3,37.6,33.4,50.5,647,37,2,144.7
2025-12-01 12:50:46+05:30,1256,168.0,38.6,33.5,50.1,707,20,3,195.9
2025-12-01 12:51:46+05:30,1256,168.4,32.8,33.2,52.9,637,33,5,229.6
2025-12-01 12:52:46+05:30,1256,170.3,37.2,33.2,55.3,648,14,0,143.4
2025-12-01 12:53:46+05:30,1256,165.7,35.2,33.4,51.4,564,32,9,180.2
2025-12-01 12:54:46+05:30,1256,169.8,38.5,33.0,53.8,666,19,7,173.9
2025-12-01 12:55:46+05:30,1256,171.7,43.1,33.0,53.5,589,41,2,158.2
2025-12-01 12:56:46+05:30,1256,173.1,43.2,33.3,55.1,639,27,0,189.0
2025-12-01 12:57:46+05:30,1256,172.7,40.5,33.1,54.7,626,14,5,181.2
2025-12-01 12:58:46+05:30,1256,167.9,36.8,33.7,49.9,673,30,5,160.4
2025-12-01 12:59:46+05:30,1256,175.8,46.0,33.3,50.2,650,44,7,186.3
2025-12-01 13:00:46+05:30,1256,167.9,41.3,33.7,47.4,647,30,8,181.9
2025-12-01 13:01:46+05:30,1256,171.2,42.4,33.0,53.5,648,24,6,156.7
2025-12-01 13:02:46+05:30,1256,169.0,41.0,33.3,54.5,634,38,6,194.4
2025-12-01 13:03:46+05:30,1256,168.7,38.6,32.6,50.4,682,33,3,169.4
2025-12-01 13:04:46+05:30,1256,168.2,37.6,33.5,50.8,607,2,1,177.4
2025-12-01 13:05:46+05:30,1256,174.8,38.6,33.8,51.2,677,46,4,155.9
2025-12-01 13:06:46+05:30,1256,171.2,45.4,33.4,50.4,630,21,8,184.6
2025-12-01 13:07:46+05:30,1256,169.4,44.0,33.2,52.9,626,25,8,174.6
2025-12-01 13:08:46+05:30,1256,169.0,41.0,33.0,54.2,692,30,2,215.9
2025-12-01 13:09:46+05:30,1256,168.0,36.1,33.3,53.0,694,14,6,201.4
2025-12-01 13:10:46+05:30,1256,171.3,44.4,33.7,51.6,664,44,6,171.4
2025-12-01 13:11:46+05:30,1256,171.6,39.6,33.2,51.4,695,15,3,204.3
2025-12-01 13:12:46+05:30,1256,171.3,39.4,33.5,51.4,656,21,6,171.9
2025-12-01 13:13:46+05:30,1256,167.6,46.4,33.2,53.3,641,33,5,196.6
2025-12-01 13:14:46+05:30,1256,170.1,37.5,33.4,49.5,593,35,9,187.1
2025-12-01 13:15:46+05:30,1256,170.6,39.2,33.5,56.4,584,26,6,175.1
2025-12-01 13:16:46+05:30,1256,173.3,40.8,33.1,48.5,650,34,3,167.8
2025-12-01 13:17:46+05:30,1256,165.0,37.3,33.2,52.6,775,38,4,154.0
2025-12-01 13:18:46+05:30,1256,172.5,42.1,33.2,52.6,731,41,11,208.8
2025-12-01 13:19:46+05:30,1256,165.8,41.3,33.3,51.9,569,37,11,170.7
2025-12-01 13:20:46+05:30,1256,171.2,37.8,33.3,48.9,598,38,7,189.9
2025-12-01 13:21:46+05:30,1256,169.7,43.2,33.3,52.5,718,10,6,191.7
2025-12-01 13:22:46+05:30,1256,174.2,39.1,33.3,54.5,633,36,6,191.7
2025-12-01 13:23:46+05:30,1256,172.9,35.1,33.6,52.9,739,27,4,180.6
2025-12-01 13:24:46+05:30,1256,172.0,43.6,32.9,49.6,588,28,7,202.1
2025-12-01 13:25:46+05:30,1256,172.9,39.7,33.9,50.9,634,35,6,179.7
2025-12-01 13:26:46+05:30,1256,174.1,36.4,33.2,50.0,690,35,5,177.6
2025-12-01 13:27:46+05:30,1256,169.3,38.6,33.3,51.6,613,36,6,185.5
2025-12-01 13:28:46+05:30,1256,172.5,35.3,33.1,53.3,563,23,3,194.0
2025-12-01 13:29:46+05:30,1256,170.4,41.7,33.0,54.1,561,21,1,197.8
2025-12-01 13:30:46+05:30,1256,167.6,43.9,33.7,53.2,668,37,3,173.1
2025-12-01 13:31:46+05:30,1256,170.3,42.3,33.6,50.9,600,41,6,202.6
2025-12-01 13:32:46+05:30,1256,174.0,38.9,32.6,49.8,702,42,6,193.2
2025-12-01 13:33:46+05:30,1256,170.1,40.0,33.3,53.1,619,39,4,190.4
2025-12-01 13:34:46+05:30,1256,165.4,34.0,33.5,49.5,583,31,3,176.7
2025-12-01 13:35:46+05:30,1256,170.9,42.6,33.4,52.4,585,35,4,214.7
2025-12-01 13:36:46+05:30,1256,166.5,38.8,33.4,51.6,571,34,0,139.7
2025-12-01 13:37:46+05:30,1256,168.6,38.1,33.3,51.8,673,42,6,179.1
2025-12-01 13:38:46+05:30,1256,166.1,41.4,33.6,54.2,670,47,9,221.0
2025-12-01 13:39:46+05:30,1256,170.9,45.8,34.1,55.3,707,36,0,184.6
2025-12-01 13:40:46+05:30,1256,170.8,43.0,32.9,51.2,633,43,4,179.2
2025-12-01 13:41:46+05:30,1256,168.4,33.7,33.2,57.2,680,35,4,176.2
2025-12-01 13:42:46+05:30,1256,168.0,43.6,33.4,49.9,561,19,3,169.4
2025-12-01 13:43:46+05:30,1256,169.2,37.5,33.5,52.8,645,16,5,192.3
2025-12-01 13:44:46+05:30,1256,166.6,40.7,33.4,49.7,662,44,7,186.6
2025-12-01 13:45:46+05:30,1256,165.9,43.2,33.3,51.9,529,19,6,200.0
2025-12-01 13:46:46+05:30,1256,170.2,42.4,33.0,52.8,596,24,7,171.2
2025-12-01 13:47:46+05:30,1256,173.5,37.3,33.5,53.0,619,25,8,215.7
2025-12-01 13:48:46+05:30,1256,166.4,37.7,33.3,52.7,675,32,3,162.8
2025-12-01 13:49:46+05:30,1256,164.8,38.7,33.3,48.9,696,25,7,147.5
2025-12-01 13:50:46+05:30,1256,176.0,40.9,33.2,53.6,587,37,5,177.6
2025-12-01 13:51:46+05:30,1256,172.5,41.0,33.2,49.6,662,40,0,194.0
2025-12-01 13:52:46+05:30,1256,169.6,45.8,33.2,52.6,720,23,6,161.3
2025-12-01 13:53:46+05:30,1256,166.8,45.4,33.1,50.9,496,42,3,158.4
2025-12-01 13:54:46+05:30,1256,163.8,40.9,32.9,52.8,643,35,4,194.8
2025-12-01 13:55:46+05:30,1256,167.7,42.1,33.3,51.5,563,25,3,187.5
2025-12-01 13:56:46+05:30,1256,162.2,34.4,33.5,53.2,680,12,7,183.8
2025-12-01 13:57:46+05:30,1256,168.2,36.6,33.1,49.3,646,15,3,168.5
2025-12-01 13:58:46+05:30,1256,170.3,43.9,33.3,52.4,626,24,5,184.1
2025-12-01 13:59:46+05:30,1256,172.9,37.1,33.6,53.0,676,37,2,189.9
2025-12-01 14:00:46+05:30,1256,167.1,41.0,33.4,53.1,730,41,7,207.6
2025-12-01 14:01:46+05:30,1256,171.0,40.0,33.9,51.2,696,30,4,203.2
2025-12-01 14:02:46+05:30,1256,172.4,41.3,33.1,49.6,706,18,10,192.5
2025-12-01 14:03:46+05:30,1256,173.2,43.7,33.0,53.3,696,28,3,144.9
2025-12-01 14:04:46+05:30,1256,171.6,36.1,34.1,52.8,628,33,3,179.0
2025-12-01 14:05:46+05:30,1256,169.5,43.7,33.2,50.8,650,33,10,185.3
2025-12-01 14:06:46+05:30,1256,169.3,40.1,32.8,53.7,644,14,4,150.3
2025-12-01 14:07:46+05:30,1256,170.6,38.6,33.4,51.0,657,27,3,163.1
2025-12-01 14:08:46+05:30,1256,172.5,36.9,33.4,51.8,682,39,5,180.3
2025-12-01 14:09:46+05:30,1256,173.9,41.6,33.5,52.8,736,28,5,209.7
2025-12-01 14:10:46+05:30,1256,168.9,41.3,33.3,50.1,749,25,3,177.1
2025-12-01 14:11:46+05:30,1256,167.1,34.3,33.4,49.7,722,32,8,186.9
2025-12-01 14:12:46+05:30,1256,167.7,37.3,33.7,51.0,668,12,5,194.4
2025-12-01 14:13:46+05:30,1256,172.7,41.1,33.0,52.5,572,18,4,143.5
2025-12-01 14:14:46+05:30,1256,173.1,37.8,33.5,55.3,663,46,2,154.2
2025-12-01 14:15:46+05:30,1256,174.8,42.7,32.9,51.2,612,30,5,186.9
2025-12-01 14:16:46+05:30,1256,170.7,44.8,33.2,54.4,588,8,5,198.3
2025-12-01 14:17:46+05:30,1256,173.4,36.2,33.4,50.5,567,34,5,203.5
2025-12-01 14:18:46+05:30,1256,175.7,36.4,33.4,52.7,665,24,5,170.8
2025-12-01 14:19:46+05:30,1256,173.2,44.6,33.2,54.8,588,16,3,182.3
2025-12-01 14:20:46+05:30,1256,168.4,39.4,32.9,55.1,587,26,8,165.7
2025-12-01 14:21:46+05:30,1256,172.5,38.8,33.4,50.8,644,27,8,180.4
2025-12-01 14:22:46+05:30,1256,170.1,40.0,33.6,50.4,662,19,6,161.4
2025-12-01 14:23:46+05:30,1256,168.8,38.4,33.2,49.3,728,31,3,176.5
2025-12-01 14:24:46+05:30,1256,169.6,40.8,33.1,51.4,668,25,4,182.9
2025-12-01 14:25:46+05:30,1256,171.7,39.2,33.5,50.7,632,41,3,187.4
2025-12-01 14:26:46+05:30,1256,172.0,42.8,33.4,49.0,632,30,8,212.8
2025-12-01 14:27:46+05:30,1256,170.9,40.6,33.8,55.9,656,41,5,170.4
2025-12-01 14:28:46+05:30,1256,168.4,44.7,33.4,54.6,566,44,3,186.0
2025-12-01 14:29:46+05:30,1256,167.7,41.0,33.6,53.4,613,14,4,155.4
2025-12-01 14:30:46+05:30,1256,177.0,45.2,33.7,49.1,646,45,2,198.1
2025-12-01 14:31:46+05:30,1256,173.7,40.3,33.1,51.8,588,15,2,175.0
2025-12-01 14:32:46+05:30,1256,172.5,42.7,33.4,49.4,646,13,2,160.8
2025-12-01 14:33:46+05:30,1256,173.8,35.9,33.0,52.7,709,27,7,196.7
2025-12-01 14:34:46+05:30,1256,170.4,46.9,32.9,51.7,641,27,3,202.9
2025-12-01 14:35:46+05:30,1256,173.0,42.5,33.0,49.2,607,22,4,191.9
2025-12-01 14:36:46+05:30,1256,171.3,41.5,32.5,50.9,715,29,11,155.0
2025-12-01 14:37:46+05:30,1256,172.5,37.6,33.2,51.8,706,30,10,194.7
2025-12-01 14:38:46+05:30,1256,167.7,39.0,33.2,54.0,712,22,9,150.9
2025-12-01 14:39:46+05:30,1256,166.8,38.1,33.2,51.8,686,22,6,171.9
2025-12-01 14:40:46+05:30,1256,169.3,40.0,33.2,51.3,628,17,7,171.2
2025-12-01 14:41:46+05:30,1256,169.8,36.4,33.1,52.6,573,22,8,206.5
2025-12-01 14:42:46+05:30,1256,168.8,37.1,33.4,52.7,610,49,4,180.5
2025-12-01 14:43:46+05:30,1256,171.1,36.0,33.3,52.2,618,49,2,193.4
2025-12-01 14:44:46+05:30,1256,167.8,37.4,33.4,53.1,751,34,0,207.0
2025-12-01 14:45:46+05:30,1256,171.6,44.4,33.5,51.4,656,29,3,171.6
2025-12-01 14:46:46+05:30,1256,170.0,41.3,33.7,51.4,556,38,7,181.4
2025-12-01 14:47:46+05:30,1256,170.0,41.4,33.8,51.2,603,18,2,179.4
2025-12-01 14:48:46+05:30,1256,168.2,41.6,32.8,53.0,649,35,9,150.4
2025-12-01 14:49:46+05:30,1256,163.5,39.2,33.0,53.9,674,17,12,154.2
2025-12-01 14:50:46+05:30,1256,168.5,41.5,33.1,50.9,559,28,8,208.1
2025-12-01 14:51:46+05:30,1256,167.2,40.9,32.7,49.4,659,40,5,193.7
2025-12-01 14:52:46+05:30,1256,170.0,43.8,33.0,51.3,590,48,2,141.6
2025-12-01 14:53:46+05:30,1256,170.9,39.2,33.6,52.0,643,33,3,164.3
2025-12-01 14:54:46+05:30,1256,166.9,36.9,33.1,49.8,658,18,12,162.4
2025-12-01 14:55:46+05:30,1256,173.8,39.3,33.2,52.1,626,34,4,186.3
2025-12-01 14:56:46+05:30,1256,169.2,42.0,33.7,50.9,526,23,11,184.4
2025-12-01 14:57:46+05:30,1256,172.1,39.7,33.3,50.2,711,28,0,182.0
2025-12-01 14:58:46+05:30,1256,172.3,38.7,33.0,50.5,764,33,8,166.4
2025-12-01 14:59:46+05:30,1256,174.4,40.9,34.0,53.4,695,9,4,142.6
2025-12-01 15:00:46+05:30,1256,167.3,38.1,32.7,54.7,605,26,8,183.9
2025-12-01 15:01:46+05:30,1256,171.9,44.2,33.5,48.1,662,36,7,164.9
2025-12-01 15:02:46+05:30,1256,170.5,44.6,33.6,49.9,616,33,2,170.1
2025-12-01 15:03:46+05:30,1256,170.9,38.4,33.8,56.1,667,20,1,174.7
2025-12-01 15:04:46+05:30,1256,170.6,40.3,32.5,52.2,699,35,3,177.0
2025-12-01 15:05:46+05:30,1256,169.9,42.0,33.0,51.0,617,34,4,168.2
2025-12-01 15:06:46+05:30,1256,168.5,37.1,33.0,55.6,583,49,2,164.2
2025-12-01 15:07:46+05:30,1256,170.1,39.6,33.4,50.2,581,20,5,189.4
2025-12-01 15:08:46+05:30,1256,171.4,43.1,32.9,53.5,597,22,3,211.7
2025-12-01 15:09:46+05:30,1256,171.8,38.0,33.0,53.5,616,33,1,183.3
2025-12-01 15:10:46+05:30,1256,170.5,38.7,33.2,52.0,630,22,4,180.2
2025-12-01 15:11:46+05:30,1256,174.8,34.8,33.9,54.2,596,34,0,183.0
2025-12-01 15:12:46+05:30,1256,170.0,39.0,33.1,51.1,743,43,3,164.3
2025-12-01 15:13:46+05:30,1256,168.0,39.9,33.2,51.5,635,36,4,148.9
2025-12-01 15:14:46+05:30,1256,166.9,37.5,32.9,55.7,580,16,7,179.5
2025-12-01 15:15:46+05:30,1256,172.7,48.3,33.2,55.1,707,29,4,203.3
2025-12-01 15:16:46+05:30,1256,165.6,39.8,33.4,53.4,679,27,1,147.8
2025-12-01 15:17:46+05:30,1256,168.8,37.8,33.3,57.8,690,43,5,183.0
2025-12-01 15:18:46+05:30,1256,174.8,35.9,32.8,53.6,589,38,1,144.6
2025-12-01 15:19:46+05:30,1256,169.7,41.2,33.1,48.6,676,37,0,176.8
2025-12-01 15:20:46+05:30,1256,172.8,33.7,33.4,54.8,654,43,6,183.6
2025-12-01 15:21:46+05:30,1256,169.1,43.0,33.5,51.3,643,51,5,222.8
2025-12-01 15:22:46+05:30,1256,171.7,39.8,33.6,51.1,641,30,5,143.5
2025-12-01 15:23:46+05:30,1256,168.9,41.8,33.8,51.4,587,50,4,152.7
2025-12-01 15:24:46+05:30,1256,168.9,36.6,33.5,53.3,644,17,7,183.0
2025-12-01 15:25:46+05:30,1256,172.1,37.8,33.0,52.3,676,36,7,215.9
2025-12-01 15:26:46+05:30,1256,169.6,40.6,33.6,50.9,620,25,1,162.8
2025-12-01 15:27:46+05:30,1256,165.2,38.5,32.8,53.9,578,32,7,181.7
2025-12-01 15:28:46+05:30,1256,161.6,36.3,34.0,47.5,663,40,6,188.4
2025-12-01 15:29:46+05:30,1256,171.1,38.8,33.4,51.3,706,17,0,194.0
2025-12-01 15:30:46+05:30,1256,169.5,43.5,33.4,50.6,619,35,2,194.5
2025-12-01 15:31:46+05:30,1256,171.9,38.7,33.9,54.5,632,27,5,210.9
2025-12-01 15:32:46+05:30,1256,167.3,38.2,33.6,55.2,668,31,3,157.4
2025-12-01 15:33:46+05:30,1256,163.4,43.3,33.9,55.2,623,38,2,157.1
2025-12-01 15:34:46+05:30,1256,170.8,44.0,33.6,50.4,660,43,6,195.8
2025-12-01 15:35:46+05:30,1256,165.2,41.6,33.6,55.0,637,26,5,168.0
2025-12-01 15:36:46+05:30,1256,170.3,38.3,33.5,53.7,621,7,8,196.0
2025-12-01 15:37:46+05:30,1256,171.9,40.4,33.5,48.4,703,33,2,211.9
2025-12-01 15:38:46+05:30,1256,170.6,37.7,33.6,52.6,666,26,9,148.3
2025-12-01 15:39:46+05:30,1256,170.1,38.7,33.1,51.5,627,23,5,180.8
2025-12-01 15:40:46+05:30,1256,170.2,37.6,33.5,55.2,695,28,2,179.0
2025-12-01 15:41:46+05:30,1256,174.1,40.7,33.3,56.0,655,23,6,191.2
2025-12-01 15:42:46+05:30,1256,168.3,39.9,33.6,51.8,645,33,1,196.6
2025-12-01 15:43:46+05:30,1256,171.8,44.4,33.3,51.5,702,37,9,219.5
2025-12-01 15:44:46+05:30,1256,172.1,39.2,33.2,53.4,615,19,5,191.7
2025-12-01 15:45:46+05:30,1256,167.5,38.1,33.3,53.6,734,23,4,169.7
2025-12-01 15:46:46+05:30,1256,173.1,37.9,33.2,53.1,677,15,5,161.5
2025-12-01 15:47:46+05:30,1256,169.6,44.1,33.2,54.1,684,43,3,172.4
2025-12-01 15:48:46+05:30,1256,169.0,42.7,32.9,52.0,625,14,0,205.2
2025-12-01 15:49:46+05:30,1256,163.5,34.7,33.2,51.5,643,24,4,159.5
2025-12-01 15:50:46+05:30,1256,175.6,41.5,33.4,51.3,572,33,5,161.0
2025-12-01 15:51:46+05:30,1256,175.1,40.0,33.2,49.8,675,38,2,202.1
2025-12-01 15:52:46+05:30,1256,170.9,43.8,33.2,48.6,689,29,7,146.7
2025-12-01 15:53:46+05:30,1256,174.1,36.8,33.0,51.5,586,22,4,197.3
2025-12-01 15:54:46+05:30,1256,171.4,38.7,32.9,52.4,683,36,4,145.8
2025-12-01 15:55:46+05:30,1256,172.4,40.6,32.8,51.3,597,10,3,171.6
2025-12-01 15:56:46+05:30,1256,164.9,41.7,32.4,49.6,730,39,7,209.0
2025-12-01 15:57:46+05:30,1256,171.7,37.7,33.0,53.8,680,26,5,194.5
2025-12-01 15:58:46+05:30,1256,171.4,43.8,33.7,49.5,522,30,3,175.3
2025-12-01 15:59:46+05:30,1256,174.1,37.3,33.0,52.0,599,28,5,173.8
2025-12-01 16:00:46+05:30,1256,170.0,38.7,33.1,52.0,672,27,7,208.2
2025-12-01 16:01:46+05:30,1256,173.8,35.6,33.1,54.7,606,32,4,149.8
2025-12-01 16:02:46+05:30,1256,170.3,40.8,33.1,48.5,663,32,10,201.4
2025-12-01 16:03:46+05:30,1256,170.1,40.7,33.1,54.4,646,12,6,192.9
2025-12-01 16:04:46+05:30,1256,164.9,36.0,33.3,49.5,534,18,2,150.5
2025-12-01 16:05:46+05:30,1256,166.4,40.5,33.2,49.4,677,28,6,179.0
2025-12-01 16:06:46+05:30,1256,174.4,38.2,33.4,53.1,617,29,6,206.9
2025-12-01 16:07:46+05:30,1256,172.0,43.6,33.4,55.3,597,38,4,213.8
2025-12-01 16:08:46+05:30,1256,165.4,39.9,33.4,51.4,643,37,11,194.2
2025-12-01 16:09:46+05:30,1256,170.6,37.2,33.3,52.2,666,25,4,156.8
2025-12-01 16:10:46+05:30,1256,171.0,35.1,33.3,54.7,718,32,0,187.7
2025-12-01 16:11:46+05:30,1256,175.9,45.9,33.5,50.6,690,34,5,187.6
2025-12-01 16:12:46+05:30,1256,163.0,36.8,33.5,51.6,642,13,2,162.7
2025-12-01 16:13:46+05:30,1256,170.9,47.8,34.2,55.8,619,28,1,154.1
2025-12-01 16:14:46+05:30,1256,171.9,43.1,33.1,50.8,697,29,6,174.7
2025-12-01 16:15:46+05:30,1256,174.0,40.7,33.4,53.1,605,17,6,188.6
2025-12-01 16:16:46+05:30,1256,167.7,43.3,33.4,54.6,614,32,2,152.0
2025-12-01 16:17:46+05:30,1256,172.1,40.4,33.4,50.6,584,27,8,182.0
2025-12-01 16:18:46+05:30,1256,165.1,42.0,33.7,50.1,651,18,7,140.8
2025-12-01 16:19:46+05:30,1256,166.1,35.1,33.0,53.6,697,28,7,203.0
2025-12-01 16:20:46+05:30,1256,166.3,39.1,33.3,52.4,668,33,3,212.6
2025-12-01 16:21:46+05:30,1256,176.2,40.6,33.3,54.2,613,43,6,132.8
2025-12-01 16:22:46+05:30,1256,173.4,40.6,33.1,52.7,604,37,2,200.5
2025-12-01 16:23:46+05:30,1256,172.6,34.9,33.4,51.7,593,34,8,159.9
2025-12-01 16:24:46+05:30,1256,167.9,45.6,33.0,54.8,653,20,3,165.1
2025-12-01 16:25:46+05:30,1256,174.5,33.3,33.0,54.0,660,21,1,171.2
2025-12-01 16:26:46+05:30,1256,175.3,38.3,33.2,49.5,647,25,4,178.9
2025-12-01 16:27:46+05:30,1256,168.7,40.5,33.4,48.7,667,51,5,192.4
2025-12-01 16:28:46+05:30,1256,172.2,39.3,33.5,51.0,643,24,6,192.4
2025-12-01 16:29:46+05:30,1256,171.0,40.2,33.4,54.7,709,24,2,166.6
2025-12-01 16:30:46+05:30,1256,170.2,45.4,33.6,52.6,754,35,6,179.6
2025-12-01 16:31:46+05:30,1256,170.4,39.4,33.4,50.2,682,29,8,193.7
2025-12-01 16:32:46+05:30,1256,172.8,42.7,33.2,52.6,637,29,4,159.0
2025-12-01 16:33:46+05:30,1256,171.5,39.2,33.7,52.2,667,23,5,194.9
2025-12-01 16:34:46+05:30,1256,168.8,39.8,32.9,52.7,694,51,4,170.5
2025-12-01 16:35:46+05:30,1256,165.2,33.3,33.5,52.5,644,5,4,195.0
2025-12-01 16:36:46+05:30,1256,170.0,41.3,33.8,50.9,641,42,5,179.9
2025-12-01 16:37:46+05:30,1256,167.3,46.7,33.0,49.9,707,34,6,160.7
2025-12-01 16:38:46+05:30,1256,170.0,41.0,33.1,47.1,706,33,4,178.6
2025-12-01 16:39:46+05:30,1256,174.3,40.8,33.3,54.0,582,31,2,178.8
2025-12-01 16:40:46+05:30,1256,175.5,35.7,33.2,51.9,636,34,6,188.7
2025-12-01 16:41:46+05:30,1256,167.6,36.6,33.2,53.2,567,25,10,240.6
2025-12-01 16:42:46+05:30,1256,165.4,37.7,33.5,52.2,659,38,2,202.6
2025-12-01 16:43:46+05:30,1256,169.7,39.7,33.6,49.7,628,33,4,173.9
2025-12-01 16:44:46+05:30,1256,167.3,38.2,33.2,53.7,631,13,6,185.1
2025-12-01 16:45:46+05:30,1256,174.9,47.9,33.2,46.8,655,14,0,212.7
2025-12-01 16:46:46+05:30,1256,175.4,42.6,33.4,51.3,676,30,5,168.6
2025-12-01 16:47:46+05:30,1256,173.9,39.0,33.2,49.6,734,22,8,173.2
2025-12-01 16:48:46+05:30,1256,171.9,39.0,33.5,55.2,644,25,3,167.5
2025-12-01 16:49:46+05:30,1256,169.2,39.0,33.5,51.4,668,21,6,219.3
2025-12-01 16:50:46+05:30,1256,175.4,34.3,33.2,51.2,597,21,7,182.9
2025-12-01 16:51:46+05:30,1256,167.3,41.4,33.3,53.2,686,23,10,167.1
2025-12-01 16:52:46+05:30,1256,164.8,36.2,32.9,49.9,580,36,6,160.6
2025-12-01 16:53:46+05:30,1256,165.7,41.3,32.9,52.5,563,8,5,181.6
2025-12-01 16:54:46+05:30,1256,174.5,39.7,32.7,55.8,683,24,10,170.6
2025-12-01 16:55:46+05:30,1256,173.2,39.7,33.6,51.3,660,36,6,159.9
2025-12-01 16:56:46+05:30,1256,171.7,40.0,33.3,49.3,627,35,6,158.0
2025-12-01 16:57:46+05:30,1256,173.7,37.2,33.8,53.7,639,34,8,183.8
2025-12-01 16:58:46+05:30,1256,170.2,42.1,33.6,53.6,705,35,1,183.0
2025-12-01 16:59:46+05:30,1256,169.9,40.1,33.3,51.9,664,34,8,160.7
2025-12-01 17:00:46+05:30,1256,170.0,52.4,33.4,50.3,714,23,1,188.8
2025-12-01 17:01:46+05:30,1256,163.3,39.5,33.2,51.7,655,20,2,157.3
2025-12-01 17:02:46+05:30,1256,170.0,39.3,33.2,54.2,543,31,4,176.0
2025-12-01 17:03:46+05:30,1256,171.1,34.0,33.2,50.9,596,23,0,163.1
2025-12-01 17:04:46+05:30,1256,170.9,37.5,33.3,49.2,657,25,8,168.7
2025-12-01 17:05:46+05:30,1256,172.5,40.6,33.4,52.8,596,39,3,194.0
2025-12-01 17:06:46+05:30,1256,170.6,38.7,33.7,53.0,666,30,6,199.5
2025-12-01 17:07:46+05:30,1256,170.2,37.2,32.6,57.1,680,36,5,226.9
2025-12-01 17:08:46+05:30,1256,169.4,44.0,33.5,51.9,605,34,1,186.0
2025-12-01 17:09:46+05:30,1256,176.0,35.9,32.9,51.9,681,14,3,188.1
2025-12-01 17:10:46+05:30,1256,168.6,40.7,33.4,51.8,642,35,6,202.4
2025-12-01 17:11:46+05:30,1256,176.4,42.4,32.7,49.5,712,35,1,209.2
2025-12-01 17:12:46+05:30,1256,167.1,44.1,33.1,53.6,578,25,4,178.1
2025-12-01 17:13:46+05:30,1256,168.4,42.5,33.5,52.4,609,27,3,174.5
2025-12-01 17:14:46+05:30,1256,168.0,40.5,33.0,55.5,548,32,2,182.8
2025-12-01 17:15:46+05:30,1256,168.5,35.4,33.2,52.1,604,25,2,191.7
2025-12-01 17:16:46+05:30,1256,171.8,40.2,32.8,55.6,623,23,9,162.2
2025-12-01 17:17:46+05:30,1256,166.6,39.7,33.1,51.4,673,29,4,193.3
2025-12-01 17:18:46+05:30,1256,172.3,41.9,33.5,52.7,673,38,0,152.4
2025-12-01 17:19:46+05:30,1256,169.2,37.5,33.1,50.8,692,37,2,188.9
2025-12-01 17:20:46+05:30,1256,170.0,40.7,33.7,48.9,707,15,0,162.5
2025-12-01 17:21:46+05:30,1256,171.9,43.3,32.9,52.4,609,30,6,191.8
2025-12-01 17:22:46+05:30,1256,166.5,34.8,33.3,49.8,716,36,4,214.6
2025-12-01 17:23:46+05:30,1256,173.7,38.6,33.6,49.1,656,16,3,169.3
2025-12-01 17:24:46+05:30,1256,173.2,40.5,33.6,51.2,632,44,6,175.0
2025-12-01 17:25:46+05:30,1256,168.9,45.1,32.9,51.5,655,37,4,154.1
2025-12-01 17:26:46+05:30,1256,165.2,40.3,33.2,53.8,670,25,0,214.5
2025-12-01 17:27:46+05:30,1256,165.7,36.0,33.5,53.5,558,24,3,195.9
2025-12-01 17:28:46+05:30,1256,169.3,30.4,33.8,53.6,629,21,6,171.0
2025-12-01 17:29:46+05:30,1256,169.9,39.8,33.0,50.0,712,27,0,170.7
2025-12-01 17:30:46+05:30,1256,169.8,33.0,33.0,52.8,651,42,9,153.6
2025-12-01 17:31:46+05:30,1256,169.5,47.0,33.6,51.9,663,21,7,177.2
2025-12-01 17:32:46+05:30,1256,164.5,45.2,33.7,53.3,662,7,9,166.9
2025-12-01 17:33:46+05:30,1256,166.7,34.7,33.4,51.9,680,47,5,141.6
2025-12-01 17:34:46+05:30,1256,171.6,39.2,33.4,54.5,695,41,7,195.8
2025-12-01 17:35:46+05:30,1256,172.2,44.6,33.2,52.4,718,38,7,192.2
2025-12-01 17:36:46+05:30,1256,171.0,45.0,32.9,50.9,684,31,8,210.8
2025-12-01 17:37:46+05:30,1256,163.3,43.0,33.6,50.3,586,37,1,172.5
2025-12-01 17:38:46+05:30,1256,170.2,42.2,34.0,53.1,650,31,1,179.3
2025-12-01 17:39:46+05:30,1256,171.8,45.7,33.1,53.2,752,21,5,209.9
2025-12-01 17:40:46+05:30,1256,169.4,43.3,33.3,54.8,703,49,5,167.0
2025-12-01 17:41:46+05:30,1256,170.2,46.1,33.5,53.1,637,25,2,176.9
2025-12-01 17:42:46+05:30,1256,168.8,42.3,33.2,50.8,636,18,8,192.5
2025-12-01 17:43:46+05:30,1256,167.8,39.7,33.4,51.3,709,26,2,188.4
2025-12-01 17:44:46+05:30,1256,171.0,41.4,33.6,52.7,630,34,6,149.6
2025-12-01 17:45:46+05:30,1256,171.5,43.4,32.8,52.8,640,24,6,157.6
2025-12-01 17:46:46+05:30,1256,166.0,36.9,33.4,51.2,663,41,3,180.9
2025-12-01 17:47:46+05:30,1256,164.6,37.6,33.6,51.4,578,49,2,197.8
2025-12-01 17:48:46+05:30,1256,166.0,43.6,33.6,55.3,615,22,2,192.5
2025-12-01 17:49:46+05:30,1256,170.2,40.8,33.6,51.6,693,41,7,159.1
2025-12-01 17:50:46+05:30,1256,166.5,40.0,33.4,51.6,615,20,10,229.6
2025-12-01 17:51:46+05:30,1256,169.9,41.2,32.9,53.4,605,31,4,183.6
2025-12-01 17:52:46+05:30,1256,174.5,39.9,33.9,53.8,635,33,7,166.3
2025-12-01 17:53:46+05:30,1256,167.9,40.4,33.4,52.1,648,42,8,166.3
2025-12-01 17:54:46+05:30,1256,162.4,36.2,33.2,52.2,641,29,3,181.4
2025-12-01 17:55:46+05:30,1256,171.0,41.7,33.3,52.6,665,26,6,171.1
2025-12-01 17:56:46+05:30,1256,168.0,40.5,32.7,53.4,706,20,0,175.5
2025-12-01 17:57:46+05:30,1256,164.9,39.8,32.9,50.6,635,38,8,159.5
2025-12-01 17:58:46+05:30,1256,172.4,33.0,33.0,53.5,625,39,3,169.2
2025-12-01 17:59:46+05:30,1256,166.4,44.5,33.4,50.0,633,21,1,199.7
2025-12-01 18:00:46+05:30,1256,174.0,39.7,33.4,53.2,708,13,5,186.4
2025-12-01 18:01:46+05:30,1256,172.3,44.2,33.2,51.1,696,11,7,149.1
2025-12-01 18:02:46+05:30,1256,167.3,36.0,33.0,51.7,604,15,6,216.8
2025-12-01 18:03:46+05:30,1256,169.0,40.3,32.9,49.1,572,22,9,155.0
2025-12-01 18:04:46+05:30,1256,173.3,42.4,33.2,54.5,620,44,9,184.1
2025-12-01 18:05:46+05:30,1256,175.0,39.6,33.3,51.0,674,29,6,195.7
2025-12-01 18:06:46+05:30,1256,171.2,35.0,33.2,52.7,646,37,8,176.6
2025-12-01 18:07:46+05:30,1256,170.9,36.6,33.5,46.5,621,7,0,229.9
2025-12-01 18:08:46+05:30,1256,174.4,36.8,33.4,48.7,670,26,9,172.0
2025-12-01 18:09:46+05:30,1256,172.2,43.2,33.2,51.0,669,36,6,200.7
2025-12-01 18:10:46+05:30,1256,172.7,41.1,33.1,49.1,645,39,8,128.8
2025-12-01 18:11:46+05:30,1256,170.1,41.9,32.9,53.1,613,43,0,173.4
2025-12-01 18:12:46+05:30,1256,175.8,36.0,33.1,51.4,607,27,0,205.7
2025-12-01 18:13:46+05:30,1256,169.0,42.1,33.7,55.0,664,24,9,183.8
2025-12-01 18:14:46+05:30,1256,167.6,38.7,33.5,54.4,661,41,4,237.3
2025-12-01 18:15:46+05:30,1256,170.8,37.2,32.8,55.9,626,25,6,200.5
2025-12-01 18:16:46+05:30,1256,173.4,44.0,33.5,55.4,614,38,4,217.7
2025-12-01 18:17:46+05:30,1256,166.3,37.2,33.5,53.1,661,43,4,199.9
2025-12-01 18:18:46+05:30,1256,170.0,44.4,33.8,50.9,694,43,3,196.8
2025-12-01 18:19:46+05:30,1256,171.7,43.8,33.3,52.6,682,33,8,184.0
2025-12-01 18:20:46+05:30,1256,172.9,39.6,33.4,52.2,691,22,6,172.1
2025-12-01 18:21:46+05:30,1256,176.8,41.5,32.9,50.7,709,7,6,167.6
2025-12-01 18:22:46+05:30,1256,169.8,38.2,33.4,49.2,655,28,4,165.6
2025-12-01 18:23:46+05:30,1256,171.0,44.9,33.2,51.6,660,35,5,186.9
2025-12-01 18:24:46+05:30,1256,169.4,43.6,33.4,53.6,596,31,3,139.4
2025-12-01 18:25:46+05:30,1256,162.5,41.7,33.8,51.4,728,41,7,155.9
2025-12-01 18:26:46+05:30,1256,165.1,43.0,32.8,52.5,653,33,4,208.6
2025-12-01 18:27:46+05:30,1256,166.3,40.6,33.4,51.6,696,33,4,157.6
2025-12-01 18:28:46+05:30,1256,171.3,42.4,33.1,53.5,644,30,3,179.1
2025-12-01 18:29:46+05:30,1256,172.8,39.7,33.4,52.5,682,22,5,209.3
2025-12-01 18:30:46+05:30,1256,170.1,40.6,34.1,53.5,676,27,5,188.5
2025-12-01 18:31:46+05:30,1256,173.7,39.6,33.0,54.9,600,30,6,174.0
2025-12-01 18:32:46+05:30,1256,167.6,38.1,33.5,54.9,602,29,1,162.5
2025-12-01 18:33:46+05:30,1256,171.4,38.9,33.3,51.6,657,21,2,135.2
2025-12-01 18:34:46+05:30,1256,168.5,46.5,33.1,49.7,588,18,4,152.5
2025-12-01 18:35:46+05:30,1256,170.5,42.8,32.7,50.4,717,28,11,151.5
2025-12-01 18:36:46+05:30,1256,171.6,37.7,33.5,52.9,578,25,1,160.1
2025-12-01 18:37:46+05:30,1256,171.1,32.2,33.4,51.9,613,31,7,152.4
2025-12-01 18:38:46+05:30,1256,170.4,40.8,33.4,49.0,686,20,5,172.6
2025-12-01 18:39:46+05:30,1256,168.6,38.0,33.8,48.1,627,27,0,191.1
2025-12-01 18:40:46+05:30,1256,164.6,37.9,33.7,52.0,623,26,6,188.1
2025-12-01 18:41:46+05:30,1256,167.6,34.1,33.4,50.1,621,31,5,176.3
2025-12-01 18:42:46+05:30,1256,175.6,36.7,33.3,49.1,604,18,8,172.2
2025-12-01 18:43:46+05:30,1256,169.1,42.1,33.1,54.3,594,33,2,148.7
2025-12-01 18:44:46+05:30,1256,167.3,42.1,33.6,51.4,737,24,4,173.7
2025-12-01 18:45:46+05:30,1256,174.2,43.7,32.8,51.8,722,34,4,177.9
2025-12-01 18:46:46+05:30,1256,175.2,36.9,33.6,52.7,708,20,4,158.1
2025-12-01 18:47:46+05:30,1256,170.0,45.7,33.2,49.5,629,41,2,173.1
2025-12-01 18:48:46+05:30,1256,170.2,40.3,33.2,51.0,539,30,3,145.1
2025-12-01 18:49:46+05:30,1256,170.1,42.9,33.7,56.9,681,37,8,164.2
2025-12-01 18:50:46+05:30,1256,165.5,37.3,33.1,52.4,706,1,4,196.4
2025-12-01 18:51:46+05:30,1256,177.4,37.7,33.4,52.5,647,29,7,197.6
2025-12-01 18:52:46+05:30,1256,168.8,38.5,33.3,53.9,714,40,4,171.6
2025-12-01 18:53:46+05:30,1256,171.9,37.0,33.1,49.1,718,17,7,172.4
2025-12-01 18:54:46+05:30,1256,175.0,41.1,33.3,48.4,652,26,2,188.1
2025-12-01 18:55:46+05:30,1256,169.9,36.8,33.4,51.5,796,22,5,197.6
2025-12-01 18:56:46+05:30,1256,172.5,37.0,33.3,51.5,661,21,5,100.0
2025-12-01 18:57:46+05:30,1256,167.2,36.6,33.6,54.5,611,31,1,184.8
2025-12-01 18:58:46+05:30,1256,168.0,39.9,32.8,52.5,575,20,5,177.5
2025-12-01 18:59:46+05:30,1256,172.9,37.8,33.1,49.6,669,18,5,141.5
2025-12-01 19:00:46+05:30,1256,169.5,42.2,33.8,50.5,726,39,8,176.8
2025-12-01 19:01:46+05:30,1256,173.3,39.2,33.9,47.7,676,39,6,196.2
2025-12-01 19:02:46+05:30,1256,166.1,37.6,33.4,51.0,593,27,3,184.5
2025-12-01 19:03:46+05:30,1256,174.0,41.8,33.0,51.3,689,50,6,199.4
2025-12-01 19:04:46+05:30,1256,173.3,37.7,33.5,52.3,649,23,3,191.2
2025-12-01 19:05:46+05:30,1256,171.7,38.3,33.7,51.3,727,18,3,221.9
2025-12-01 19:06:46+05:30,1256,169.3,43.3,33.6,52.0,694,16,9,184.1
2025-12-01 19:07:46+05:30,1256,166.8,42.0,33.6,53.9,651,33,4,172.4
2025-12-01 19:08:46+05:30,1256,169.4,36.1,33.9,51.8,678,31,3,194.7
2025-12-01 19:09:46+05:30,1256,167.5,40.2,32.9,52.5,602,39,1,153.5
2025-12-01 19:10:46+05:30,1256,173.6,39.0,32.9,50.9,780,42,7,157.2
2025-12-01 19:11:46+05:30,1256,166.9,39.5,33.4,53.3,671,34,5,178.3
2025-12-01 19:12:46+05:30,1256,170.0,37.4,33.2,52.7,647,33,6,197.6
2025-12-01 19:13:46+05:30,1256,166.4,41.7,33.0,49.7,531,38,4,166.9
2025-12-01 19:14:46+05:30,1256,168.4,42.5,33.4,52.0,740,21,0,157.6
2025-12-01 19:15:46+05:30,1256,171.9,36.2,33.8,50.4,714,20,3,216.3
2025-12-01 19:16:46+05:30,1256,168.9,41.2,33.5,52.7,657,25,2,189.9
2025-12-01 19:17:46+05:30,1256,172.2,44.4,33.3,52.1,624,24,0,197.6
2025-12-01 19:18:46+05:30,1256,171.3,51.0,33.2,51.3,700,19,0,175.5
2025-12-01 19:19:46+05:30,1256,168.4,38.4,33.5,50.8,577,18,4,174.5
2025-12-01 19:20:46+05:30,1256,174.0,44.6,33.1,51.1,699,33,7,171.4
2025-12-01 19:21:46+05:30,1256,166.1,36.9,33.1,51.6,688,34,0,198.8
2025-12-01 19:22:46+05:30,1256,167.1,36.6,32.9,54.4,567,22,1,181.2
2025-12-01 19:23:46+05:30,1256,173.6,41.5,33.1,50.6,589,34,3,173.4
2025-12-01 19:24:46+05:30,1256,173.4,40.8,33.2,55.4,701,32,4,187.2
2025-12-01 19:25:46+05:30,1256,161.5,38.7,33.5,48.4,622,39,2,169.2
2025-12-01 19:26:46+05:30,1256,166.2,37.5,32.9,52.6,649,19,4,170.0
2025-12-01 19:27:46+05:30,1256,166.0,39.1,33.4,53.6,590,35,3,187.4
2025-12-01 19:28:46+05:30,1256,165.0,34.8,33.1,51.0,628,38,2,178.1
2025-12-01 19:29:46+05:30,1256,171.7,38.5,33.1,53.8,668,37,9,152.8
2025-12-01 19:30:46+05:30,1256,169.5,43.5,33.4,50.7,657,15,6,197.1
2025-12-01 19:31:46+05:30,1256,173.6,37.2,33.2,50.7,682,26,9,169.3
2025-12-01 19:32:46+05:30,1256,169.9,39.0,33.9,50.2,727,40,1,166.6
2025-12-01 19:33:46+05:30,1256,170.3,35.2,33.3,52.8,739,40,0,140.2
2025-12-01 19:34:46+05:30,1256,172.6,36.4,32.8,50.2,748,28,2,161.1
2025-12-01 19:35:46+05:30,1256,169.7,40.0,32.8,49.4,581,25,5,201.9
2025-12-01 19:36:46+05:30,1256,171.0,40.4,32.7,48.4,665,28,3,220.4
2025-12-01 19:37:46+05:30,1256,171.8,44.0,33.4,51.6,702,25,6,194.4
2025-12-01 19:38:46+05:30,1256,175.7,38.2,33.3,50.7,670,31,0,141.6
2025-12-01 19:39:46+05:30,1256,168.9,41.4,33.2,51.6,591,41,1,171.1
2025-12-01 19:40:46+05:30,1256,171.1,40.9,33.2,50.2,649,39,5,175.7
2025-12-01 19:41:46+05:30,1256,171.1,39.1,33.9,57.6,639,35,9,209.6
2025-12-01 19:42:46+05:30,1256,168.0,39.6,32.8,50.7,616,14,5,151.5
2025-12-01 19:43:46+05:30,1256,171.1,40.6,32.5,51.4,614,10,3,199.2
2025-12-01 19:44:46+05:30,1256,172.2,38.5,33.1,49.8,756,19,6,170.6
2025-12-01 19:45:46+05:30,1256,170.7,40.3,33.6,50.0,695,26,0,186.3
2025-12-01 19:46:46+05:30,1256,168.9,39.9,33.6,52.2,651,43,7,237.0
2025-12-01 19:47:46+05:30,1256,172.7,44.2,33.3,49.3,688,23,3,167.0
2025-12-01 19:48:46+05:30,1256,174.5,44.7,33.3,54.5,622,9,4,182.9
2025-12-01 19:49:46+05:30,1256,160.9,43.2,33.6,52.6,698,19,6,190.9
2025-12-01 19:50:46+05:30,1256,170.9,36.9,33.1,52.6,673,46,3,167.5
2025-12-01 19:51:46+05:30,1256,174.3,41.6,32.9,50.0,615,24,4,190.8
2025-12-01 19:52:46+05:30,1256,166.6,37.5,33.5,52.1,640,29,5,198.7
2025-12-01 19:53:46+05:30,1256,167.2,38.7,33.4,51.8,602,23,3,197.5
2025-12-01 19:54:46+05:30,1256,158.8,42.0,33.9,50.8,636,35,3,198.4
2025-12-01 19:55:46+05:30,1256,167.4,39.7,33.5,51.1,616,29,1,168.3
2025-12-01 19:56:46+05:30,1256,167.0,42.2,33.3,52.6,689,36,5,181.0
2025-12-01 19:57:46+05:30,1256,164.6,43.9,33.2,50.3,590,41,9,195.4
2025-12-01 19:58:46+05:30,1256,172.5,43.0,32.7,49.7,648,38,10,195.7
2025-12-01 19:59:46+05:30,1256,167.8,36.5,33.1,55.8,537,24,5,183.9
2025-12-01 20:00:46+05:30,1256,168.1,43.4,33.3,55.2,650,20,6,168.1
2025-12-01 20:01:46+05:30,1256,173.5,41.4,33.5,52.2,635,40,0,197.4
2025-12-01 20:02:46+05:30,1256,167.9,44.1,33.1,53.6,632,17,6,184.2
2025-12-01 20:03:46+05:30,1256,170.5,35.9,33.7,49.9,562,24,3,184.4
2025-12-01 20:04:46+05:30,1256,168.4,37.6,33.0,51.4,642,36,7,225.7
2025-12-01 20:05:46+05:30,1256,169.6,37.0,33.1,50.3,660,29,8,185.8
2025-12-01 20:06:46+05:30,1256,163.7,36.5,33.6,54.3,731,45,4,178.9
2025-12-01 20:07:46+05:30,1256,173.4,46.3,33.4,52.8,652,20,5,169.6
2025-12-01 20:08:46+05:30,1256,166.8,39.8,33.7,54.1,580,17,6,177.1
2025-12-01 20:09:46+05:30,1256,173.3,42.5,33.0,53.1,673,26,2,196.3
2025-12-01 20:10:46+05:30,1256,172.3,41.8,33.4,50.3,596,18,5,172.2
2025-12-01 20:11:46+05:30,1256,173.6,33.8,33.5,54.5,590,17,4,201.5
2025-12-01 20:12:46+05:30,1256,170.1,42.3,32.9,54.5,650,30,7,159.9
2025-12-01 20:13:46+05:30,1256,176.2,40.3,33.3,52.9,683,22,1,222.2
2025-12-01 20:14:46+05:30,1256,167.1,39.1,33.5,54.9,630,37,7,194.4
2025-12-01 20:15:46+05:30,1256,168.0,39.4,33.1,49.6,674,35,5,181.8
2025-12-01 20:16:46+05:30,1256,170.2,41.0,33.5,49.3,540,28,10,181.1
2025-12-01 20:17:46+05:30,1256,167.6,41.5,33.3,54.8,633,35,1,202.0
2025-12-01 20:18:46+05:30,1256,170.0,41.0,33.3,53.5,685,24,4,153.2
2025-12-01 20:19:46+05:30,1256,171.6,39.2,33.3,51.3,658,29,2,112.1
2025-12-01 20:20:46+05:30,1256,172.2,42.2,33.5,50.0,604,31,7,194.8
2025-12-01 20:21:46+05:30,1256,168.4,35.9,33.4,50.1,692,34,5,202.9
2025-12-01 20:22:46+05:30,1256,165.8,40.3,33.8,50.8,618,33,5,186.5
2025-12-01 20:23:46+05:30,1256,173.7,36.9,32.9,50.5,633,41,0,166.8
2025-12-01 20:24:46+05:30,1256,165.2,37.6,33.3,55.8,677,33,8,199.0
2025-12-01 20:25:46+05:30,1256,170.8,44.1,33.6,54.3,703,22,5,198.7
2025-12-01 20:26:46+05:30,1256,173.4,40.7,33.6,50.9,607,14,5,182.9
2025-12-01 20:27:46+05:30,1256,169.4,38.5,33.5,55.5,636,19,9,176.1
2025-12-01 20:28:46+05:30,1256,174.0,40.4,33.1,53.8,617,27,7,152.3
2025-12-01 20:29:46+05:30,1256,170.2,41.8,33.4,52.8,594,31,6,169.7
2025-12-01 20:30:46+05:30,1256,167.6,41.4,33.6,54.2,629,50,1,199.0
2025-12-01 20:31:46+05:30,1256,166.1,37.7,33.6,50.4,590,41,10,174.2
2025-12-01 20:32:46+05:30,1256,175.2,38.6,33.5,51.7,675,29,10,213.4
2025-12-01 20:33:46+05:30,1256,168.3,37.3,33.5,51.1,632,9,5,212.0
2025-12-01 20:34:46+05:30,1256,167.4,42.0,33.3,51.0,722,31,5,173.5
2025-12-01 20:35:46+05:30,1256,164.2,44.5,33.8,50.7,687,2,5,192.8
2025-12-01 20:36:46+05:30,1256,169.0,43.4,33.5,51.4,605,33,7,178.7
2025-12-01 20:37:46+05:30,1256,168.6,43.9,33.3,53.0,662,42,6,166.5
2025-12-01 20:38:46+05:30,1256,171.1,41.0,33.4,51.1,577,23,0,201.8
2025-12-01 20:39:46+05:30,1256,174.3,40.3,33.3,52.6,691,22,10,204.6
2025-12-01 20:40:46+05:30,1256,167.0,40.1,33.2,52.9,632,32,5,142.7
2025-12-01 20:41:46+05:30,1256,167.4,35.8,33.2,53.2,648,33,7,156.2
2025-12-01 20:42:46+05:30,1256,172.7,38.6,33.8,55.4,652,40,5,176.6
2025-12-01 20:43:46+05:30,1256,171.9,37.0,33.4,51.0,630,4,0,197.7
2025-12-01 20:44:46+05:30,1256,174.2,39.2,33.2,47.4,655,16,10,152.6
2025-12-01 20:45:46+05:30,1256,170.6,42.8,33.4,53.5,713,40,3,179.3
2025-12-01 20:46:46+05:30,1256,167.2,41.5,33.2,52.2,542,16,9,162.4
2025-12-01 20:47:46+05:30,1256,170.2,36.3,33.7,52.9,687,34,2,196.3
2025-12-01 20:48:46+05:30,1256,165.1,39.9,33.2,50.5,666,26,5,185.3
2025-12-01 20:49:46+05:30,1256,170.8,44.3,33.6,52.1,688,10,8,163.1
2025-12-01 20:50:46+05:30,1256,168.0,38.0,33.3,51.0,622,33,2,186.3
2025-12-01 20:51:46+05:30,1256,169.0,36.0,33.2,54.7,693,21,2,173.5
2025-12-01 20:52:46+05:30,1256,164.5,42.1,33.9,49.8,691,36,3,176.8
2025-12-01 20:53:46+05:30,1256,170.4,42.2,33.6,52.8,657,29,5,220.9
2025-12-01 20:54:46+05:30,1256,170.4,42.0,33.0,50.7,727,29,8,161.3
2025-12-01 20:55:46+05:30,1256,171.8,39.1,33.2,49.9,753,38,2,154.2
2025-12-01 20:56:46+05:30,1256,168.8,43.1,33.6,54.2,670,9,0,170.8
2025-12-01 20:57:46+05:30,1256,171.2,38.9,33.8,49.3,695,21,1,214.1
2025-12-01 20:58:46+05:30,1256,171.5,43.9,33.4,51.8,655,33,5,164.5
2025-12-01 20:59:46+05:30,1256,168.5,39.6,33.6,55.5,654,41,5,167.8
2025-12-01 21:00:46+05:30,1256,170.4,38.8,33.4,56.1,691,25,3,202.1
2025-12-01 21:01:46+05:30,1256,172.5,40.0,33.2,49.7,686,25,6,152.2
2025-12-01 21:02:46+05:30,1256,172.0,39.5,33.0,46.4,665,26,6,187.0
2025-12-01 21:03:46+05:30,1256,169.7,40.4,33.1,54.4,657,17,5,158.8
2025-12-01 21:04:46+05:30,1256,171.1,37.7,33.0,53.3,705,42,2,179.2
2025-12-01 21:05:46+05:30,1256,166.3,36.1,33.2,49.4,654,20,2,182.0
2025-12-01 21:06:46+05:30,1256,172.6,38.8,33.2,52.1,719,28,2,165.5
2025-12-01 21:07:46+05:30,1256,170.3,41.2,32.8,54.3,585,13,6,170.8
2025-12-01 21:08:46+05:30,1256,173.7,42.9,33.0,47.6,552,47,6,164.8
2025-12-01 21:09:46+05:30,1256,172.1,38.0,33.1,50.4,631,28,0,171.6
2025-12-01 21:10:46+05:30,1256,172.6,39.0,33.4,51.8,588,12,4,163.1
2025-12-01 21:11:46+05:30,1256,173.0,32.5,33.4,51.5,566,24,5,204.9
2025-12-01 21:12:46+05:30,1256,170.0,43.6,33.2,52.6,696,32,9,148.5
2025-12-01 21:13:46+05:30,1256,166.7,41.7,33.4,47.8,690,36,5,156.5
2025-12-01 21:14:46+05:30,1256,172.3,43.6,33.3,51.8,654,36,3,187.4
2025-12-01 21:15:46+05:30,1256,169.3,44.6,33.4,51.0,602,28,0,186.9
2025-12-01 21:16:46+05:30,1256,173.5,34.5,32.9,50.0,578,18,3,195.2
2025-12-01 21:17:46+05:30,1256,168.0,45.9,33.2,54.9,704,9,10,161.9
2025-12-01 21:18:46+05:30,1256,173.2,39.7,33.3,52.8,607,12,9,168.0
2025-12-01 21:19:46+05:30,1256,167.7,42.2,33.0,53.6,584,42,7,180.7
2025-12-01 21:20:46+05:30,1256,169.6,41.5,33.8,51.7,670,35,7,169.3
2025-12-01 21:21:46+05:30,1256,170.5,38.8,33.8,53.2,640,23,5,176.8
2025-12-01 21:22:46+05:30,1256,165.5,47.5,33.7,54.4,683,25,7,190.6
2025-12-01 21:23:46+05:30,1256,167.0,34.5,33.5,51.9,628,13,9,169.6
2025-12-01 21:24:46+05:30,1256,167.8,40.1,33.1,48.6,628,22,5,205.1
2025-12-01 21:25:46+05:30,1256,169.5,40.9,33.9,52.4,607,34,9,187.4
2025-12-01 21:26:46+05:30,1256,169.2,40.7,33.0,47.4,548,28,7,190.0
2025-12-01 21:27:46+05:30,1256,175.9,32.6,33.0,50.1,641,24,0,181.2
2025-12-01 21:28:46+05:30,1256,172.2,40.4,33.6,48.6,734,25,0,190.1
2025-12-01 21:29:46+05:30,1256,170.3,35.0,33.7,50.4,674,44,8,138.8
2025-12-01 21:30:46+05:30,1256,172.3,41.9,33.6,48.6,662,50,10,177.4
2025-12-01 21:31:46+05:30,1256,166.9,41.1,32.9,53.5,589,30,5,177.4
2025-12-01 21:32:46+05:30,1256,177.0,39.7,32.7,51.3,664,12,1,185.7
2025-12-01 21:33:46+05:30,1256,172.9,36.0,33.3,54.2,761,46,5,199.8
2025-12-01 21:34:46+05:30,1256,171.8,43.1,33.3,49.6,652,13,3,181.4
2025-12-01 21:35:46+05:30,1256,168.1,43.4,33.2,49.7,678,24,10,132.8
2025-12-01 21:36:46+05:30,1256,170.5,37.4,33.6,52.6,708,47,8,185.0
2025-12-01 21:37:46+05:30,1256,167.4,43.4,33.0,52.9,704,37,5,126.6
2025-12-01 21:38:46+05:30,1256,168.8,45.4,32.9,52.9,701,29,3,180.8
2025-12-01 21:39:46+05:30,1256,164.7,40.2,33.4,53.0,645,13,4,166.6
2025-12-01 21:40:46+05:30,1256,170.0,38.1,33.1,50.4,660,37,1,193.1
2025-12-01 21:41:46+05:30,1256,167.6,39.9,33.8,51.7,600,17,5,157.9
2025-12-01 21:42:46+05:30,1256,166.9,34.9,33.5,52.0,664,19,6,175.9
2025-12-01 21:43:46+05:30,1256,172.7,41.6,33.5,54.8,650,33,2,140.8
2025-12-01 21:44:46+05:30,1256,169.4,41.5,33.3,50.2,586,32,5,204.9
2025-12-01 21:45:46+05:30,1256,166.9,41.4,33.8,51.7,657,32,2,212.1
2025-12-01 21:46:46+05:30,1256,171.0,36.9,32.8,51.1,638,24,5,168.7
2025-12-01 21:47:46+05:30,1256,174.0,41.3,33.7,49.4,665,11,3,161.8
2025-12-01 21:48:46+05:30,1256,168.0,43.8,33.8,49.8,637,32,2,143.1
2025-12-01 21:49:46+05:30,1256,175.3,41.4,33.4,51.9,603,51,1,179.1
2025-12-01 21:50:46+05:30,1256,170.1,41.6,33.5,54.7,624,25,3,192.1
2025-12-01 21:51:46+05:30,1256,170.7,37.4,32.8,50.0,555,40,7,179.4
2025-12-01 21:52:46+05:30,1256,169.6,34.0,33.2,48.7,587,42,2,205.6
2025-12-01 21:53:46+05:30,1256,175.6,37.8,33.4,49.5,582,31,5,188.2
2025-12-01 21:54:46+05:30,1256,177.6,40.3,33.1,52.5,607,24,9,213.1
2025-12-01 21:55:46+05:30,1256,170.3,43.2,33.2,51.2,614,28,4,172.9
2025-12-01 21:56:46+05:30,1256,168.7,43.0,33.1,52.5,633,33,7,199.2
2025-12-01 21:57:46+05:30,1256,168.7,39.5,33.5,50.8,635,38,5,172.5
2025-12-01 21:58:46+05:30,1256,163.4,44.4,33.3,54.6,635,24,6,187.3
2025-12-01 21:59:46+05:30,1256,164.5,37.8,33.5,52.3,590,40,3,194.1
2025-12-01 22:00:46+05:30,1256,172.9,38.2,33.4,54.6,687,12,8,201.9
2025-12-01 22:01:46+05:30,1256,170.0,39.5,33.3,51.0,702,28,6,171.6
2025-12-01 22:02:46+05:30,1256,170.4,40.3,33.4,51.6,676,14,5,189.8
2025-12-01 22:03:46+05:30,1256,165.9,38.9,33.1,53.8,661,28,4,218.2
2025-12-01 22:04:46+05:30,1256,169.0,39.9,33.0,52.6,539,35,2,183.2
2025-12-01 22:05:46+05:30,1256,173.4,45.5,33.3,52.4,638,23,2,140.9
2025-12-01 22:06:46+05:30,1256,172.4,40.6,33.6,51.6,654,8,0,189.7
2025-12-01 22:07:46+05:30,1256,168.1,36.0,33.7,53.5,642,20,3,187.6
2025-12-01 22:08:46+05:30,1256,172.2,31.4,33.0,54.9,617,20,11,196.3
2025-12-01 22:09:46+05:30,1256,170.9,39.3,33.4,51.3,716,22,9,200.3
2025-12-01 22:10:46+05:30,1256,163.6,39.5,33.2,53.5,678,29,6,178.8
2025-12-01 22:11:46+05:30,1256,170.4,41.4,33.2,50.4,664,34,0,175.5
2025-12-01 22:12:46+05:30,1256,169.6,40.6,33.8,53.7,685,22,1,149.9
2025-12-01 22:13:46+05:30,1256,168.9,37.0,32.9,52.4,536,17,3,191.0
2025-12-01 22:14:46+05:30,1256,170.1,42.3,33.0,51.5,608,28,3,154.5
2025-12-01 22:15:46+05:30,1256,173.9,40.5,33.2,47.5,747,24,12,187.3
2025-12-01 22:16:46+05:30,1256,168.3,39.7,33.4,49.8,672,30,9,157.2
2025-12-01 22:17:46+05:30,1256,169.1,38.4,33.5,57.1,634,25,4,206.7
2025-12-01 22:18:46+05:30,1256,170.9,36.6,33.2,49.3,544,44,5,198.3
2025-12-01 22:19:46+05:30,1256,168.4,39.0,33.5,54.4,640,21,4,176.7
2025-12-01 22:20:46+05:30,1256,168.8,37.5,33.1,50.2,629,0,7,217.1
2025-12-01 22:21:46+05:30,1256,172.1,44.4,33.5,51.7,684,5,9,194.6
2025-12-01 22:22:46+05:30,1256,165.3,38.0,33.9,53.9,673,24,2,186.7
2025-12-01 22:23:46+05:30,1256,167.5,39.2,33.3,48.9,662,38,1,200.2
2025-12-01 22:24:46+05:30,1256,170.8,35.6,33.3,53.3,689,40,5,164.0
2025-12-01 22:25:46+05:30,1256,170.6,40.9,32.9,48.7,642,31,4,176.6
2025-12-01 22:26:46+05:30,1256,167.8,39.3,32.7,50.1,664,30,0,206.9
2025-12-01 22:27:46+05:30,1256,170.3,38.3,33.2,48.2,686,37,4,180.6
2025-12-01 22:28:46+05:30,1256,174.0,36.6,33.3,51.8,684,39,12,241.2
2025-12-01 22:29:46+05:30,1256,168.0,42.2,33.7,54.7,601,36,3,152.5
2025-12-01 22:30:46+05:30,1256,160.0,41.6,33.4,48.2,654,1,7,198.0
2025-12-01 22:31:46+05:30,1256,164.5,35.1,32.9,50.7,701,27,0,170.0
2025-12-01 22:32:46+05:30,1256,170.5,38.6,33.3,53.0,673,31,3,203.7
2025-12-01 22:33:46+05:30,1256,175.7,36.6,33.7,49.6,606,42,3,164.3
2025-12-01 22:34:46+05:30,1256,172.1,43.9,33.4,53.4,659,43,2,175.6
2025-12-01 22:35:46+05:30,1256,172.0,36.7,33.0,56.4,709,36,5,189.0
2025-12-01 22:36:46+05:30,1256,161.8,38.6,32.7,49.3,720,40,5,151.0
2025-12-01 22:37:46+05:30,1256,175.6,39.6,33.2,52.0,580,32,2,193.1
2025-12-01 22:38:46+05:30,1256,170.5,39.6,33.4,54.2,690,12,0,207.2
2025-12-01 22:39:46+05:30,1256,166.1,42.3,33.5,52.5,663,19,8,206.7
2025-12-01 22:40:46+05:30,1256,168.3,37.2,32.9,56.9,701,40,8,171.2
2025-12-01 22:41:46+05:30,1256,169.2,39.3,33.5,51.6,513,30,3,149.3
2025-12-01 22:42:46+05:30,1256,170.4,41.8,33.5,51.4,635,23,4,223.9
2025-12-01 22:43:46+05:30,1256,169.2,42.9,33.5,50.7,673,7,1,186.8
2025-12-01 22:44:46+05:30,1256,172.9,45.0,33.0,51.3,603,36,8,207.4
2025-12-01 22:45:46+05:30,1256,166.8,42.3,33.5,54.4,599,29,5,159.9
2025-12-01 22:46:46+05:30,1256,168.9,37.5,33.3,54.2,648,41,7,159.7
2025-12-01 22:47:46+05:30,1256,167.3,41.3,33.2,49.2,618,37,9,186.5
2025-12-01 22:48:46+05:30,1256,165.0,37.2,33.7,47.9,656,31,0,177.4
2025-12-01 22:49:46+05:30,1256,173.7,39.9,33.4,49.7,603,29,2,200.6
2025-12-01 22:50:46+05:30,1256,170.1,38.6,33.2,47.0,641,32,7,177.3
2025-12-01 22:51:46+05:30,1256,174.5,40.7,33.5,54.5,602,20,4,192.9
2025-12-01 22:52:46+05:30,1256,167.5,38.7,33.0,56.5,666,18,3,148.8
2025-12-01 22:53:46+05:30,1256,168.2,34.2,33.7,50.0,702,16,6,177.7
2025-12-01 22:54:46+05:30,1256,171.0,35.1,33.8,52.1,550,41,5,173.0
2025-12-01 22:55:46+05:30,1256,170.7,38.9,33.4,52.2,649,19,5,167.2
2025-12-01 22:56:46+05:30,1256,167.4,37.8,32.9,50.6,645,26,5,190.4
2025-12-01 22:57:46+05:30,1256,173.3,37.5,32.9,51.7,537,31,6,166.6
2025-12-01 22:58:46+05:30,1256,173.2,39.3,33.1,53.5,656,32,9,223.3
2025-12-01 22:59:46+05:30,1256,175.3,43.3,33.2,53.6,623,24,7,202.9
2025-12-01 23:00:46+05:30,1256,168.2,44.1,33.1,53.1,587,40,2,195.7
2025-12-01 23:01:46+05:30,1256,166.9,37.1,33.1,48.2,655,39,2,186.1
2025-12-01 23:02:46+05:30,1256,170.3,39.8,33.3,52.2,697,23,7,154.8
2025-12-01 23:03:46+05:30,1256,169.0,42.6,33.3,53.5,707,22,3,190.3
2025-12-01 23:04:46+05:30,1256,172.1,42.8,33.2,53.2,667,24,8,210.6
2025-12-01 23:05:46+05:30,1256,172.5,37.7,33.4,52.7,664,22,0,165.7
2025-12-01 23:06:46+05:30,1256,164.1,43.0,33.2,50.3,601,35,5,118.6
2025-12-01 23:07:46+05:30,1256,171.6,32.5,33.4,50.6,620,13,3,207.1
2025-12-01 23:08:46+05:30,1256,166.8,41.6,33.5,51.2,627,43,10,184.6
2025-12-01 23:09:46+05:30,1256,170.2,44.2,32.9,53.6,664,46,3,161.4
2025-12-01 23:10:46+05:30,1256,179.3,39.4,32.6,52.9,657,13,0,165.4
2025-12-01 23:11:46+05:30,1256,167.3,41.2,33.5,52.7,716,37,8,189.2
2025-12-01 23:12:46+05:30,1256,175.6,37.4,32.9,52.5,677,25,1,168.1
2025-12-01 23:13:46+05:30,1256,167.5,42.7,32.9,51.8,650,23,4,197.9
2025-12-01 23:14:46+05:30,1256,168.4,43.0,33.7,50.2,638,27,2,189.5
2025-12-01 23:15:46+05:30,1256,173.5,38.0,33.1,52.2,669,26,3,161.0
2025-12-01 23:16:46+05:30,1256,171.0,38.5,33.2,50.8,672,35,6,179.6
2025-12-01 23:17:46+05:30,1256,168.1,42.6,34.0,51.5,614,37,6,164.5
2025-12-01 23:18:46+05:30,1256,173.0,41.7,33.4,54.3,631,21,8,173.9
2025-12-01 23:19:46+05:30,1256,165.0,49.0,32.8,51.0,628,27,1,183.2
2025-12-01 23:20:46+05:30,1256,167.2,40.0,33.5,55.1,582,15,9,186.3
2025-12-01 23:21:46+05:30,1256,168.3,37.2,33.5,53.3,595,15,3,174.2
2025-12-01 23:22:46+05:30,1256,167.9,44.3,33.5,50.4,574,18,0,150.8
2025-12-01 23:23:46+05:30,1256,168.8,43.3,33.5,50.2,637,25,5,175.8
2025-12-01 23:24:46+05:30,1256,166.7,37.4,33.3,54.2,597,20,5,125.0
2025-12-01 23:25:46+05:30,1256,173.1,35.1,33.5,49.4,554,5,5,226.9
2025-12-01 23:26:46+05:30,1256,172.1,36.0,33.0,54.5,600,34,4,165.2
2025-12-01 23:27:46+05:30,1256,171.2,39.4,32.7,51.0,601,37,8,174.3
2025-12-01 23:28:46+05:30,1256,166.8,41.1,32.9,52.1,716,36,6,185.9
2025-12-01 23:29:46+05:30,1256,168.4,42.7,33.3,53.9,765,25,0,160.5
2025-12-01 23:30:46+05:30,1256,167.9,40.6,33.4,52.3,561,53,11,188.9
2025-12-01 23:31:46+05:30,1256,166.0,37.9,33.0,51.9,742,10,6,185.4
2025-12-01 23:32:46+05:30,1256,172.3,37.9,33.3,52.3,662,31,6,194.8
2025-12-01 23:33:46+05:30,1256,173.3,38.1,34.0,52.5,610,25,7,180.3
2025-12-01 23:34:46+05:30,1256,173.3,34.7,32.7,50.1,675,40,8,158.2
2025-12-01 23:35:46+05:30,1256,167.0,44.2,33.2,53.8,695,46,1,169.7
2025-12-01 23:36:46+05:30,1256,170.9,40.0,33.1,50.4,701,32,1,187.4
2025-12-01 23:37:46+05:30,1256,169.7,43.5,33.4,49.2,700,16,1,158.3
2025-12-01 23:38:46+05:30,1256,168.3,40.5,33.7,52.8,692,28,1,208.0
2025-12-01 23:39:46+05:30,1256,167.1,41.8,32.9,51.1,536,42,6,155.3
2025-12-01 23:40:46+05:30,1256,173.2,43.9,33.4,51.8,647,22,8,177.5
2025-12-01 23:41:46+05:30,1256,169.5,36.0,33.6,50.4,628,34,11,196.9
2025-12-01 23:42:46+05:30,1256,165.8,40.6,33.6,51.7,650,21,6,198.8
2025-12-01 23:43:46+05:30,1256,171.3,36.8,33.2,51.7,655,29,3,158.9
2025-12-01 23:44:46+05:30,1256,166.4,36.8,34.0,50.2,613,41,7,181.6
2025-12-01 23:45:46+05:30,1256,173.1,40.0,33.1,50.9,671,26,5,202.1
2025-12-01 23:46:46+05:30,1256,166.4,43.9,33.2,49.8,651,30,0,147.8
2025-12-01 23:47:46+05:30,1256,170.1,37.3,33.2,51.9,643,35,3,184.2
2025-12-01 23:48:46+05:30,1256,168.4,39.8,33.5,53.9,649,27,6,165.5
2025-12-01 23:49:46+05:30,1256,168.4,40.4,33.5,48.6,676,43,6,177.4
2025-12-01 23:50:46+05:30,1256,169.7,39.9,33.6,48.9,676,20,12,179.5
2025-12-01 23:51:46+05:30,1256,165.1,38.9,32.8,48.3,720,35,2,180.0
2025-12-01 23:52:46+05:30,1256,174.1,42.0,33.5,50.5,688,29,4,196.1
2025-12-01 23:53:46+05:30,1256,169.8,41.4,33.4,51.4,600,38,6,184.9
2025-12-01 23:54:46+05:30,1256,165.9,37.9,33.0,52.1,737,42,7,161.3
2025-12-01 23:55:46+05:30,1256,168.5,39.6,33.1,49.9,712,26,7,204.9
2025-12-01 23:56:46+05:30,1256,172.7,42.5,32.9,52.6,598,19,2,170.5
2025-12-01 23:57:46+05:30,1256,172.5,37.6,33.5,49.8,645,14,3,191.9
2025-12-01 23:58:46+05:30,1256,171.2,41.0,33.0,51.4,585,29,5,196.0
2025-12-01 23:59:46+05:30,1256,170.4,35.6,33.4,55.5,727,21,7,175.5
2025-12-02 00:00:46+05:30,1256,170.9,43.0,33.6,52.3,636,40,5,175.8
2025-12-02 00:01:46+05:30,1256,172.1,37.9,33.5,52.0,711,23,5,192.4
2025-12-02 00:02:46+05:30,1256,173.0,39.9,33.5,53.7,620,26,0,179.8
2025-12-02 00:03:46+05:30,1256,168.7,36.5,33.3,51.0,655,34,3,198.5
2025-12-02 00:04:46+05:30,1256,171.2,38.8,33.6,52.3,635,30,0,189.6
2025-12-02 00:05:46+05:30,1256,168.4,44.8,32.9,53.0,558,23,3,155.1
2025-12-02 00:06:46+05:30,1256,168.2,37.7,33.6,49.3,665,36,6,162.0
2025-12-02 00:07:46+05:30,1256,161.8,33.1,33.2,54.7,693,30,3,166.3
2025-12-02 00:08:46+05:30,1256,170.5,39.9,33.2,54.3,652,33,8,200.6
2025-12-02 00:09:46+05:30,1256,168.7,36.1,32.8,56.1,729,25,9,195.3
2025-12-02 00:10:46+05:30,1256,168.7,41.9,33.5,48.3,722,24,3,170.2
2025-12-02 00:11:46+05:30,1256,168.0,40.6,33.2,52.4,801,41,5,168.4
2025-12-02 00:12:46+05:30,1256,168.3,43.7,33.5,54.2,581,46,4,163.4
2025-12-02 00:13:46+05:30,1256,172.5,44.1,33.7,48.7,665,19,3,164.4
2025-12-02 00:14:46+05:30,1256,168.9,42.4,33.5,51.9,651,19,2,175.2
2025-12-02 00:15:46+05:30,1256,171.6,39.7,33.3,52.8,566,23,6,163.1
2025-12-02 00:16:46+05:30,1256,171.6,37.5,33.3,48.1,674,46,6,181.0
2025-12-02 00:17:46+05:30,1256,170.3,45.2,33.8,49.7,643,23,1,203.4
2025-12-02 00:18:46+05:30,1256,174.3,44.2,33.3,52.1,697,37,2,193.3
2025-12-02 00:19:46+05:30,1256,166.5,37.3,33.4,50.6,608,37,2,152.9
2025-12-02 00:20:46+05:30,1256,171.0,41.5,33.2,54.2,664,42,6,206.2
2025-12-02 00:21:46+05:30,1256,172.9,33.8,33.1,54.0,721,52,1,162.3
2025-12-02 00:22:46+05:30,1256,174.5,41.1,33.2,53.3,539,39,0,163.1
2025-12-02 00:23:46+05:30,1256,176.7,40.7,33.7,56.0,647,36,3,180.9
2025-12-02 00:24:46+05:30,1256,171.0,43.5,32.9,53.8,679,30,9,179.8
2025-12-02 00:25:46+05:30,1256,176.0,40.0,33.1,52.6,715,41,5,208.2
2025-12-02 00:26:46+05:30,1256,167.0,37.6,33.7,57.0,663,16,3,206.8
2025-12-02 00:27:46+05:30,1256,169.5,40.1,33.0,51.0,719,28,4,177.4
2025-12-02 00:28:46+05:30,1256,162.9,38.7,32.6,49.8,589,21,5,192.3
2025-12-02 00:29:46+05:30,1256,169.7,40.3,33.7,54.6,720,30,9,197.7
2025-12-02 00:30:46+05:30,1256,173.6,38.8,33.5,53.5,573,21,5,171.6
2025-12-02 00:31:46+05:30,1256,169.4,42.0,33.4,50.0,731,20,3,186.1
2025-12-02 00:32:46+05:30,1256,166.2,39.3,32.9,50.8,605,33,3,152.8
2025-12-02 00:33:46+05:30,1256,173.3,37.5,33.6,51.6,707,33,1,174.4
2025-12-02 00:34:46+05:30,1256,173.9,40.8,33.3,54.5,654,35,6,205.3
2025-12-02 00:35:46+05:30,1256,166.4,39.5,33.1,51.9,664,3,9,147.4
2025-12-02 00:36:46+05:30,1256,166.1,38.5,32.9,52.1,606,29,0,152.0
2025-12-02 00:37:46+05:30,1256,168.3,43.9,33.2,51.4,608,22,0,184.4
2025-12-02 00:38:46+05:30,1256,172.1,41.9,33.1,54.2,694,23,4,163.9
2025-12-02 00:39:46+05:30,1256,165.5,40.0,33.4,51.9,691,36,7,174.9
2025-12-02 00:40:46+05:30,1256,168.7,39.9,33.3,54.5,668,33,1,196.3
2025-12-02 00:41:46+05:30,1256,170.7,37.9,33.9,51.3,654,26,1,185.9
2025-12-02 00:42:46+05:30,1256,169.3,42.5,33.5,51.3,719,40,2,196.1
2025-12-02 00:43:46+05:30,1256,167.5,37.3,33.7,52.6,591,26,13,186.8
2025-12-02 00:44:46+05:30,1256,165.7,38.3,33.2,47.2,664,40,4,193.5
2025-12-02 00:45:46+05:30,1256,172.0,38.0,33.5,54.4,669,34,5,203.0
2025-12-02 00:46:46+05:30,1256,174.2,36.9,33.1,53.5,665,25,2,125.9
2025-12-02 00:47:46+05:30,1256,173.0,39.4,33.6,49.2,689,27,9,173.8
2025-12-02 00:48:46+05:30,1256,171.6,41.1,33.4,51.4,706,35,10,193.3
2025-12-02 00:49:46+05:30,1256,171.2,38.1,33.2,49.4,672,26,6,192.0
2025-12-02 00:50:46+05:30,1256,167.1,36.5,33.6,53.2,626,36,3,166.3
2025-12-02 00:51:46+05:30,1256,171.3,35.2,33.5,57.3,638,21,8,169.9
2025-12-02 00:52:46+05:30,1256,168.2,36.1,33.4,54.1,711,16,5,187.1
2025-12-02 00:53:46+05:30,1256,172.5,44.0,33.4,52.0,627,6,5,174.4
2025-12-02 00:54:46+05:30,1256,169.7,38.0,33.5,52.7,670,15,4,145.1
2025-12-02 00:55:46+05:30,1256,166.1,38.8,33.1,51.1,620,28,5,187.1
2025-12-02 00:56:46+05:30,1256,168.0,41.6,33.8,51.0,692,25,7,149.4
2025-12-02 00:57:46+05:30,1256,171.9,43.5,33.3,54.9,600,29,2,188.2
2025-12-02 00:58:46+05:30,1256,168.6,44.5,33.5,53.1,661,27,9,184.9
2025-12-02 00:59:46+05:30,1256,167.9,38.1,33.1,51.5,625,33,2,201.1
2025-12-02 01:00:46+05:30,1256,170.6,37.4,33.4,51.4,652,48,4,171.1
2025-12-02 01:01:46+05:30,1256,173.1,39.1,33.2,56.3,689,26,6,148.2
2025-12-02 01:02:46+05:30,1256,172.6,41.9,32.9,50.0,760,9,1,176.8
2025-12-02 01:03:46+05:30,1256,169.9,42.2,33.6,52.7,606,34,4,200.7
2025-12-02 01:04:46+05:30,1256,168.2,39.4,33.6,47.3,602,50,0,149.2
2025-12-02 01:05:46+05:30,1256,170.8,39.2,33.5,51.8,621,50,1,180.9
2025-12-02 01:06:46+05:30,1256,166.2,40.4,33.8,52.5,661,42,2,125.4
2025-12-02 01:07:46+05:30,1256,166.9,39.4,33.5,53.0,772,32,2,128.5
2025-12-02 01:08:46+05:30,1256,169.0,41.5,33.2,49.2,580,24,9,203.3
2025-12-02 01:09:46+05:30,1256,164.9,43.1,33.3,50.4,697,33,8,163.8
2025-12-02 01:10:46+05:30,1256,168.0,41.4,33.3,54.7,661,17,5,188.8
2025-12-02 01:11:46+05:30,1256,173.3,41.5,33.3,52.1,677,29,7,165.0
2025-12-02 01:12:46+05:30,1256,168.5,39.8,33.3,49.6,592,20,7,178.7
2025-12-02 01:13:46+05:30,1256,171.1,38.2,33.2,51.1,584,40,2,184.8
2025-12-02 01:14:46+05:30,1256,166.5,44.1,33.2,53.2,640,31,6,207.2
2025-12-02 01:15:46+05:30,1256,170.1,39.6,33.1,53.5,611,22,3,178.8
2025-12-02 01:16:46+05:30,1256,169.6,37.8,33.5,52.5,615,33,7,152.4
2025-12-02 01:17:46+05:30,1256,170.5,39.4,33.2,53.7,606,41,3,193.4
2025-12-02 01:18:46+05:30,1256,170.8,41.0,33.0,51.3,683,39,5,186.2
2025-12-02 01:19:46+05:30,1256,166.5,39.9,33.0,48.3,704,28,7,199.5
2025-12-02 01:20:46+05:30,1256,172.6,41.5,32.7,53.6,624,37,5,173.9
2025-12-02 01:21:46+05:30,1256,172.0,41.3,33.1,52.3,579,34,5,187.9
2025-12-02 01:22:46+05:30,1256,175.5,46.1,33.2,49.9,528,38,4,176.1
2025-12-02 01:23:46+05:30,1256,167.6,38.8,33.6,52.3,681,31,7,164.0
2025-12-02 01:24:46+05:30,1256,171.2,37.5,33.4,50.8,615,15,5,151.8
2025-12-02 01:25:46+05:30,1256,172.3,40.9,33.3,51.4,666,23,5,144.4
2025-12-02 01:26:46+05:30,1256,172.8,34.6,33.3,51.3,734,34,1,196.3
2025-12-02 01:27:46+05:30,1256,169.8,43.3,33.5,49.9,596,23,5,179.3
2025-12-02 01:28:46+05:30,1256,173.7,38.5,33.7,51.2,584,38,12,212.9
2025-12-02 01:29:46+05:30,1256,174.3,39.4,33.1,53.7,655,19,4,217.1
2025-12-02 01:30:46+05:30,1256,165.1,43.6,33.4,52.3,696,25,2,171.2
2025-12-02 01:31:46+05:30,1256,168.7,39.5,32.8,50.4,611,32,4,177.6
2025-12-02 01:32:46+05:30,1256,161.6,41.8,33.3,54.0,767,36,2,195.6
2025-12-02 01:33:46+05:30,1256,172.0,36.9,33.7,52.8,716,20,3,148.8
2025-12-02 01:34:46+05:30,1256,165.4,40.6,33.0,53.3,620,50,6,159.4
2025-12-02 01:35:46+05:30,1256,173.7,43.7,33.1,51.9,698,32,2,212.5
2025-12-02 01:36:46+05:30,1256,167.1,36.5,32.7,52.0,642,32,3,142.1
2025-12-02 01:37:46+05:30,1256,166.8,39.9,33.4,52.5,659,29,5,137.6
2025-12-02 01:38:46+05:30,1256,174.5,38.3,33.5,51.6,620,31,7,196.5
2025-12-02 01:39:46+05:30,1256,169.0,35.6,33.7,49.8,696,22,2,235.3
2025-12-02 01:40:46+05:30,1256,172.5,41.4,33.2,49.1,582,20,6,156.6
2025-12-02 01:41:46+05:30,1256,168.8,39.6,33.6,54.2,605,29,7,173.7
2025-12-02 01:42:46+05:30,1256,166.7,36.8,33.3,52.5,673,28,9,173.2
2025-12-02 01:43:46+05:30,1256,168.9,48.5,33.5,50.5,641,27,8,137.9
2025-12-02 01:44:46+05:30,1256,174.3,34.8,33.1,48.7,634,49,10,188.1
2025-12-02 01:45:46+05:30,1256,163.8,38.8,33.3,52.0,688,48,7,192.0
2025-12-02 01:46:46+05:30,1256,169.8,42.5,33.2,49.8,673,37,2,201.0
2025-12-02 01:47:46+05:30,1256,171.5,42.6,33.4,51.3,650,8,5,147.2
2025-12-02 01:48:46+05:30,1256,172.9,39.5,33.8,52.6,611,57,1,220.5
2025-12-02 01:49:46+05:30,1256,173.7,41.6,33.4,51.4,726,32,3,182.5
2025-12-02 01:50:46+05:30,1256,168.1,41.7,33.1,53.6,586,57,7,176.7
2025-12-02 01:51:46+05:30,1256,172.6,40.5,33.1,49.7,717,28,6,174.8
2025-12-02 01:52:46+05:30,1256,169.0,40.7,33.5,50.4,698,23,4,190.8
2025-12-02 01:53:46+05:30,1256,174.7,41.7,33.4,53.2,715,36,1,162.6
2025-12-02 01:54:46+05:30,1256,173.1,42.8,33.4,50.9,749,31,0,194.3
2025-12-02 01:55:46+05:30,1256,174.5,39.5,33.4,52.5,551,37,3,202.4
2025-12-02 01:56:46+05:30,1256,169.2,38.7,34.0,53.2,702,41,4,173.4
2025-12-02 01:57:46+05:30,1256,168.8,35.0,33.0,53.4,643,34,4,220.1
2025-12-02 01:58:46+05:30,1256,170.5,37.8,33.7,53.1,656,22,2,193.7
2025-12-02 01:59:46+05:30,1256,166.4,42.1,33.2,50.4,641,26,3,144.8
2025-12-02 02:00:46+05:30,1256,168.6,39.5,34.0,51.4,693,31,6,186.7
2025-12-02 02:01:46+05:30,1256,170.5,42.7,33.2,48.7,633,17,4,194.1
2025-12-02 02:02:46+05:30,1256,166.6,43.4,33.6,52.9,701,33,5,203.0
2025-12-02 02:03:46+05:30,1256,173.1,37.9,32.9,55.6,641,16,3,182.5
2025-12-02 02:04:46+05:30,1256,176.3,40.2,33.5,56.8,599,28,10,186.1
2025-12-02 02:05:46+05:30,1256,173.7,38.0,33.8,52.4,645,40,4,194.8
2025-12-02 02:06:46+05:30,1256,171.3,36.2,33.3,51.6,641,52,3,167.5
2025-12-02 02:07:46+05:30,1256,167.9,39.9,33.5,54.1,690,24,6,175.0
2025-12-02 02:08:46+05:30,1256,167.5,37.0,33.6,53.3,597,26,8,168.4
2025-12-02 02:09:46+05:30,1256,167.7,40.9,33.5,53.7,665,18,5,149.0
2025-12-02 02:10:46+05:30,1256,168.2,39.8,33.2,54.9,678,25,2,200.6
2025-12-02 02:11:46+05:30,1256,169.3,39.3,33.1,53.0,715,43,6,175.3
2025-12-02 02:12:46+05:30,1256,167.0,39.5,33.9,54.6,740,33,6,179.8
2025-12-02 02:13:46+05:30,1256,171.5,36.3,33.1,53.3,564,21,9,152.5
2025-12-02 02:14:46+05:30,1256,165.4,41.2,33.0,55.3,784,42,2,180.2
2025-12-02 02:15:46+05:30,1256,167.2,43.1,33.5,53.8,642,27,7,196.4
2025-12-02 02:16:46+05:30,1256,167.2,36.5,33.2,52.0,562,21,9,142.7
2025-12-02 02:17:46+05:30,1256,176.9,44.1,33.4,48.3,631,41,3,157.2
2025-12-02 02:18:46+05:30,1256,167.5,42.0,32.8,52.4,695,25,9,186.3
2025-12-02 02:19:46+05:30,1256,174.4,39.9,33.3,51.2,625,41,0,153.8
2025-12-02 02:20:46+05:30,1256,164.3,38.6,33.3,52.8,681,44,3,195.0
2025-12-02 02:21:46+05:30,1256,170.4,39.9,33.0,52.3,638,25,7,176.6
2025-12-02 02:22:46+05:30,1256,166.8,39.8,33.2,54.0,623,22,7,221.9
2025-12-02 02:23:46+05:30,1256,169.7,42.7,33.0,49.1,599,23,4,143.9
2025-12-02 02:24:46+05:30,1256,171.6,42.0,33.4,52.9,626,35,0,169.1
2025-12-02 02:25:46+05:30,1256,169.7,42.6,33.0,52.7,606,40,7,186.2
2025-12-02 02:26:46+05:30,1256,171.2,38.8,34.0,52.3,619,29,8,188.3
2025-12-02 02:27:46+05:30,1256,168.7,40.9,33.6,52.4,691,36,0,161.7
2025-12-02 02:28:46+05:30,1256,167.3,33.8,34.5,51.5,599,36,11,223.1
2025-12-02 02:29:46+05:30,1256,168.2,38.6,33.2,51.9,708,24,2,168.2
2025-12-02 02:30:46+05:30,1256,168.8,39.6,33.1,48.4,576,31,2,177.7
2025-12-02 02:31:46+05:30,1256,175.6,42.2,33.1,53.4,632,18,1,166.7
2025-12-02 02:32:46+05:30,1256,167.8,38.7,32.6,54.2,645,46,6,196.9
2025-12-02 02:33:46+05:30,1256,167.1,41.1,33.7,50.5,579,24,2,169.7
2025-12-02 02:34:46+05:30,1256,173.2,40.6,32.1,52.9,593,23,0,184.6
2025-12-02 02:35:46+05:30,1256,174.4,39.4,33.3,51.2,675,42,2,167.5
2025-12-02 02:36:46+05:30,1256,170.7,42.7,33.1,51.7,623,22,0,199.0
2025-12-02 02:37:46+05:30,1256,167.0,47.5,32.7,53.4,758,34,2,185.7
2025-12-02 02:38:46+05:30,1256,168.3,45.9,33.8,51.3,676,51,3,165.3
2025-12-02 02:39:46+05:30,1256,166.5,41.7,32.9,48.8,742,36,2,212.0
2025-12-02 02:40:46+05:30,1256,168.9,39.6,33.3,52.0,638,33,3,188.4
2025-12-02 02:41:46+05:30,1256,176.0,44.3,33.3,52.6,667,39,0,205.6
2025-12-02 02:42:46+05:30,1256,168.9,40.6,32.9,52.0,632,4,7,141.0
2025-12-02 02:43:46+05:30,1256,168.4,44.5,33.0,53.1,676,32,7,133.4
2025-12-02 02:44:46+05:30,1256,170.7,39.5,33.3,53.7,730,45,2,189.3
2025-12-02 02:45:46+05:30,1256,173.2,41.3,33.3,51.7,709,19,4,176.5
2025-12-02 02:46:46+05:30,1256,177.0,36.3,33.5,51.4,664,34,5,178.3
2025-12-02 02:47:46+05:30,1256,172.4,34.3,33.5,50.5,654,39,7,180.2
2025-12-02 02:48:46+05:30,1256,173.5,38.6,32.9,55.2,615,41,9,200.1
2025-12-02 02:49:46+05:30,1256,169.1,43.0,33.2,58.8,613,24,4,186.5
2025-12-02 02:50:46+05:30,1256,171.3,39.7,32.9,51.9,589,7,2,195.8
2025-12-02 02:51:46+05:30,1256,172.1,39.9,33.2,53.1,619,37,5,189.0
2025-12-02 02:52:46+05:30,1256,174.6,38.8,32.9,52.1,720,21,4,172.2
2025-12-02 02:53:46+05:30,1256,177.4,46.2,33.0,49.0,753,31,6,193.5
2025-12-02 02:54:46+05:30,1256,165.7,39.9,33.3,51.3,659,32,6,177.4
2025-12-02 02:55:46+05:30,1256,168.0,41.0,33.4,49.4,648,46,11,159.7
2025-12-02 02:56:46+05:30,1256,170.7,38.3,33.3,55.0,668,30,6,184.4
2025-12-02 02:57:46+05:30,1256,173.2,38.0,33.6,52.2,587,16,2,177.5
2025-12-02 02:58:46+05:30,1256,171.2,44.8,33.1,51.2,669,29,12,170.1
2025-12-02 02:59:46+05:30,1256,166.1,34.8,33.3,49.5,632,30,6,187.4
2025-12-02 03:00:46+05:30,1256,167.7,39.4,32.7,48.8,612,15,1,174.0
2025-12-02 03:01:46+05:30,1256,177.1,40.2,33.2,51.5,765,34,3,172.3
2025-12-02 03:02:46+05:30,1256,172.2,42.7,33.1,48.9,668,52,5,203.1
2025-12-02 03:03:46+05:30,1256,170.0,45.6,33.4,54.2,666,44,1,189.1
2025-12-02 03:04:46+05:30,1256,170.5,38.7,32.8,53.1,594,24,4,166.8
2025-12-02 03:05:46+05:30,1256,164.2,41.4,33.4,48.8,684,25,9,152.8
2025-12-02 03:06:46+05:30,1256,165.9,41.2,33.6,51.2,576,30,5,171.2
2025-12-02 03:07:46+05:30,1256,169.0,40.3,33.5,50.0,774,47,3,187.6
2025-12-02 03:08:46+05:30,1256,164.8,42.8,32.9,51.6,649,35,3,188.8
2025-12-02 03:09:46+05:30,1256,172.6,44.1,33.7,51.7,628,25,4,188.3
2025-12-02 03:10:46+05:30,1256,173.9,39.3,33.2,52.1,717,17,0,186.1
2025-12-02 03:11:46+05:30,1256,165.1,43.8,32.7,52.0,626,36,0,170.5
2025-12-02 03:12:46+05:30,1256,169.2,41.2,32.8,53.1,592,23,8,171.5
2025-12-02 03:13:46+05:30,1256,171.9,36.7,33.1,53.2,654,17,3,194.4
2025-12-02 03:14:46+05:30,1256,171.4,38.7,32.9,50.2,574,25,1,206.9
2025-12-02 03:15:46+05:30,1256,171.5,38.8,33.0,52.5,641,32,3,176.8
2025-12-02 03:16:46+05:30,1256,174.3,38.2,33.6,49.6,659,23,7,192.7
2025-12-02 03:17:46+05:30,1256,173.9,46.2,33.5,49.3,656,18,6,169.1
2025-12-02 03:18:46+05:30,1256,169.3,40.2,32.8,50.9,641,40,5,178.6
2025-12-02 03:19:46+05:30,1256,168.0,43.0,32.9,49.4,570,27,0,194.0
2025-12-02 03:20:46+05:30,1256,166.8,38.4,32.9,52.3,676,33,5,146.5
2025-12-02 03:21:46+05:30,1256,166.1,43.7,33.5,52.1,731,27,2,146.2
2025-12-02 03:22:46+05:30,1256,165.8,35.1,33.7,51.0,644,39,2,181.2
2025-12-02 03:23:46+05:30,1256,167.6,40.0,33.4,46.6,664,35,6,129.9
2025-12-02 03:24:46+05:30,1256,171.7,40.7,33.3,52.1,673,25,1,212.8
2025-12-02 03:25:46+05:30,1256,175.9,39.8,33.6,49.9,576,42,3,161.7
2025-12-02 03:26:46+05:30,1256,171.9,39.7,33.0,54.5,638,28,3,146.3
2025-12-02 03:27:46+05:30,1256,171.7,44.8,33.8,53.6,727,28,3,199.9
2025-12-02 03:28:46+05:30,1256,169.7,39.5,33.1,53.1,616,42,5,159.7
2025-12-02 03:29:46+05:30,1256,173.1,42.5,33.2,50.4,703,24,0,170.0
2025-12-02 03:30:46+05:30,1256,172.2,39.8,33.8,56.0,618,18,7,182.4
2025-12-02 03:31:46+05:30,1256,174.9,45.2,33.1,52.0,600,33,6,207.6
2025-12-02 03:32:46+05:30,1256,173.1,32.7,33.1,53.0,605,31,4,192.3
2025-12-02 03:33:46+05:30,1256,169.0,35.9,33.4,53.1,721,29,1,166.3
2025-12-02 03:34:46+05:30,1256,171.4,38.6,33.3,48.4,708,46,2,193.1
2025-12-02 03:35:46+05:30,1256,165.5,45.2,32.7,50.0,691,25,7,212.4
2025-12-02 03:36:46+05:30,1256,168.1,35.2,33.2,49.6,651,56,4,187.4
2025-12-02 03:37:46+05:30,1256,168.0,39.7,33.2,56.3,581,35,3,212.0
2025-12-02 03:38:46+05:30,1256,168.7,38.2,33.6,52.4,516,32,6,187.9
2025-12-02 03:39:46+05:30,1256,166.5,40.3,33.7,51.5,764,30,4,172.2
2025-12-02 03:40:46+05:30,1256,170.0,38.4,33.4,52.2,598,19,6,198.6
2025-12-02 03:41:46+05:30,1256,166.5,44.4,33.7,49.9,693,27,4,185.6
2025-12-02 03:42:46+05:30,1256,167.5,45.9,33.5,54.0,658,37,4,168.3
2025-12-02 03:43:46+05:30,1256,169.1,34.4,33.0,52.2,641,46,8,194.2
2025-12-02 03:44:46+05:30,1256,170.5,36.4,33.3,52.0,611,29,1,190.2
2025-12-02 03:45:46+05:30,1256,169.1,36.0,33.4,52.4,591,17,6,148.7
2025-12-02 03:46:46+05:30,1256,166.0,40.9,33.7,50.4,619,25,3,175.4
2025-12-02 03:47:46+05:30,1256,172.2,39.9,32.9,48.4,661,29,4,165.6
2025-12-02 03:48:46+05:30,1256,174.1,40.3,33.9,52.9,681,24,5,154.2
2025-12-02 03:49:46+05:30,1256,169.8,42.6,33.1,53.5,623,20,4,176.7
2025-12-02 03:50:46+05:30,1256,168.8,39.4,32.8,54.2,692,41,5,169.9
2025-12-02 03:51:46+05:30,1256,170.9,37.8,32.9,51.2,613,24,7,169.3
2025-12-02 03:52:46+05:30,1256,171.7,34.7,33.7,51.9,627,20,7,177.3
2025-12-02 03:53:46+05:30,1256,167.7,36.0,33.6,50.3,710,26,3,164.7
2025-12-02 03:54:46+05:30,1256,163.6,40.7,32.9,51.2,733,15,8,152.1
2025-12-02 03:55:46+05:30,1256,170.1,31.9,33.3,51.1,556,30,4,174.2
2025-12-02 03:56:46+05:30,1256,171.1,39.9,33.3,49.8,672,35,0,135.6
2025-12-02 03:57:46+05:30,1256,175.7,40.0,33.6,51.2,676,25,5,174.2
2025-12-02 03:58:46+05:30,1256,172.8,38.6,33.0,50.4,738,27,7,174.4
2025-12-02 03:59:46+05:30,1256,172.3,41.3,33.2,54.7,618,22,3,166.9
2025-12-02 04:00:46+05:30,1256,167.7,41.3,33.2,51.3,648,32,9,200.1
2025-12-02 04:01:46+05:30,1256,172.5,39.7,33.2,50.3,610,22,5,177.4
2025-12-02 04:02:46+05:30,1256,172.8,42.9,33.4,52.1,666,34,3,186.9
2025-12-02 04:03:46+05:30,1256,170.4,36.3,33.1,54.7,668,27,5,164.1
2025-12-02 04:04:46+05:30,1256,165.2,41.5,33.6,51.0,662,30,1,180.4
2025-12-02 04:05:46+05:30,1256,167.0,40.7,32.9,50.7,702,24,4,151.5
2025-12-02 04:06:46+05:30,1256,169.0,39.6,33.5,49.2,571,33,5,188.3
2025-12-02 04:07:46+05:30,1256,169.3,34.8,33.6,48.4,666,26,3,171.0
2025-12-02 04:08:46+05:30,1256,169.6,43.2,33.5,53.8,589,21,6,170.9
2025-12-02 04:09:46+05:30,1256,166.3,35.5,33.3,51.4,588,27,5,155.2
2025-12-02 04:10:46+05:30,1256,167.0,41.1,33.5,53.4,631,21,7,175.0
2025-12-02 04:11:46+05:30,1256,168.8,36.5,32.8,51.6,649,32,9,177.7
2025-12-02 04:12:46+05:30,1256,173.5,35.5,33.3,52.3,588,36,5,169.5
2025-12-02 04:13:46+05:30,1256,170.1,36.0,33.1,55.1,663,29,5,226.8
2025-12-02 04:14:46+05:30,1256,168.9,40.1,33.7,48.3,654,27,1,201.5
2025-12-02 04:15:46+05:30,1256,173.9,44.4,33.4,51.7,682,27,6,178.4
2025-12-02 04:16:46+05:30,1256,168.3,37.1,33.3,52.5,752,31,7,178.4
2025-12-02 04:17:46+05:30,1256,176.2,40.6,33.1,51.5,680,31,6,178.4
2025-12-02 04:18:46+05:30,1256,176.0,43.0,33.4,51.8,628,10,7,180.0
2025-12-02 04:19:46+05:30,1256,173.3,43.4,33.5,52.4,700,14,3,182.6
2025-12-02 04:20:46+05:30,1256,166.7,43.0,33.4,53.0,690,51,2,175.8
2025-12-02 04:21:46+05:30,1256,170.1,45.7,33.5,51.5,631,40,4,170.6
2025-12-02 04:22:46+05:30,1256,173.8,39.8,33.4,51.6,612,39,7,187.4
2025-12-02 04:23:46+05:30,1256,171.5,46.9,33.6,54.1,672,20,5,181.9
2025-12-02 04:24:46+05:30,1256,170.6,41.2,33.2,51.8,640,15,4,183.3
2025-12-02 04:25:46+05:30,1256,174.0,40.3,33.1,54.9,688,41,8,176.2
2025-12-02 04:26:46+05:30,1256,164.7,42.5,33.4,51.0,580,39,0,182.0
2025-12-02 04:27:46+05:30,1256,168.8,40.0,32.9,51.9,587,16,0,161.7
2025-12-02 04:28:46+05:30,1256,168.8,41.5,33.3,55.0,680,21,6,186.6
2025-12-02 04:29:46+05:30,1256,167.3,39.3,33.7,49.0,702,53,5,186.3
2025-12-02 04:30:46+05:30,1256,165.5,41.0,33.3,52.0,662,33,2,186.8
2025-12-02 04:31:46+05:30,1256,166.2,39.8,33.1,51.7,608,30,2,206.3
2025-12-02 04:32:46+05:30,1256,169.2,39.1,33.2,49.9,574,23,3,191.0
2025-12-02 04:33:46+05:30,1256,172.9,39.0,33.5,53.0,658,21,6,154.9
2025-12-02 04:34:46+05:30,1256,164.9,33.9,33.5,51.9,697,22,2,175.5
2025-12-02 04:35:46+05:30,1256,172.9,41.9,33.4,49.4,638,27,0,175.2
2025-12-02 04:36:46+05:30,1256,169.4,39.5,33.2,53.8,662,20,0,188.3
2025-12-02 04:37:46+05:30,1256,167.3,40.1,33.9,49.8,661,30,4,159.7
2025-12-02 04:38:46+05:30,1256,168.3,36.7,33.0,53.5,648,32,13,180.8
2025-12-02 04:39:46+05:30,1256,169.8,39.7,33.5,54.9,619,41,3,154.2
2025-12-02 04:40:46+05:30,1256,168.5,36.6,33.4,50.7,557,27,7,214.0
2025-12-02 04:41:46+05:30,1256,171.7,39.5,33.9,53.3,677,27,5,172.2
2025-12-02 04:42:46+05:30,1256,172.6,39.2,33.3,55.2,689,18,6,159.8
2025-12-02 04:43:46+05:30,1256,169.4,42.9,33.4,51.7,660,23,3,186.0
2025-12-02 04:44:46+05:30,1256,167.5,39.6,33.0,51.7,715,39,4,195.6
2025-12-02 04:45:46+05:30,1256,165.1,38.3,33.3,51.8,683,32,0,195.8
2025-12-02 04:46:46+05:30,1256,171.9,40.1,32.8,51.9,636,26,8,137.9
2025-12-02 04:47:46+05:30,1256,174.0,36.4,33.7,51.0,696,24,7,174.7
2025-12-02 04:48:46+05:30,1256,167.7,39.2,33.2,55.2,743,36,2,177.0
2025-12-02 04:49:46+05:30,1256,174.2,41.9,33.4,52.2,676,23,8,172.3
2025-12-02 04:50:46+05:30,1256,169.4,39.4,33.8,50.6,631,25,2,170.2
2025-12-02 04:51:46+05:30,1256,167.0,40.6,33.1,53.9,639,23,4,203.5
2025-12-02 04:52:46+05:30,1256,169.8,40.5,33.0,56.2,636,38,9,149.5
2025-12-02 04:53:46+05:30,1256,163.9,36.8,33.4,51.5,703,22,6,177.0
2025-12-02 04:54:46+05:30,1256,169.3,46.1,33.1,49.5,653,33,4,206.1
2025-12-02 04:55:46+05:30,1256,170.7,38.9,33.7,51.7,578,13,4,211.1
2025-12-02 04:56:46+05:30,1256,170.7,38.7,33.1,52.2,689,22,0,176.7
2025-12-02 04:57:46+05:30,1256,170.4,41.6,34.0,52.8,701,23,7,168.6
2025-12-02 04:58:46+05:30,1256,173.8,36.0,32.7,54.7,625,26,3,163.2
2025-12-02 04:59:46+05:30,1256,176.3,40.2,33.6,55.5,577,38,3,198.0
2025-12-02 05:00:46+05:30,1256,168.1,42.5,33.3,49.2,645,35,7,214.8
2025-12-02 05:01:46+05:30,1256,177.0,43.0,33.9,52.3,670,39,6,186.8
2025-12-02 05:02:46+05:30,1256,172.5,36.5,33.2,48.9,583,37,5,146.5
2025-12-02 05:03:46+05:30,1256,174.1,40.3,32.9,53.1,679,8,4,150.3
2025-12-02 05:04:46+05:30,1256,170.3,40.8,33.8,51.9,639,22,0,153.8
2025-12-02 05:05:46+05:30,1256,169.3,42.5,33.0,53.2,667,32,4,185.0
2025-12-02 05:06:46+05:30,1256,165.5,44.6,32.9,50.1,636,36,7,216.9
2025-12-02 05:07:46+05:30,1256,170.6,39.0,32.7,52.4,624,21,4,160.8
2025-12-02 05:08:46+05:30,1256,174.1,42.1,33.6,52.4,652,25,5,189.2
2025-12-02 05:09:46+05:30,1256,166.3,36.9,33.3,52.2,777,35,11,189.1
2025-12-02 05:10:46+05:30,1256,174.2,40.0,33.8,50.6,638,5,0,167.0
2025-12-02 05:11:46+05:30,1256,167.2,45.0,33.5,50.3,627,21,4,177.8
2025-12-02 05:12:46+05:30,1256,173.4,43.6,33.5,48.5,663,15,9,183.3
2025-12-02 05:13:46+05:30,1256,171.1,39.0,33.3,52.7,641,24,2,174.1
2025-12-02 05:14:46+05:30,1256,166.7,43.3,33.5,50.2,654,27,3,189.3
2025-12-02 05:15:46+05:30,1256,167.5,47.3,33.5,51.2,616,19,6,159.7
2025-12-02 05:16:46+05:30,1256,174.5,45.3,33.6,50.4,577,24,10,176.7
2025-12-02 05:17:46+05:30,1256,166.2,42.6,33.1,51.2,722,13,1,163.1
2025-12-02 05:18:46+05:30,1256,174.1,35.1,33.2,50.2,610,19,0,177.0
2025-12-02 05:19:46+05:30,1256,163.3,39.7,33.4,54.7,602,19,1,131.5
2025-12-02 05:20:46+05:30,1256,172.1,37.7,33.0,52.8,659,19,1,151.3
2025-12-02 05:21:46+05:30,1256,168.9,33.2,33.0,51.5,594,37,8,161.0
2025-12-02 05:22:46+05:30,1256,169.8,41.1,33.5,53.5,673,20,7,187.9
2025-12-02 05:23:46+05:30,1256,164.2,41.9,32.7,52.2,613,27,0,215.5
2025-12-02 05:24:46+05:30,1256,171.9,42.9,33.5,51.2,701,39,3,161.7
2025-12-02 05:25:46+05:30,1256,167.3,44.3,33.2,49.4,625,20,1,181.2
2025-12-02 05:26:46+05:30,1256,168.8,39.5,33.7,49.6,720,55,2,196.6
2025-12-02 05:27:46+05:30,1256,168.6,41.1,32.9,49.1,555,34,6,172.2
2025-12-02 05:28:46+05:30,1256,168.4,40.2,33.6,51.3,660,41,3,188.1
2025-12-02 05:29:46+05:30,1256,175.8,41.5,33.8,55.8,591,12,5,152.1
2025-12-02 05:30:46+05:30,1256,170.1,37.1,32.8,54.6,685,29,6,174.6
2025-12-02 05:31:46+05:30,1256,171.1,40.5,33.3,51.4,708,21,0,167.6
2025-12-02 05:32:46+05:30,1256,173.4,41.7,33.5,51.2,605,21,11,191.4
2025-12-02 05:33:46+05:30,1256,178.1,38.0,33.5,53.8,688,26,5,195.8
2025-12-02 05:34:46+05:30,1256,174.7,40.4,33.9,51.3,676,37,2,141.8
2025-12-02 05:35:46+05:30,1256,170.7,42.1,33.8,51.6,593,34,6,187.0
2025-12-02 05:36:46+05:30,1256,171.0,37.8,33.4,50.4,596,45,7,185.5
2025-12-02 05:37:46+05:30,1256,171.3,35.4,33.2,48.4,561,25,1,164.9
2025-12-02 05:38:46+05:30,1256,170.7,37.8,33.4,49.5,748,19,0,184.5
2025-12-02 05:39:46+05:30,1256,169.3,37.7,33.0,55.0,769,36,1,204.9
2025-12-02 05:40:46+05:30,1256,173.7,44.7,33.1,53.0,666,30,8,200.5
2025-12-02 05:41:46+05:30,1256,169.8,46.2,32.9,50.9,612,24,0,197.8
2025-12-02 05:42:46+05:30,1256,169.4,38.3,33.5,50.8,597,22,0,162.3
2025-12-02 05:43:46+05:30,1256,167.1,36.7,33.3,52.6,608,34,13,170.4
2025-12-02 05:44:46+05:30,1256,170.5,38.1,33.2,51.4,596,25,2,196.6
2025-12-02 05:45:46+05:30,1256,170.3,34.2,33.2,49.2,664,34,5,166.5
2025-12-02 05:46:46+05:30,1256,168.4,42.6,33.4,54.1,591,33,5,170.8
2025-12-02 05:47:46+05:30,1256,166.4,39.2,33.1,50.6,682,29,6,182.2
2025-12-02 05:48:46+05:30,1256,171.3,39.6,33.3,52.0,683,37,11,149.2
2025-12-02 05:49:46+05:30,1256,167.4,41.6,33.7,54.0,697,26,9,158.1
2025-12-02 05:50:46+05:30,1256,170.7,40.4,33.3,53.0,705,18,4,179.9
2025-12-02 05:51:46+05:30,1256,175.2,36.7,33.8,52.7,766,25,4,190.6
2025-12-02 05:52:46+05:30,1256,173.4,40.3,33.3,53.2,700,21,5,229.9
2025-12-02 05:53:46+05:30,1256,170.9,43.4,32.9,51.3,640,28,4,188.5
2025-12-02 05:54:46+05:30,1256,166.9,35.7,33.3,50.8,611,24,8,168.8
2025-12-02 05:55:46+05:30,1256,168.1,44.2,33.5,53.4,712,22,6,165.1
2025-12-02 05:56:46+05:30,1256,165.1,36.4,33.4,54.7,678,27,8,179.7
2025-12-02 05:57:46+05:30,1256,169.0,34.7,33.4,51.6,724,43,3,164.5
2025-12-02 05:58:46+05:30,1256,174.5,41.5,33.5,55.5,731,26,7,182.5
2025-12-02 05:59:46+05:30,1256,168.5,43.3,33.4,51.0,666,19,8,207.3
2025-12-02 06:00:46+05:30,1256,170.8,39.2,33.1,50.0,698,10,5,177.3
2025-12-02 06:01:46+05:30,1256,171.6,41.9,33.4,50.4,619,1,4,152.2
2025-12-02 06:02:46+05:30,1256,170.3,34.6,33.5,53.1,684,23,6,194.8
2025-12-02 06:03:46+05:30,1256,175.7,35.2,33.7,51.1,581,21,5,150.6
2025-12-02 06:04:46+05:30,1256,168.8,41.1,33.6,47.5,652,51,0,195.0
2025-12-02 06:05:46+05:30,1256,166.8,35.2,33.4,53.8,695,32,7,188.3
2025-12-02 06:06:46+05:30,1256,168.5,37.5,33.1,50.9,612,29,9,136.1
2025-12-02 06:07:46+05:30,1256,168.7,41.9,33.0,53.1,618,28,5,197.0
2025-12-02 06:08:46+05:30,1256,175.6,34.6,32.9,51.7,692,19,1,172.8
2025-12-02 06:09:46+05:30,1256,170.8,41.4,33.3,51.7,694,24,3,163.6
2025-12-02 06:10:46+05:30,1256,170.6,43.9,33.5,47.8,754,34,4,171.2
2025-12-02 06:11:46+05:30,1256,171.5,37.1,33.3,52.5,667,30,5,180.1
2025-12-02 06:12:46+05:30,1256,168.9,35.5,33.3,52.4,592,21,5,159.9
2025-12-02 06:13:46+05:30,1256,168.8,43.5,33.0,53.3,664,21,4,211.5
2025-12-02 06:14:46+05:30,1256,173.0,38.5,33.4,54.5,649,6,0,171.7
2025-12-02 06:15:46+05:30,1256,173.9,40.3,33.4,54.4,554,43,2,177.5
2025-12-02 06:16:46+05:30,1256,170.5,40.8,33.3,51.7,572,33,2,186.7
2025-12-02 06:17:46+05:30,1256,164.0,38.4,33.3,53.7,673,30,10,161.9
2025-12-02 06:18:46+05:30,1256,168.9,40.7,33.4,54.1,749,40,1,182.2
2025-12-02 06:19:46+05:30,1256,171.3,38.5,32.9,51.6,643,43,5,189.4
2025-12-02 06:20:46+05:30,1256,171.3,38.2,33.6,53.6,686,21,4,228.8
2025-12-02 06:21:46+05:30,1256,171.4,38.8,33.3,51.7,708,27,4,186.5
2025-12-02 06:22:46+05:30,1256,175.6,44.9,33.0,53.8,662,33,3,166.8
2025-12-02 06:23:46+05:30,1256,172.6,42.5,32.8,50.5,652,5,7,185.9
2025-12-02 06:24:46+05:30,1256,169.0,38.1,33.3,51.3,693,25,10,182.1
2025-12-02 06:25:46+05:30,1256,168.9,44.6,33.5,48.4,669,38,10,210.4
2025-12-02 06:26:46+05:30,1256,173.1,37.3,33.1,49.8,613,15,3,195.3
2025-12-02 06:27:46+05:30,1256,171.8,34.5,33.4,52.5,671,44,0,170.7
2025-12-02 06:28:46+05:30,1256,173.1,43.4,33.3,50.5,600,24,4,174.3
2025-12-02 06:29:46+05:30,1256,164.6,40.0,32.6,50.5,636,15,5,186.4
2025-12-02 06:30:46+05:30,1256,165.0,35.5,33.1,51.6,689,28,0,158.7
2025-12-02 06:31:46+05:30,1256,171.6,48.0,33.5,50.5,695,31,6,191.9
2025-12-02 06:32:46+05:30,1256,170.4,39.0,33.3,52.4,683,30,9,198.8
2025-12-02 06:33:46+05:30,1256,168.8,43.4,32.7,51.7,613,13,3,147.9
2025-12-02 06:34:46+05:30,1256,175.2,40.2,33.1,50.8,617,25,4,156.4
2025-12-02 06:35:46+05:30,1256,167.2,46.0,33.0,49.6,646,30,6,191.3
2025-12-02 06:36:46+05:30,1256,171.5,44.1,33.4,52.5,653,28,8,191.4
2025-12-02 06:37:46+05:30,1256,169.4,43.1,33.3,50.7,721,19,6,197.4
2025-12-02 06:38:46+05:30,1256,172.7,39.9,33.6,50.9,628,28,10,155.3
2025-12-02 06:39:46+05:30,1256,169.5,41.8,33.5,52.8,716,42,4,209.9
2025-12-02 06:40:46+05:30,1256,164.3,40.7,33.4,55.8,597,33,5,142.4
2025-12-02 06:41:46+05:30,1256,168.0,42.6,33.4,46.1,599,43,3,182.0
2025-12-02 06:42:46+05:30,1256,175.7,40.2,33.7,54.2,668,16,9,137.7
2025-12-02 06:43:46+05:30,1256,169.3,38.1,33.3,52.1,547,17,5,194.3
2025-12-02 06:44:46+05:30,1256,172.1,41.6,33.2,50.4,635,23,6,178.7
2025-12-02 06:45:46+05:30,1256,168.3,45.7,32.7,50.0,680,34,0,176.6
2025-12-02 06:46:46+05:30,1256,171.8,39.8,33.2,51.6,580,21,1,177.5
2025-12-02 06:47:46+05:30,1256,171.2,35.0,33.1,53.7,667,36,12,185.5
2025-12-02 06:48:46+05:30,1256,166.7,39.7,33.1,52.3,619,45,2,172.8
2025-12-02 06:49:46+05:30,1256,170.6,42.5,33.4,47.6,646,37,11,177.4
2025-12-02 06:50:46+05:30,1256,172.3,45.4,33.3,50.8,614,26,1,170.9
2025-12-02 06:51:46+05:30,1256,173.8,39.1,32.9,53.7,647,42,2,175.9
2025-12-02 06:52:46+05:30,1256,171.5,39.5,33.3,54.7,562,36,10,165.2
2025-12-02 06:53:46+05:30,1256,172.9,38.6,33.3,50.3,687,23,9,159.5
2025-12-02 06:54:46+05:30,1256,169.3,36.4,33.8,50.9,520,48,2,216.5
2025-12-02 06:55:46+05:30,1256,167.6,38.8,33.0,50.9,636,32,12,201.9
2025-12-02 06:56:46+05:30,1256,172.5,37.4,33.4,48.8,697,48,4,216.8
2025-12-02 06:57:46+05:30,1256,175.7,39.2,33.2,52.5,597,33,13,181.3
2025-12-02 06:58:46+05:30,1256,168.5,36.4,33.7,50.3,674,18,4,161.2
2025-12-02 06:59:46+05:30,1256,171.1,40.2,33.3,49.2,650,22,5,147.2
2025-12-02 07:00:46+05:30,1256,169.8,45.8,34.1,52.3,684,10,0,206.6
2025-12-02 07:01:46+05:30,1256,174.5,36.4,33.1,53.4,711,15,1,186.2
2025-12-02 07:02:46+05:30,1256,167.1,37.5,33.9,51.8,679,30,7,148.3
2025-12-02 07:03:46+05:30,1256,169.8,37.1,33.2,48.0,643,23,5,203.2
2025-12-02 07:04:46+05:30,1256,171.0,40.6,33.1,51.9,650,12,8,207.8
2025-12-02 07:05:46+05:30,1256,164.3,44.0,33.2,48.4,596,22,1,164.3
2025-12-02 07:06:46+05:30,1256,170.7,40.5,33.7,49.8,568,4,0,172.4
2025-12-02 07:07:46+05:30,1256,164.9,38.8,33.4,54.8,654,21,9,183.8
2025-12-02 07:08:46+05:30,1256,171.6,39.4,33.1,52.5,617,36,5,191.0
2025-12-02 07:09:46+05:30,1256,175.1,37.6,33.7,48.2,737,38,5,179.2
2025-12-02 07:10:46+05:30,1256,173.0,43.6,33.5,50.7,756,14,2,183.8
2025-12-02 07:11:46+05:30,1256,172.0,38.5,33.5,50.0,635,34,6,217.4
2025-12-02 07:12:46+05:30,1256,170.7,45.5,33.3,51.8,659,44,4,197.4
2025-12-02 07:13:46+05:30,1256,168.0,33.7,33.4,51.6,626,28,3,160.0
2025-12-02 07:14:46+05:30,1256,170.5,35.4,33.1,51.8,767,34,5,193.6
2025-12-02 07:15:46+05:30,1256,168.6,39.4,33.6,53.8,617,36,10,148.7
2025-12-02 07:16:46+05:30,1256,169.0,44.3,33.8,49.9,594,16,8,172.9
2025-12-02 07:17:46+05:30,1256,168.8,40.3,33.4,54.1,628,25,4,172.3
2025-12-02 07:18:46+05:30,1256,167.6,40.9,33.5,53.5,520,32,0,163.6
2025-12-02 07:19:46+05:30,1256,168.8,38.9,33.4,53.8,572,32,5,170.6
2025-12-02 07:20:46+05:30,1256,164.6,45.8,33.8,52.1,670,26,6,165.9
2025-12-02 07:21:46+05:30,1256,172.0,41.6,33.0,55.2,722,41,10,142.7
2025-12-02 07:22:46+05:30,1256,171.1,38.0,33.4,52.3,680,35,6,159.3
2025-12-02 07:23:46+05:30,1256,170.2,41.9,33.7,49.0,619,37,6,160.4
2025-12-02 07:24:46+05:30,1256,170.2,44.4,33.3,49.4,643,19,5,184.9
2025-12-02 07:25:46+05:30,1256,166.6,41.8,33.2,52.4,675,43,2,118.0
2025-12-02 07:26:46+05:30,1256,168.9,39.3,33.2,52.0,543,50,5,163.8
2025-12-02 07:27:46+05:30,1256,173.4,45.2,33.3,50.0,644,45,4,177.8
2025-12-02 07:28:46+05:30,1256,171.2,38.8,33.1,55.6,551,27,6,195.4
2025-12-02 07:29:46+05:30,1256,173.4,44.4,33.3,53.7,706,26,4,180.5
2025-12-02 07:30:46+05:30,1256,175.0,39.5,33.4,50.4,704,40,10,191.2
2025-12-02 07:31:46+05:30,1256,175.3,43.0,33.2,48.8,618,10,0,162.6
2025-12-02 07:32:46+05:30,1256,170.7,42.1,33.5,50.8,579,45,4,192.2
2025-12-02 07:33:46+05:30,1256,169.3,34.3,33.2,53.1,678,28,0,170.9
2025-12-02 07:34:46+05:30,1256,168.4,32.9,33.5,51.0,647,15,4,181.5
2025-12-02 07:35:46+05:30,1256,168.3,37.3,32.7,53.5,694,27,2,205.3
2025-12-02 07:36:46+05:30,1256,171.2,42.4,33.1,51.4,596,39,9,166.6
2025-12-02 07:37:46+05:30,1256,169.4,43.4,33.8,53.2,594,26,9,157.7
2025-12-02 07:38:46+05:30,1256,167.2,39.2,33.5,49.5,676,32,2,172.9
2025-12-02 07:39:46+05:30,1256,172.6,39.7,33.3,57.0,646,20,7,177.1
2025-12-02 07:40:46+05:30,1256,174.2,41.0,33.6,49.7,807,39,6,158.0
2025-12-02 07:41:46+05:30,1256,175.2,43.3,33.2,53.1,653,29,2,175.0
2025-12-02 07:42:46+05:30,1256,168.2,41.8,33.9,51.8,591,4,5,142.8
2025-12-02 07:43:46+05:30,1256,170.6,36.4,32.9,53.2,691,33,1,161.7
2025-12-02 07:44:46+05:30,1256,172.6,37.6,33.4,49.1,642,41,0,229.6
2025-12-02 07:45:46+05:30,1256,168.0,44.4,33.2,53.3,652,17,2,165.2
2025-12-02 07:46:46+05:30,1256,169.0,37.8,33.3,53.6,592,9,2,150.4
2025-12-02 07:47:46+05:30,1256,173.2,42.5,33.3,51.6,604,18,3,146.2
2025-12-02 07:48:46+05:30,1256,162.8,45.7,33.7,52.7,705,45,9,134.5
2025-12-02 07:49:46+05:30,1256,164.5,43.8,33.3,51.5,687,28,7,193.6
2025-12-02 07:50:46+05:30,1256,170.8,42.7,33.3,51.4,669,17,8,160.3
2025-12-02 07:51:46+05:30,1256,172.1,36.7,33.6,50.1,722,42,7,218.5
2025-12-02 07:52:46+05:30,1256,170.8,41.4,33.5,52.4,627,17,4,163.5
2025-12-02 07:53:46+05:30,1256,175.1,41.0,33.3,52.6,647,28,4,193.3
2025-12-02 07:54:46+05:30,1256,169.6,34.7,33.0,51.2,678,21,5,144.7
2025-12-02 07:55:46+05:30,1256,175.6,41.0,33.8,54.2,680,30,11,173.0
2025-12-02 07:56:46+05:30,1256,167.3,33.9,32.9,48.4,630,21,3,158.4
2025-12-02 07:57:46+05:30,1256,172.8,36.7,33.4,57.2,574,36,4,208.2
2025-12-02 07:58:46+05:30,1256,166.0,39.6,33.6,52.5,651,12,3,164.9
2025-12-02 07:59:46+05:30,1256,168.5,39.2,33.4,53.1,656,37,4,180.0
2025-12-02 08:00:46+05:30,1256,169.9,36.8,33.2,55.7,569,31,9,149.4
2025-12-02 08:01:46+05:30,1256,169.4,38.8,33.6,54.3,606,26,4,173.1
2025-12-02 08:02:46+05:30,1256,168.6,39.5,33.0,48.7,618,25,5,195.7
2025-12-02 08:03:46+05:30,1256,169.7,40.4,33.6,53.3,617,16,5,191.6
2025-12-02 08:04:46+05:30,1256,165.3,35.0,33.5,50.2,725,30,7,159.5
2025-12-02 08:05:46+05:30,1256,174.4,38.2,32.9,57.4,678,21,1,211.6
2025-12-02 08:06:46+05:30,1256,168.1,40.3,33.1,50.8,674,44,9,192.5
2025-12-02 08:07:46+05:30,1256,171.8,38.7,32.8,51.5,658,34,4,170.3
2025-12-02 08:08:46+05:30,1256,169.3,39.5,33.2,52.8,657,35,3,183.2
2025-12-02 08:09:46+05:30,1256,167.9,48.3,33.7,54.5,665,10,6,193.0
2025-12-02 08:10:46+05:30,1256,166.9,41.0,33.6,54.2,581,32,0,170.2
2025-12-02 08:11:46+05:30,1256,169.4,39.0,33.0,51.9,637,30,3,165.7
2025-12-02 08:12:46+05:30,1256,164.8,44.8,33.4,53.1,664,25,3,167.6
2025-12-02 08:13:46+05:30,1256,167.4,40.2,33.4,54.6,633,44,3,200.6
2025-12-02 08:14:46+05:30,1256,171.5,47.9,33.2,49.8,644,29,8,180.9
2025-12-02 08:15:46+05:30,1256,173.9,44.3,33.3,52.6,687,24,4,194.3
2025-12-02 08:16:46+05:30,1256,173.4,42.0,33.7,50.5,736,28,7,153.0
2025-12-02 08:17:46+05:30,1256,170.2,39.0,33.4,49.2,694,25,7,160.6
2025-12-02 08:18:46+05:30,1256,167.1,40.2,33.6,53.8,543,15,8,178.1
2025-12-02 08:19:46+05:30,1256,166.4,37.9,33.4,51.8,656,25,3,205.1
2025-12-02 08:20:46+05:30,1256,169.7,34.8,33.2,48.8,636,41,4,164.3
2025-12-02 08:21:46+05:30,1256,167.7,45.2,33.3,52.3,644,29,1,208.6
2025-12-02 08:22:46+05:30,1256,170.0,39.2,33.7,54.5,522,31,5,184.2
2025-12-02 08:23:46+05:30,1256,176.3,40.6,32.9,48.7,590,9,5,194.9
2025-12-02 08:24:46+05:30,1256,170.6,39.4,33.2,54.6,648,26,5,188.9
2025-12-02 08:25:46+05:30,1256,171.8,35.4,32.9,51.0,674,27,7,156.7
2025-12-02 08:26:46+05:30,1256,167.6,39.0,33.5,57.5,512,23,6,212.0
2025-12-02 08:27:46+05:30,1256,169.3,43.5,33.6,52.9,684,40,3,169.1
2025-12-02 08:28:46+05:30,1256,168.1,37.7,33.4,53.0,741,26,9,200.3
2025-12-02 08:29:46+05:30,1256,172.1,40.2,33.6,50.0,639,21,1,171.6
2025-12-02 08:30:46+05:30,1256,173.2,37.8,32.9,51.6,667,36,5,187.1
2025-12-02 08:31:46+05:30,1256,170.3,37.1,33.2,52.5,603,34,1,182.9
2025-12-02 08:32:46+05:30,1256,168.8,45.2,33.4,49.7,649,22,6,175.4
2025-12-02 08:33:46+05:30,1256,170.5,42.7,33.0,47.2,593,33,4,199.1
2025-12-02 08:34:46+05:30,1256,173.2,43.4,33.1,53.6,690,37,6,188.8
2025-12-02 08:35:46+05:30,1256,169.3,39.4,33.5,52.5,643,21,7,195.8
2025-12-02 08:36:46+05:30,1256,169.5,39.8,32.6,54.6,678,32,4,148.4
2025-12-02 08:37:46+05:30,1256,171.2,43.9,33.3,55.9,628,3,3,168.4
2025-12-02 08:38:46+05:30,1256,166.1,48.7,33.4,51.0,612,9,4,164.4
2025-12-02 08:39:46+05:30,1256,172.3,39.7,33.5,49.9,723,15,0,163.0
2025-12-02 08:40:46+05:30,1256,169.6,40.5,33.1,50.9,702,27,6,157.8
2025-12-02 08:41:46+05:30,1256,168.4,38.6,32.8,51.9,695,26,1,122.8
2025-12-02 08:42:46+05:30,1256,169.1,40.4,33.4,50.5,687,48,3,186.0
2025-12-02 08:43:46+05:30,1256,175.7,40.8,33.1,49.3,700,20,6,135.7
2025-12-02 08:44:46+05:30,1256,172.2,45.6,33.6,54.3,658,14,5,208.2
2025-12-02 08:45:46+05:30,1256,171.5,39.1,32.8,52.1,653,42,3,184.0
2025-12-02 08:46:46+05:30,1256,174.2,36.7,33.4,52.5,647,22,8,200.3
2025-12-02 08:47:46+05:30,1256,165.0,39.7,33.2,50.5,690,34,12,169.8
2025-12-02 08:48:46+05:30,1256,171.9,38.7,33.1,51.8,642,31,2,165.0
2025-12-02 08:49:46+05:30,1256,168.1,41.5,33.2,54.5,681,32,7,179.1
2025-12-02 08:50:46+05:30,1256,175.8,34.6,33.4,51.4,619,1,11,138.8
2025-12-02 08:51:46+05:30,1256,169.9,34.1,33.1,50.0,640,19,8,177.1
2025-12-02 08:52:46+05:30,1256,167.5,43.2,33.0,50.3,633,35,1,186.2
2025-12-02 08:53:46+05:30,1256,171.3,39.5,33.0,52.0,547,14,2,174.7
2025-12-02 08:54:46+05:30,1256,174.2,39.3,33.2,53.3,649,23,10,158.1
2025-12-02 08:55:46+05:30,1256,172.4,44.3,33.6,49.7,655,58,1,180.0
2025-12-02 08:56:46+05:30,1256,172.4,43.6,33.0,55.4,654,27,0,147.8
2025-12-02 08:57:46+05:30,1256,174.4,40.1,32.8,51.4,575,33,8,228.1
2025-12-02 08:58:46+05:30,1256,171.0,40.6,33.7,52.0,641,4,7,182.1
2025-12-02 08:59:46+05:30,1256,164.6,43.4,33.5,50.0,631,31,4,196.2
2025-12-02 09:00:46+05:30,1256,172.0,38.7,33.1,48.0,673,18,7,170.0
2025-12-02 09:01:46+05:30,1256,175.1,34.1,33.8,56.5,554,39,3,183.7
2025-12-02 09:02:46+05:30,1256,165.8,40.9,33.3,53.6,683,21,3,181.3
2025-12-02 09:03:46+05:30,1256,172.5,40.8,33.2,51.8,582,49,6,139.8
2025-12-02 09:04:46+05:30,1256,169.2,40.4,33.7,50.4,690,41,2,213.4
2025-12-02 09:05:46+05:30,1256,171.5,42.1,33.1,52.0,599,25,6,172.1
2025-12-02 09:06:46+05:30,1256,168.0,44.6,33.9,51.2,650,32,6,181.8
2025-12-02 09:07:46+05:30,1256,166.9,36.7,33.2,51.7,584,23,8,175.6
2025-12-02 09:08:46+05:30,1256,169.1,45.8,33.3,52.7,582,29,3,209.6
2025-12-02 09:09:46+05:30,1256,173.6,39.9,33.2,50.1,654,30,8,170.6
2025-12-02 09:10:46+05:30,1256,170.7,39.0,33.4,50.8,647,23,5,182.6
2025-12-02 09:11:46+05:30,1256,169.6,37.2,32.9,52.0,662,48,1,188.1
2025-12-02 09:12:46+05:30,1256,171.6,38.4,33.1,54.1,644,45,4,178.2
2025-12-02 09:13:46+05:30,1256,173.1,39.9,33.6,54.5,638,43,7,166.4
2025-12-02 09:14:46+05:30,1256,167.7,44.4,33.9,52.4,583,36,3,179.9
2025-12-02 09:15:46+05:30,1256,168.0,39.5,33.1,54.1,693,27,0,182.2
2025-12-02 09:16:46+05:30,1256,169.5,40.0,33.3,53.6,642,17,5,194.3
2025-12-02 09:17:46+05:30,1256,173.6,40.4,32.7,50.2,599,44,6,204.2
2025-12-02 09:18:46+05:30,1256,172.2,43.5,32.9,53.9,615,29,0,169.0
2025-12-02 09:19:46+05:30,1256,171.8,45.5,33.4,50.1,637,26,7,199.4
2025-12-02 09:20:46+05:30,1256,169.6,38.7,33.2,52.0,701,23,7,188.1
2025-12-02 09:21:46+05:30,1256,172.7,41.9,33.2,51.6,634,10,6,183.5
2025-12-02 09:22:46+05:30,1256,169.8,37.6,32.7,52.8,745,32,5,166.1
2025-12-02 09:23:46+05:30,1256,166.9,38.1,32.8,51.6,575,47,2,162.2
2025-12-02 09:24:46+05:30,1256,170.1,37.2,33.2,53.9,700,30,2,174.4
2025-12-02 09:25:46+05:30,1256,175.5,39.5,33.3,52.4,613,39,6,217.6
2025-12-02 09:26:46+05:30,1256,175.0,36.1,33.9,49.7,670,26,1,196.9
2025-12-02 09:27:46+05:30,1256,176.7,40.1,33.5,48.9,618,11,6,183.0
2025-12-02 09:28:46+05:30,1256,166.6,38.9,33.0,53.2,714,19,5,183.3
2025-12-02 09:29:46+05:30,1256,168.8,41.0,33.1,52.7,578,33,5,177.8
2025-12-02 09:30:46+05:30,1256,175.8,42.8,32.9,50.6,682,35,4,175.3
2025-12-02 09:31:46+05:30,1256,177.2,36.0,33.0,52.4,663,49,5,189.9
2025-12-02 09:32:46+05:30,1256,165.8,41.2,33.5,51.2,646,6,4,147.0
2025-12-02 09:33:46+05:30,1256,173.6,36.4,33.8,53.1,601,20,3,178.5
2025-12-02 09:34:46+05:30,1256,169.2,36.7,33.9,52.7,688,25,2,208.1
2025-12-02 09:35:46+05:30,1256,171.4,37.5,34.0,55.4,618,30,4,213.1
2025-12-02 09:36:46+05:30,1256,173.6,38.8,33.3,54.8,667,29,6,205.3
2025-12-02 09:37:46+05:30,1256,175.8,43.7,33.2,55.0,665,12,4,197.0
2025-12-02 09:38:46+05:30,1256,167.5,36.9,32.8,51.3,653,59,9,155.5
2025-12-02 09:39:46+05:30,1256,169.7,37.4,33.5,50.9,568,36,5,186.1
2025-12-02 09:40:46+05:30,1256,171.5,39.8,33.4,52.4,604,39,3,211.5
2025-12-02 09:41:46+05:30,1256,175.9,49.4,33.1,51.2,661,41,0,163.1
2025-12-02 09:42:46+05:30,1256,172.5,36.4,33.2,51.5,635,33,1,155.4
2025-12-02 09:43:46+05:30,1256,165.1,39.9,32.6,49.9,684,32,4,185.9
2025-12-02 09:44:46+05:30,1256,175.0,35.6,33.4,53.2,700,29,6,219.2
2025-12-02 09:45:46+05:30,1256,171.7,41.0,33.0,51.2,668,17,5,135.6
2025-12-02 09:46:46+05:30,1256,169.4,37.6,33.4,52.0,660,14,7,169.7
2025-12-02 09:47:46+05:30,1256,172.4,32.5,33.5,51.0,595,30,2,203.4
2025-12-02 09:48:46+05:30,1256,169.7,44.4,33.1,51.3,666,21,6,181.3
2025-12-02 09:49:46+05:30,1256,170.2,34.5,33.4,51.6,697,28,5,163.6
2025-12-02 09:50:46+05:30,1256,168.9,40.0,33.2,53.5,649,28,5,204.2
2025-12-02 09:51:46+05:30,1256,170.1,41.7,33.4,51.1,612,37,6,117.3
2025-12-02 09:52:46+05:30,1256,171.3,36.0,33.2,50.0,720,23,6,207.7
2025-12-02 09:53:46+05:30,1256,170.8,39.2,33.6,51.1,724,19,6,190.4
2025-12-02 09:54:46+05:30,1256,170.0,41.2,33.7,52.5,632,24,9,200.4
2025-12-02 09:55:46+05:30,1256,168.5,36.3,33.4,52.4,697,22,2,217.1
2025-12-02 09:56:46+05:30,1256,172.4,41.1,33.1,51.3,669,45,11,207.3
2025-12-02 09:57:46+05:30,1256,169.2,41.7,33.5,53.5,602,25,4,176.1
2025-12-02 09:58:46+05:30,1256,169.7,40.9,33.4,48.9,706,39,3,201.7
2025-12-02 09:59:46+05:30,1256,169.0,37.3,33.6,50.5,697,44,4,198.5
2025-12-02 10:00:46+05:30,1256,172.8,37.2,33.4,49.0,657,13,9,185.6
2025-12-02 10:01:46+05:30,1256,167.0,40.5,33.4,50.9,717,25,0,195.0
2025-12-02 10:02:46+05:30,1256,169.4,42.6,33.4,50.7,666,30,2,173.8
2025-12-02 10:03:46+05:30,1256,171.8,39.5,33.4,52.1,668,38,7,172.0
2025-12-02 10:04:46+05:30,1256,165.6,41.8,32.8,49.5,713,33,9,191.3
2025-12-02 10:05:46+05:30,1256,168.7,45.2,33.5,49.9,551,31,9,155.6
2025-12-02 10:06:46+05:30,1256,175.5,37.6,33.5,48.3,695,19,4,215.8
2025-12-02 10:07:46+05:30,1256,169.8,46.4,33.3,52.2,746,33,3,186.6
2025-12-02 10:08:46+05:30,1256,164.7,44.4,33.6,51.2,631,24,2,200.1
2025-12-02 10:09:46+05:30,1256,171.4,43.2,33.2,52.8,653,39,5,194.6
2025-12-02 10:10:46+05:30,1256,168.4,39.4,33.1,50.1,623,42,11,177.3
2025-12-02 10:11:46+05:30,1256,168.5,30.3,33.1,51.1,690,9,2,178.9
2025-12-02 10:12:46+05:30,1256,172.6,42.1,33.4,49.8,683,27,5,226.7
2025-12-02 10:13:46+05:30,1256,170.6,38.6,32.5,51.0,689,42,6,164.9
2025-12-02 10:14:46+05:30,1256,168.9,37.6,33.9,50.0,701,25,12,168.5
2025-12-02 10:15:46+05:30,1256,161.7,38.8,33.5,49.1,659,29,2,181.0
2025-12-02 10:16:46+05:30,1256,168.5,37.4,32.7,50.1,679,26,1,176.8
2025-12-02 10:17:46+05:30,1256,170.4,39.7,33.1,49.9,696,32,2,206.5
2025-12-02 10:18:46+05:30,1256,173.1,45.0,33.0,51.5,699,31,3,195.0
2025-12-02 10:19:46+05:30,1256,164.9,37.4,33.9,49.1,699,42,6,180.2
2025-12-02 10:20:46+05:30,1256,167.7,38.8,33.7,51.4,634,34,4,161.3
2025-12-02 10:21:46+05:30,1256,167.9,39.0,33.3,49.0,590,21,6,185.5
2025-12-02 10:22:46+05:30,1256,166.0,40.1,33.7,49.7,607,50,3,203.0
2025-12-02 10:23:46+05:30,1256,167.4,40.7,33.7,52.2,727,38,0,186.1
2025-12-02 10:24:46+05:30,1256,168.1,42.1,34.1,53.1,630,27,5,185.8
2025-12-02 10:25:46+05:30,1256,167.9,40.1,33.1,49.0,644,21,6,164.9
2025-12-02 10:26:46+05:30,1256,169.7,41.2,33.1,53.9,685,24,7,180.1
2025-12-02 10:27:46+05:30,1256,163.9,35.6,33.3,49.4,602,12,2,173.8
2025-12-02 10:28:46+05:30,1256,168.2,39.8,33.3,51.4,696,17,6,194.8
2025-12-02 10:29:46+05:30,1256,167.8,37.5,33.5,52.8,676,34,3,151.7
2025-12-02 10:30:46+05:30,1256,166.6,39.1,33.5,50.1,573,15,3,173.5
2025-12-02 10:31:46+05:30,1256,167.6,34.0,33.8,48.5,659,40,6,124.2
2025-12-02 10:32:46+05:30,1256,165.1,39.6,33.8,51.0,636,18,6,212.5
2025-12-02 10:33:46+05:30,1256,167.1,43.6,33.7,51.6,655,13,2,165.1
2025-12-02 10:34:46+05:30,1256,169.8,37.5,32.6,51.5,571,22,4,185.6
2025-12-02 10:35:46+05:30,1256,161.5,43.4,33.2,51.5,718,34,0,179.8
2025-12-02 10:36:46+05:30,1256,170.1,43.8,33.7,52.9,696,32,9,198.7
2025-12-02 10:37:46+05:30,1256,171.5,41.6,33.4,52.7,607,31,5,203.8
2025-12-02 10:38:46+05:30,1256,168.6,34.0,33.2,53.9,639,22,6,159.7
2025-12-02 10:39:46+05:30,1256,167.0,43.3,32.9,53.6,701,34,6,180.8
2025-12-02 10:40:46+05:30,1256,168.3,34.1,33.3,50.6,612,43,3,180.5
2025-12-02 10:41:46+05:30,1256,171.6,40.9,33.8,55.5,681,25,0,161.1
2025-12-02 10:42:46+05:30,1256,168.8,41.1,33.6,51.6,636,23,6,186.4
2025-12-02 10:43:46+05:30,1256,175.1,36.6,33.4,54.4,725,38,7,192.0
2025-12-02 10:44:46+05:30,1256,168.2,44.4,34.0,52.8,650,17,5,176.4
2025-12-02 10:45:46+05:30,1256,169.8,42.2,33.4,50.8,656,23,0,179.0
2025-12-02 10:46:46+05:30,1256,166.2,35.7,33.1,52.8,658,16,7,147.4
2025-12-02 10:47:46+05:30,1256,172.2,45.7,33.4,52.0,550,26,2,191.9
2025-12-02 10:48:46+05:30,1256,170.3,43.4,33.4,50.6,627,29,4,168.8
2025-12-02 10:49:46+05:30,1256,173.8,37.8,33.9,52.8,682,46,3,235.4
2025-12-02 10:50:46+05:30,1256,171.6,37.4,33.0,55.1,644,6,8,188.6
2025-12-02 10:51:46+05:30,1256,168.8,41.8,33.5,51.8,669,33,0,203.0
2025-12-02 10:52:46+05:30,1256,170.9,44.5,33.2,49.9,626,21,4,208.6
2025-12-02 10:53:46+05:30,1256,168.1,35.4,33.3,52.8,673,34,3,182.8
2025-12-02 10:54:46+05:30,1256,178.6,44.2,33.1,51.6,709,50,7,160.9
2025-12-02 10:55:46+05:30,1256,165.5,37.1,33.5,49.6,648,42,2,190.5
2025-12-02 10:56:46+05:30,1256,175.4,42.0,33.3,55.3,705,27,3,146.1
2025-12-02 10:57:46+05:30,1256,165.4,41.5,33.5,51.2,636,34,4,194.3
2025-12-02 10:58:46+05:30,1256,174.0,41.7,33.5,50.7,576,14,8,188.9
2025-12-02 10:59:46+05:30,1256,173.2,37.3,33.8,51.7,632,31,8,166.6
2025-12-02 11:00:46+05:30,1256,173.1,36.0,33.4,51.4,628,21,2,206.9
2025-12-02 11:01:46+05:30,1256,168.4,40.1,33.1,51.3,690,16,9,164.0
2025-12-02 11:02:46+05:30,1256,169.3,39.9,33.2,54.6,619,18,8,196.0
2025-12-02 11:03:46+05:30,1256,165.8,43.7,32.9,50.5,671,22,9,187.5
2025-12-02 11:04:46+05:30,1256,173.9,37.1,33.4,50.4,726,28,2,196.1
2025-12-02 11:05:46+05:30,1256,167.8,43.5,33.3,51.7,739,30,7,193.4
2025-12-02 11:06:46+05:30,1256,172.9,39.5,33.2,52.7,578,32,2,167.4
2025-12-02 11:07:46+05:30,1256,166.8,42.7,32.8,50.6,681,45,3,180.7
2025-12-02 11:08:46+05:30,1256,168.9,41.2,33.6,50.7,606,37,0,172.6
2025-12-02 11:09:46+05:30,1256,168.6,40.2,33.4,52.9,634,32,8,211.6
2025-12-02 11:10:46+05:30,1256,170.0,43.1,33.6,51.4,623,35,5,197.8
2025-12-02 11:11:46+05:30,1256,169.6,40.8,33.1,54.1,595,35,10,183.7
2025-12-02 11:12:46+05:30,1256,171.2,38.7,33.3,52.7,572,16,4,182.6
2025-12-02 11:13:46+05:30,1256,174.4,36.2,33.5,52.5,571,28,9,168.8
2025-12-02 11:14:46+05:30,1256,172.9,42.9,33.2,54.4,611,39,4,168.9
2025-12-02 11:15:46+05:30,1256,165.5,43.2,33.1,54.9,682,25,5,199.3
2025-12-02 11:16:46+05:30,1256,173.4,43.0,33.3,52.7,645,20,3,150.0
2025-12-02 11:17:46+05:30,1256,176.2,39.5,33.5,52.7,693,18,7,177.6
2025-12-02 11:18:46+05:30,1256,169.7,35.9,32.8,52.9,644,20,3,221.4
2025-12-02 11:19:46+05:30,1256,168.9,40.9,33.1,56.7,635,21,13,163.4
2025-12-02 11:20:46+05:30,1256,170.7,38.1,33.1,53.1,652,2,1,168.2
2025-12-02 11:21:46+05:30,1256,171.9,39.9,33.4,54.9,607,19,6,159.4
2025-12-02 11:22:46+05:30,1256,168.3,41.4,33.1,56.9,624,40,12,188.8
2025-12-02 11:23:46+05:30,1256,173.4,32.5,32.6,51.0,667,39,4,191.9
2025-12-02 11:24:46+05:30,1256,168.7,38.7,32.6,54.0,584,25,4,204.5
2025-12-02 11:25:46+05:30,1256,172.2,45.6,33.4,52.3,629,15,5,157.6
2025-12-02 11:26:46+05:30,1256,172.8,42.0,33.1,47.1,631,28,8,218.2
2025-12-02 11:27:46+05:30,1256,171.6,37.1,33.4,54.1,652,24,7,160.4
2025-12-02 11:28:46+05:30,1256,172.0,41.3,33.8,50.0,603,17,10,212.0
2025-12-02 11:29:46+05:30,1256,170.3,40.5,33.4,57.1,654,33,2,168.2
2025-12-02 11:30:46+05:30,1256,169.7,44.5,33.7,51.6,724,39,5,179.1
2025-12-02 11:31:46+05:30,1256,167.5,39.3,33.1,54.8,630,31,2,144.4
2025-12-02 11:32:46+05:30,1256,172.5,41.2,33.6,50.8,574,0,0,154.7
2025-12-02 11:33:46+05:30,1256,171.7,35.9,33.7,51.2,682,43,4,214.2
2025-12-02 11:34:46+05:30,1256,172.3,42.0,33.8,51.5,629,23,2,185.0
2025-12-02 11:35:46+05:30,1256,173.3,36.8,33.6,52.9,692,36,7,165.5
2025-12-02 11:36:46+05:30,1256,169.7,40.5,33.4,53.1,531,17,3,195.7
2025-12-02 11:37:46+05:30,1256,174.7,40.6,33.2,52.2,706,27,10,160.2
2025-12-02 11:38:46+05:30,1256,172.1,38.0,33.5,52.4,669,32,0,177.4
2025-12-02 11:39:46+05:30,1256,168.2,42.5,33.3,51.1,723,42,4,165.1
2025-12-02 11:40:46+05:30,1256,174.1,41.2,33.0,52.7,611,23,6,186.6
2025-12-02 11:41:46+05:30,1256,170.1,38.2,33.1,55.7,577,25,1,193.5
2025-12-02 11:42:46+05:30,1256,167.1,38.3,33.0,50.8,721,32,6,180.6
2025-12-02 11:43:46+05:30,1256,167.0,39.0,33.7,52.4,650,16,7,174.5
2025-12-02 11:44:46+05:30,1256,173.5,41.1,33.7,50.8,672,23,8,219.3
2025-12-02 11:45:46+05:30,1256,163.6,40.7,32.8,53.5,597,27,6,170.5
2025-12-02 11:46:46+05:30,1256,170.4,44.7,33.6,53.1,627,33,4,174.6
2025-12-02 11:47:46+05:30,1256,169.6,44.0,32.9,53.3,626,23,4,192.2
2025-12-02 11:48:46+05:30,1256,167.5,34.3,33.2,56.8,680,14,8,193.5
2025-12-02 11:49:46+05:30,1256,172.5,39.6,33.1,51.6,553,29,11,193.3
2025-12-02 11:50:46+05:30,1256,169.9,36.5,33.6,53.0,632,28,7,167.1
2025-12-02 11:51:46+05:30,1256,167.6,36.5,33.0,54.6,612,34,3,179.5
2025-12-02 11:52:46+05:30,1256,166.7,39.7,33.2,52.8,734,27,0,181.9
2025-12-02 11:53:46+05:30,1256,172.4,42.6,33.6,51.7,628,25,4,170.0
2025-12-02 11:54:46+05:30,1256,170.5,37.0,33.3,53.1,702,33,8,191.4
2025-12-02 11:55:46+05:30,1256,176.2,38.5,33.0,50.2,736,56,0,185.6
2025-12-02 11:56:46+05:30,1256,165.6,38.8,33.7,49.9,707,2,5,190.2
2025-12-02 11:57:46+05:30,1256,169.6,49.2,33.6,50.8,654,28,4,155.4
2025-12-02 11:58:46+05:30,1256,171.2,36.9,33.4,51.3,630,35,3,207.4
2025-12-02 11:59:46+05:30,1256,171.9,37.5,33.6,56.8,648,23,4,173.0
2025-12-02 12:00:46+05:30,1256,172.6,38.2,33.4,53.2,688,49,6,164.0
2025-12-02 12:01:46+05:30,1256,167.9,40.5,33.4,50.9,672,34,4,178.9
2025-12-02 12:02:46+05:30,1256,167.1,45.0,33.3,52.5,627,21,10,195.2
2025-12-02 12:03:46+05:30,1256,173.2,42.2,33.5,51.8,642,39,7,194.1
2025-12-02 12:04:46+05:30,1256,172.8,31.8,33.3,53.4,550,27,0,178.4
2025-12-02 12:05:46+05:30,1256,171.6,38.4,33.0,50.6,659,15,4,197.1
2025-12-02 12:06:46+05:30,1256,175.5,41.2,33.3,54.9,646,21,11,171.1
2025-12-02 12:07:46+05:30,1256,171.0,38.6,33.1,52.2,689,40,4,188.7
2025-12-02 12:08:46+05:30,1256,166.4,42.1,33.2,51.4,657,20,3,173.3
2025-12-02 12:09:46+05:30,1256,174.7,44.8,32.8,52.6,635,37,11,160.8
2025-12-02 12:10:46+05:30,1256,168.6,40.2,33.4,53.8,710,29,6,182.8
2025-12-02 12:11:46+05:30,1256,176.9,41.8,33.4,55.9,680,25,6,172.6
2025-12-02 12:12:46+05:30,1256,172.4,39.0,33.0,51.6,673,17,10,211.4
2025-12-02 12:13:46+05:30,1256,168.5,39.7,33.2,54.2,700,18,8,215.5
2025-12-02 12:14:46+05:30,1256,166.8,39.3,33.8,52.2,661,46,6,149.8
2025-12-02 12:15:46+05:30,1256,174.5,41.6,33.9,53.2,530,31,5,198.5
2025-12-02 12:16:46+05:30,1256,173.9,36.4,33.0,51.3,603,23,3,213.3
2025-12-02 12:17:46+05:30,1256,165.0,41.6,33.0,53.4,738,35,5,188.7
2025-12-02 12:18:46+05:30,1256,172.0,39.1,33.1,51.4,603,41,5,184.2
2025-12-02 12:19:46+05:30,1256,172.5,43.3,34.0,51.4,610,28,0,195.2
2025-12-02 12:20:46+05:30,1256,174.0,39.4,32.9,54.0,547,29,9,194.3
2025-12-02 12:21:46+05:30,1256,172.9,40.7,33.2,51.1,689,34,4,193.2
2025-12-02 12:22:46+05:30,1256,166.3,42.5,33.4,52.2,718,24,6,167.3
2025-12-02 12:23:46+05:30,1256,168.3,39.2,33.2,50.1,752,33,4,200.0
2025-12-02 12:24:46+05:30,1256,171.6,40.2,34.0,51.0,701,30,5,188.0
2025-12-02 12:25:46+05:30,1256,170.6,37.9,33.0,54.9,742,36,2,160.7
2025-12-02 12:26:46+05:30,1256,164.9,38.5,33.3,56.0,668,25,2,193.4
2025-12-02 12:27:46+05:30,1256,169.7,40.9,33.4,54.2,706,18,2,208.6
2025-12-02 12:28:46+05:30,1256,170.4,43.7,33.2,49.4,693,20,6,185.1
2025-12-02 12:29:46+05:30,1256,174.3,43.9,33.9,51.0,630,42,5,168.4
2025-12-02 12:30:46+05:30,1256,166.6,43.8,32.7,51.8,532,43,10,207.6
2025-12-02 12:31:46+05:30,1256,168.2,45.4,33.6,51.4,688,12,2,152.9
2025-12-02 12:32:46+05:30,1256,176.1,38.9,33.2,54.1,717,42,5,184.7
2025-12-02 12:33:46+05:30,1256,168.4,41.1,33.6,55.9,689,31,2,194.0
2025-12-02 12:34:46+05:30,1256,168.1,34.9,33.4,51.3,639,35,4,153.8
2025-12-02 12:35:46+05:30,1256,168.0,43.7,33.1,53.5,633,35,3,160.2
2025-12-02 12:36:46+05:30,1256,166.9,42.2,33.2,52.9,641,17,5,155.9
2025-12-02 12:37:46+05:30,1256,165.9,37.7,33.7,56.6,647,30,0,174.0
2025-12-02 12:38:46+05:30,1256,167.9,37.3,33.3,50.3,698,15,2,172.5
2025-12-02 12:39:46+05:30,1256,172.5,40.1,33.3,54.6,592,40,3,161.6
2025-12-02 12:40:46+05:30,1256,171.3,41.8,33.0,55.5,559,32,3,161.2
2025-12-02 12:41:46+05:30,1256,167.0,40.4,33.1,51.1,722,37,6,136.4
2025-12-02 12:42:46+05:30,1256,168.0,41.1,33.4,53.2,637,27,6,176.7
2025-12-02 12:43:46+05:30,1256,166.2,41.6,33.5,51.7,619,35,5,173.5
2025-12-02 12:44:46+05:30,1256,169.6,37.9,32.8,56.0,706,38,8,172.6
2025-12-02 12:45:46+05:30,1256,166.4,39.0,33.1,51.4,572,28,2,192.7
2025-12-02 12:46:46+05:30,1256,168.6,37.6,33.1,51.0,706,62,7,158.1
2025-12-02 12:47:46+05:30,1256,167.0,37.7,33.3,51.1,690,16,1,189.6
2025-12-02 12:48:46+05:30,1256,170.8,43.6,32.9,45.4,686,18,0,195.7
2025-12-02 12:49:46+05:30,1256,176.5,41.0,33.5,49.9,614,39,5,190.9
2025-12-02 12:50:46+05:30,1256,169.7,39.9,33.3,50.7,656,47,3,206.8
2025-12-02 12:51:46+05:30,1256,174.0,41.9,33.4,52.9,653,38,7,183.8
2025-12-02 12:52:46+05:30,1256,166.2,41.3,33.4,52.1,645,10,1,197.8
2025-12-02 12:53:46+05:30,1256,167.0,40.1,34.1,53.7,615,27,5,206.9
2025-12-02 12:54:46+05:30,1256,169.0,36.9,33.2,53.0,697,33,4,203.5
2025-12-02 12:55:46+05:30,1256,168.8,36.3,33.0,49.9,647,7,8,138.4
2025-12-02 12:56:46+05:30,1256,172.0,43.0,33.3,51.6,685,20,10,190.3
2025-12-02 12:57:46+05:30,1256,165.1,35.8,33.3,52.3,687,36,3,189.0
2025-12-02 12:58:46+05:30,1256,169.1,38.3,33.7,49.2,536,34,2,162.4
2025-12-02 12:59:46+05:30,1256,169.7,36.7,33.2,54.3,682,34,1,189.5
2025-12-02 13:00:46+05:30,1256,167.8,39.9,33.3,54.8,596,44,3,168.1
2025-12-02 13:01:46+05:30,1256,176.7,41.4,33.3,53.9,654,32,0,201.9
2025-12-02 13:02:46+05:30,1256,174.4,45.7,33.4,49.3,685,18,2,187.9
2025-12-02 13:03:46+05:30,1256,167.5,41.1,33.9,54.8,671,36,7,178.7
2025-12-02 13:04:46+05:30,1256,171.1,38.8,33.2,51.1,630,36,10,173.2
2025-12-02 13:05:46+05:30,1256,169.2,37.4,33.8,48.1,658,24,5,172.4
2025-12-02 13:06:46+05:30,1256,170.7,42.7,33.3,49.7,662,34,5,223.7
2025-12-02 13:07:46+05:30,1256,166.6,41.9,33.1,51.8,629,53,0,202.2
2025-12-02 13:08:46+05:30,1256,170.3,42.2,33.3,50.4,692,26,3,169.7
2025-12-02 13:09:46+05:30,1256,169.8,36.7,33.4,48.4,698,31,5,188.2
2025-12-02 13:10:46+05:30,1256,165.3,44.5,33.2,52.2,605,18,4,179.0
2025-12-02 13:11:46+05:30,1256,172.9,35.7,33.3,50.0,627,29,0,173.6
2025-12-02 13:12:46+05:30,1256,171.6,41.9,33.2,55.8,725,31,1,171.6
2025-12-02 13:13:46+05:30,1256,171.7,35.0,33.2,55.6,647,35,4,175.9
2025-12-02 13:14:46+05:30,1256,170.6,39.0,33.5,49.8,682,26,3,189.4
2025-12-02 13:15:46+05:30,1256,169.5,47.9,33.4,52.9,623,25,6,168.1
2025-12-02 13:16:46+05:30,1256,169.1,46.3,33.5,48.8,625,35,5,214.5
2025-12-02 13:17:46+05:30,1256,171.1,43.0,33.2,51.8,561,29,4,218.8
2025-12-02 13:18:46+05:30,1256,170.9,39.5,33.0,52.1,723,35,4,162.3
2025-12-02 13:19:46+05:30,1256,171.0,39.1,33.5,51.2,602,30,4,195.1
2025-12-02 13:20:46+05:30,1256,173.1,40.2,33.3,55.6,672,34,5,188.1
2025-12-02 13:21:46+05:30,1256,174.1,36.4,33.2,53.0,654,37,4,217.6
2025-12-02 13:22:46+05:30,1256,170.8,38.9,33.4,55.6,629,17,3,174.2
2025-12-02 13:23:46+05:30,1256,169.4,38.8,32.8,49.2,604,36,3,164.0
2025-12-02 13:24:46+05:30,1256,170.8,37.8,33.4,51.3,681,32,2,199.1
2025-12-02 13:25:46+05:30,1256,168.2,37.4,33.6,53.5,716,42,5,194.6
2025-12-02 13:26:46+05:30,1256,165.1,41.0,33.2,48.8,532,11,10,158.4
2025-12-02 13:27:46+05:30,1256,173.4,43.0,33.5,53.6,605,28,7,176.8
2025-12-02 13:28:46+05:30,1256,164.8,40.7,33.2,51.5,662,14,7,219.5
2025-12-02 13:29:46+05:30,1256,163.8,43.9,33.1,53.1,747,36,3,145.2
2025-12-02 13:30:46+05:30,1256,171.9,43.9,33.5,52.2,605,34,2,201.6
2025-12-02 13:31:46+05:30,1256,170.5,40.0,33.9,54.7,710,23,11,201.9
2025-12-02 13:32:46+05:30,1256,169.3,42.2,33.7,48.9,651,22,4,167.8
2025-12-02 13:33:46+05:30,1256,169.2,37.6,33.4,52.5,645,33,7,167.0
2025-12-02 13:34:46+05:30,1256,167.5,36.7,33.6,47.8,666,24,3,213.8
2025-12-02 13:35:46+05:30,1256,168.2,35.4,33.3,51.4,626,26,7,173.0
2025-12-02 13:36:46+05:30,1256,174.0,39.8,33.4,50.9,624,36,4,187.5
2025-12-02 13:37:46+05:30,1256,172.5,38.0,33.5,54.9,645,20,4,207.6
2025-12-02 13:38:46+05:30,1256,168.8,41.1,33.4,50.0,668,9,3,180.5
2025-12-02 13:39:46+05:30,1256,169.6,39.6,33.3,50.2,610,29,6,219.3
2025-12-02 13:40:46+05:30,1256,167.5,40.4,33.3,55.7,670,35,5,182.5
2025-12-02 13:41:46+05:30,1256,171.0,40.3,33.1,53.3,634,24,2,163.6
2025-12-02 13:42:46+05:30,1256,172.5,39.6,32.6,51.6,643,29,5,185.3
2025-12-02 13:43:46+05:30,1256,169.4,40.0,32.9,50.0,584,49,7,191.9
2025-12-02 13:44:46+05:30,1256,172.6,40.5,33.3,53.0,658,39,9,146.8
2025-12-02 13:45:46+05:30,1256,170.6,36.4,32.9,48.6,654,31,3,213.6
2025-12-02 13:46:46+05:30,1256,170.4,37.9,32.9,52.5,621,35,8,159.5
2025-12-02 13:47:46+05:30,1256,170.4,39.3,33.7,53.6,598,44,3,188.3
2025-12-02 13:48:46+05:30,1256,167.0,41.7,33.0,51.7,674,32,5,201.7
2025-12-02 13:49:46+05:30,1256,169.9,39.6,33.8,52.9,620,33,2,243.4
2025-12-02 13:50:46+05:30,1256,173.7,42.6,32.9,53.0,628,10,0,214.2
2025-12-02 13:51:46+05:30,1256,175.0,42.3,33.4,49.4,725,27,2,149.5
2025-12-02 13:52:46+05:30,1256,169.3,37.1,33.3,51.4,650,3,6,171.7
2025-12-02 13:53:46+05:30,1256,169.2,39.7,33.7,53.6,687,29,5,147.8
2025-12-02 13:54:46+05:30,1256,170.6,38.8,33.1,49.0,622,26,5,191.6
2025-12-02 13:55:46+05:30,1256,168.5,39.8,33.5,51.3,663,10,9,180.5
2025-12-02 13:56:46+05:30,1256,167.7,33.8,33.5,50.0,609,20,0,222.8
2025-12-02 13:57:46+05:30,1256,171.5,43.4,33.1,49.6,636,19,9,186.9
2025-12-02 13:58:46+05:30,1256,169.8,43.7,33.5,53.1,588,40,9,169.2
2025-12-02 13:59:46+05:30,1256,177.7,40.1,33.7,49.1,567,56,5,149.2
2025-12-02 14:00:46+05:30,1256,179.2,39.4,33.6,52.6,665,27,3,171.3
2025-12-02 14:01:46+05:30,1256,170.1,39.2,33.5,52.2,652,24,8,169.6
2025-12-02 14:02:46+05:30,1256,170.5,37.4,33.1,53.2,690,33,7,144.7
2025-12-02 14:03:46+05:30,1256,168.7,41.5,33.5,51.0,625,39,0,150.5
2025-12-02 14:04:46+05:30,1256,172.6,35.9,33.9,50.5,710,37,6,177.2
2025-12-02 14:05:46+05:30,1256,173.5,41.2,33.7,54.7,736,35,1,184.0
2025-12-02 14:06:46+05:30,1256,169.0,36.3,33.4,49.3,606,18,8,204.6
2025-12-02 14:07:46+05:30,1256,169.2,40.0,33.2,48.8,719,19,0,199.2
2025-12-02 14:08:46+05:30,1256,170.7,40.5,33.1,49.4,601,18,3,230.6
2025-12-02 14:09:46+05:30,1256,170.4,37.8,32.8,51.5,707,36,1,187.2
2025-12-02 14:10:46+05:30,1256,166.2,33.8,33.3,51.9,699,31,0,143.4
2025-12-02 14:11:46+05:30,1256,169.0,41.3,33.5,56.6,608,4,4,184.2
2025-12-02 14:12:46+05:30,1256,165.5,36.6,33.3,50.2,573,43,3,177.0
2025-12-02 14:13:46+05:30,1256,167.7,40.0,33.6,53.4,668,36,11,195.9
2025-12-02 14:14:46+05:30,1256,168.3,41.6,33.2,50.5,597,31,9,153.2
2025-12-02 14:15:46+05:30,1256,167.2,35.2,33.1,50.3,535,25,7,201.7
2025-12-02 14:16:46+05:30,1256,167.5,40.9,33.4,50.7,589,42,0,178.8
2025-12-02 14:17:46+05:30,1256,166.9,41.6,33.3,52.7,575,27,5,176.3
2025-12-02 14:18:46+05:30,1256,164.8,38.2,33.1,50.2,689,18,0,171.0
2025-12-02 14:19:46+05:30,1256,174.6,36.1,33.4,51.6,627,38,5,206.3
2025-12-02 14:20:46+05:30,1256,169.3,44.0,33.6,51.7,654,18,0,190.4
2025-12-02 14:21:46+05:30,1256,170.4,39.1,32.9,51.3,664,29,8,170.9
2025-12-02 14:22:46+05:30,1256,163.7,38.4,33.2,51.9,705,15,2,153.1
2025-12-02 14:23:46+05:30,1256,168.3,37.3,33.4,50.8,558,16,3,150.4
2025-12-02 14:24:46+05:30,1256,169.8,44.8,32.9,53.2,685,30,4,193.4
2025-12-02 14:25:46+05:30,1256,168.1,33.3,33.6,50.9,604,33,7,161.3
2025-12-02 14:26:46+05:30,1256,163.3,42.6,32.6,52.8,597,44,4,166.9
2025-12-02 14:27:46+05:30,1256,173.0,44.7,32.9,51.9,645,40,6,174.2
2025-12-02 14:28:46+05:30,1256,170.6,44.7,33.3,51.7,606,35,4,197.2
2025-12-02 14:29:46+05:30,1256,169.7,37.4,33.5,52.9,507,18,4,134.1
2025-12-02 14:30:46+05:30,1256,170.1,36.7,33.4,53.4,632,13,4,168.2
2025-12-02 14:31:46+05:30,1256,169.2,38.9,33.6,53.6,641,28,1,159.5
2025-12-02 14:32:46+05:30,1256,169.0,41.2,33.7,48.6,663,36,7,180.0
2025-12-02 14:33:46+05:30,1256,168.0,34.3,33.5,49.0,645,33,0,188.1
2025-12-02 14:34:46+05:30,1256,173.3,37.5,33.1,49.0,589,35,8,210.1
2025-12-02 14:35:46+05:30,1256,171.1,44.2,33.1,53.7,726,33,0,204.1
2025-12-02 14:36:46+05:30,1256,169.0,39.5,33.5,48.5,560,19,3,202.7
2025-12-02 14:37:46+05:30,1256,167.9,37.2,33.7,54.6,695,15,4,197.9
2025-12-02 14:38:46+05:30,1256,167.4,40.0,33.4,49.7,636,35,7,174.1
2025-12-02 14:39:46+05:30,1256,168.3,44.7,33.6,50.0,668,25,5,168.3
2025-12-02 14:40:46+05:30,1256,168.6,43.7,33.5,51.3,728,3,8,175.4
2025-12-02 14:41:46+05:30,1256,167.3,34.3,33.0,53.1,538,36,0,175.3
2025-12-02 14:42:46+05:30,1256,170.5,41.4,33.7,50.9,631,30,6,200.5
2025-12-02 14:43:46+05:30,1256,166.9,41.5,32.5,50.7,690,34,0,154.8
2025-12-02 14:44:46+05:30,1256,165.9,42.4,33.5,55.7,758,41,7,199.6
2025-12-02 14:45:46+05:30,1256,169.2,38.9,33.6,53.0,637,17,1,187.7
2025-12-02 14:46:46+05:30,1256,167.6,39.8,33.8,50.5,588,21,0,162.8
2025-12-02 14:47:46+05:30,1256,167.2,35.0,33.0,53.9,634,43,2,163.4
2025-12-02 14:48:46+05:30,1256,173.7,47.0,33.9,50.1,745,29,6,179.4
2025-12-02 14:49:46+05:30,1256,169.7,41.2,33.1,53.7,663,20,3,201.1
2025-12-02 14:50:46+05:30,1256,165.8,37.6,33.0,49.5,705,31,2,165.3
2025-12-02 14:51:46+05:30,1256,171.6,41.9,33.5,53.8,697,17,8,165.3
2025-12-02 14:52:46+05:30,1256,170.3,46.9,33.6,51.3,571,36,8,162.6
2025-12-02 14:53:46+05:30,1256,171.2,41.6,33.2,53.7,591,42,5,204.1
2025-12-02 14:54:46+05:30,1256,163.1,34.9,33.1,50.9,682,13,8,198.3
2025-12-02 14:55:46+05:30,1256,176.0,38.1,33.4,50.5,674,22,4,175.6
2025-12-02 14:56:46+05:30,1256,169.0,41.1,33.3,50.1,592,42,9,177.3
2025-12-02 14:57:46+05:30,1256,173.7,39.2,33.5,54.4,651,22,3,169.2
2025-12-02 14:58:46+05:30,1256,168.9,40.1,33.2,49.8,669,20,3,194.0
2025-12-02 14:59:46+05:30,1256,172.2,38.5,33.2,51.4,592,3,7,199.9
2025-12-02 15:00:46+05:30,1256,172.3,35.5,33.5,53.8,594,44,11,195.6
2025-12-02 15:01:46+05:30,1256,163.1,38.2,33.2,51.3,755,40,6,200.7
2025-12-02 15:02:46+05:30,1256,171.9,37.4,32.8,50.4,606,44,6,166.8
2025-12-02 15:03:46+05:30,1256,174.6,39.4,33.8,50.8,635,22,5,158.1
2025-12-02 15:04:46+05:30,1256,171.1,42.7,33.6,54.1,583,45,1,207.3
2025-12-02 15:05:46+05:30,1256,165.9,41.8,33.1,50.6,637,22,5,150.8
2025-12-02 15:06:46+05:30,1256,167.5,37.1,33.6,51.4,666,37,3,166.1
2025-12-02 15:07:46+05:30,1256,165.5,37.7,33.5,50.2,661,20,5,184.8
2025-12-02 15:08:46+05:30,1256,171.0,40.7,32.8,52.9,655,41,4,173.4
2025-12-02 15:09:46+05:30,1256,167.5,38.0,33.7,55.7,707,28,6,201.8
2025-12-02 15:10:46+05:30,1256,171.3,34.8,33.0,55.3,606,28,7,227.9
2025-12-02 15:11:46+05:30,1256,173.4,43.3,33.4,54.5,593,37,7,158.3
2025-12-02 15:12:46+05:30,1256,166.4,39.3,33.2,53.6,609,15,4,161.0
2025-12-02 15:13:46+05:30,1256,167.7,45.2,33.3,51.3,761,40,5,125.3
2025-12-02 15:14:46+05:30,1256,169.3,41.6,33.3,55.6,682,28,5,199.6
2025-12-02 15:15:46+05:30,1256,168.4,38.6,33.1,49.7,615,14,1,189.8
2025-12-02 15:16:46+05:30,1256,178.1,40.7,33.5,52.4,621,30,3,168.8
2025-12-02 15:17:46+05:30,1256,164.8,40.4,33.4,54.0,694,32,6,183.4
2025-12-02 15:18:46+05:30,1256,169.2,36.3,32.7,52.9,694,38,10,189.2
2025-12-02 15:19:46+05:30,1256,168.6,42.5,33.5,55.4,585,20,2,185.2
2025-12-02 15:20:46+05:30,1256,172.2,37.6,33.3,51.8,624,40,7,169.6
2025-12-02 15:21:46+05:30,1256,179.1,36.8,33.3,52.2,652,25,4,141.7
2025-12-02 15:22:46+05:30,1256,168.1,35.5,33.4,51.3,681,37,3,188.8
2025-12-02 15:23:46+05:30,1256,168.8,40.5,32.6,50.1,674,31,3,167.4
2025-12-02 15:24:46+05:30,1256,175.4,38.8,33.8,52.0,660,42,1,166.8
2025-12-02 15:25:46+05:30,1256,168.4,43.3,33.7,51.3,603,33,7,190.8
2025-12-02 15:26:46+05:30,1256,170.3,44.1,32.9,53.7,715,33,7,217.2
2025-12-02 15:27:46+05:30,1256,169.9,40.6,33.4,51.7,620,30,6,195.6
2025-12-02 15:28:46+05:30,1256,168.6,44.0,33.4,51.0,666,27,4,158.5
2025-12-02 15:29:46+05:30,1256,174.3,40.9,33.3,49.5,589,41,5,199.9
2025-12-02 15:30:46+05:30,1256,173.1,39.2,33.7,52.8,744,31,3,194.1
2025-12-02 15:31:46+05:30,1256,165.6,43.4,32.8,55.5,621,37,5,166.2
2025-12-02 15:32:46+05:30,1256,175.7,39.9,33.0,53.0,603,28,9,184.2
2025-12-02 15:33:46+05:30,1256,168.0,39.5,33.0,53.6,613,32,5,212.4
2025-12-02 15:34:46+05:30,1256,168.4,35.7,33.0,50.0,659,30,9,145.9
2025-12-02 15:35:46+05:30,1256,170.1,42.2,33.8,50.3,669,42,0,218.1
2025-12-02 15:36:46+05:30,1256,171.9,39.6,33.3,49.4,557,19,3,167.5
2025-12-02 15:37:46+05:30,1256,164.2,43.7,33.3,51.4,646,34,3,222.4
2025-12-02 15:38:46+05:30,1256,166.7,39.8,33.0,48.5,654,37,2,152.0
2025-12-02 15:39:46+05:30,1256,167.6,38.3,33.0,52.7,649,34,6,212.8
2025-12-02 15:40:46+05:30,1256,174.7,37.2,33.1,50.0,668,28,8,189.6
2025-12-02 15:41:46+05:30,1256,166.8,33.7,33.0,53.2,739,41,4,161.3
2025-12-02 15:42:46+05:30,1256,170.1,43.5,33.8,53.2,662,34,3,156.3
2025-12-02 15:43:46+05:30,1256,168.1,41.2,32.8,52.1,660,24,3,200.3
2025-12-02 15:44:46+05:30,1256,168.7,41.3,33.3,55.4,682,44,6,194.9
2025-12-02 15:45:46+05:30,1256,174.8,39.9,33.3,56.3,583,14,2,169.5
2025-12-02 15:46:46+05:30,1256,167.9,38.6,33.0,51.4,631,40,1,157.8
2025-12-02 15:47:46+05:30,1256,169.6,38.7,33.5,52.0,670,21,0,185.2
2025-12-02 15:48:46+05:30,1256,168.7,36.3,33.3,56.2,657,2,0,171.7
2025-12-02 15:49:46+05:30,1256,165.8,38.3,33.4,51.0,582,48,6,169.2
2025-12-02 15:50:46+05:30,1256,162.1,39.6,33.1,57.8,667,40,7,162.2
2025-12-02 15:51:46+05:30,1256,170.7,39.1,33.2,53.7,636,40,6,133.7
2025-12-02 15:52:46+05:30,1256,169.7,39.5,33.4,53.7,685,40,3,174.8
2025-12-02 15:53:46+05:30,1256,169.0,39.0,33.3,50.1,707,47,0,189.0
2025-12-02 15:54:46+05:30,1256,166.3,44.0,33.3,55.3,670,7,2,188.8
2025-12-02 15:55:46+05:30,1256,166.9,44.4,33.5,55.0,593,30,5,150.4
2025-12-02 15:56:46+05:30,1256,167.2,36.4,33.3,53.1,666,24,1,177.0
2025-12-02 15:57:46+05:30,1256,172.1,41.2,33.4,52.3,694,31,3,189.1
2025-12-02 15:58:46+05:30,1256,165.1,38.6,32.8,51.2,652,34,9,211.8
2025-12-02 15:59:46+05:30,1256,172.7,47.2,33.1,52.5,651,19,4,158.6
2025-12-02 16:00:46+05:30,1256,171.0,39.2,33.4,52.8,696,39,5,172.8
2025-12-02 16:01:46+05:30,1256,164.7,42.1,33.5,51.5,667,24,3,199.7
2025-12-02 16:02:46+05:30,1256,172.9,36.7,33.3,45.8,685,28,0,192.3
2025-12-02 16:03:46+05:30,1256,169.9,36.1,33.2,54.2,625,37,5,212.8
2025-12-02 16:04:46+05:30,1256,167.5,32.5,33.7,51.9,700,23,3,149.0
2025-12-02 16:05:46+05:30,1256,167.6,39.9,33.3,52.4,657,29,1,179.7
2025-12-02 16:06:46+05:30,1256,171.7,37.3,33.3,51.9,713,28,8,182.9
2025-12-02 16:07:46+05:30,1256,170.5,35.0,32.8,47.1,570,31,2,186.0
2025-12-02 16:08:46+05:30,1256,173.8,36.0,33.3,54.2,669,14,6,157.9
2025-12-02 16:09:46+05:30,1256,171.2,40.8,33.1,54.0,577,25,0,171.0
2025-12-02 16:10:46+05:30,1256,171.4,41.8,33.0,55.2,651,52,10,160.3
2025-12-02 16:11:46+05:30,1256,167.2,35.5,33.1,51.7,697,24,3,159.3
2025-12-02 16:12:46+05:30,1256,169.6,39.2,33.1,49.8,714,32,1,149.6
2025-12-02 16:13:46+05:30,1256,180.0,39.0,33.6,48.3,738,36,5,157.5
2025-12-02 16:14:46+05:30,1256,170.3,37.9,33.4,52.0,564,4,7,184.6
2025-12-02 16:15:46+05:30,1256,164.6,45.3,33.1,54.9,612,30,8,212.1
2025-12-02 16:16:46+05:30,1256,171.1,41.3,33.2,53.6,711,34,9,197.5
2025-12-02 16:17:46+05:30,1256,169.5,34.5,33.6,49.4,670,25,3,180.2
2025-12-02 16:18:46+05:30,1256,162.7,40.8,33.6,51.7,661,31,5,185.6
2025-12-02 16:19:46+05:30,1256,172.2,39.8,33.5,49.0,679,35,7,208.4
2025-12-02 16:20:46+05:30,1256,175.9,42.6,33.3,50.4,609,41,4,164.4
2025-12-02 16:21:46+05:30,1256,173.4,39.2,32.9,50.8,635,24,7,167.2
2025-12-02 16:22:46+05:30,1256,170.9,40.3,33.2,49.6,634,20,5,205.6
2025-12-02 16:23:46+05:30,1256,167.7,41.0,33.3,51.7,723,22,6,161.0
2025-12-02 16:24:46+05:30,1256,169.4,38.8,33.3,52.3,640,33,6,180.1
2025-12-02 16:25:46+05:30,1256,169.6,39.0,33.3,51.5,598,21,5,176.0
2025-12-02 16:26:46+05:30,1256,171.0,40.1,33.3,52.5,647,19,5,195.2
2025-12-02 16:27:46+05:30,1256,168.5,41.1,33.5,53.4,742,19,3,177.3
2025-12-02 16:28:46+05:30,1256,170.9,43.5,33.8,52.5,607,20,9,164.4
2025-12-02 16:29:46+05:30,1256,163.8,40.8,33.7,51.8,611,41,8,191.9
2025-12-02 16:30:46+05:30,1256,168.1,43.1,33.2,53.4,574,39,0,190.5
2025-12-02 16:31:46+05:30,1256,170.6,40.1,33.6,52.7,681,29,8,198.6
2025-12-02 16:32:46+05:30,1256,171.6,37.0,33.5,55.8,705,38,5,178.2
2025-12-02 16:33:46+05:30,1256,171.2,43.4,33.7,49.6,668,21,8,175.7
2025-12-02 16:34:46+05:30,1256,169.4,40.4,33.5,50.1,583,21,6,203.2
2025-12-02 16:35:46+05:30,1256,172.2,40.4,33.3,53.3,620,19,4,173.9
2025-12-02 16:36:46+05:30,1256,174.0,43.6,33.7,52.8,716,24,6,156.4
2025-12-02 16:37:46+05:30,1256,169.6,45.4,33.2,54.0,568,33,3,175.3
2025-12-02 16:38:46+05:30,1256,167.3,37.1,32.7,50.5,619,22,6,190.1
2025-12-02 16:39:46+05:30,1256,165.4,43.0,33.3,48.9,628,20,5,163.4
2025-12-02 16:40:46+05:30,1256,175.2,40.0,33.5,50.0,641,30,4,202.6
2025-12-02 16:41:46+05:30,1256,164.3,42.4,33.1,51.6,677,37,2,176.8
2025-12-02 16:42:46+05:30,1256,169.1,43.3,33.5,54.4,615,33,0,156.2
2025-12-02 16:43:46+05:30,1256,171.5,39.9,33.1,53.0,677,25,8,175.4
2025-12-02 16:44:46+05:30,1256,173.8,37.2,33.3,51.9,586,42,0,196.6
2025-12-02 16:45:46+05:30,1256,167.2,35.6,33.6,53.0,679,24,3,188.0
2025-12-02 16:46:46+05:30,1256,171.4,36.2,33.0,49.1,658,19,3,181.5
2025-12-02 16:47:46+05:30,1256,175.4,44.8,33.6,50.3,645,25,2,185.2
2025-12-02 16:48:46+05:30,1256,165.2,37.5,33.2,51.6,609,14,6,133.7
2025-12-02 16:49:46+05:30,1256,168.6,38.4,33.0,53.8,636,36,3,186.7
2025-12-02 16:50:46+05:30,1256,168.6,43.6,33.8,48.3,746,22,6,173.2
2025-12-02 16:51:46+05:30,1256,166.0,35.1,33.7,50.0,652,40,10,163.5
2025-12-02 16:52:46+05:30,1256,168.7,44.6,33.4,50.4,683,33,0,179.9
2025-12-02 16:53:46+05:30,1256,168.3,44.7,33.1,49.4,720,32,2,213.5
2025-12-02 16:54:46+05:30,1256,164.2,43.0,33.4,48.5,667,10,8,204.0
2025-12-02 16:55:46+05:30,1256,166.9,38.7,33.1,51.2,570,16,0,224.5
2025-12-02 16:56:46+05:30,1256,171.1,41.8,33.4,51.3,646,33,9,219.8
2025-12-02 16:57:46+05:30,1256,165.8,37.8,33.4,51.2,638,26,9,187.0
2025-12-02 16:58:46+05:30,1256,167.4,42.4,33.6,50.0,682,21,7,190.9
2025-12-02 16:59:46+05:30,1256,173.4,37.5,33.2,48.8,656,47,1,190.3
2025-12-02 17:00:46+05:30,1256,166.7,36.9,33.2,49.9,576,17,6,169.3
2025-12-02 17:01:46+05:30,1256,166.1,43.5,33.9,49.6,687,25,6,172.3
2025-12-02 17:02:46+05:30,1256,171.5,43.3,33.8,54.4,680,47,5,174.4
2025-12-02 17:03:46+05:30,1256,169.2,40.9,33.0,54.0,518,33,9,207.8
2025-12-02 17:04:46+05:30,1256,167.4,39.7,33.3,53.3,657,16,7,146.9
2025-12-02 17:05:46+05:30,1256,172.2,40.3,33.6,51.1,608,29,8,186.2
2025-12-02 17:06:46+05:30,1256,169.4,40.1,33.5,51.6,670,36,8,117.9
2025-12-02 17:07:46+05:30,1256,172.3,36.0,33.9,53.7,610,24,2,125.0
2025-12-02 17:08:46+05:30,1256,170.7,37.5,33.4,51.4,640,24,3,197.5
2025-12-02 17:09:46+05:30,1256,173.5,36.1,33.3,52.0,620,25,3,176.3
2025-12-02 17:10:46+05:30,1256,171.2,36.0,33.1,52.0,686,30,5,216.1
2025-12-02 17:11:46+05:30,1256,166.9,40.4,33.6,49.7,670,12,10,176.2
2025-12-02 17:12:46+05:30,1256,169.5,33.0,33.4,51.3,680,19,1,179.9
2025-12-02 17:13:46+05:30,1256,171.5,42.0,33.7,47.3,671,24,5,193.4
2025-12-02 17:14:46+05:30,1256,172.3,44.5,33.0,49.5,689,43,5,161.2
2025-12-02 17:15:46+05:30,1256,169.4,38.4,33.8,52.2,639,33,2,198.1
2025-12-02 17:16:46+05:30,1256,165.3,37.2,33.5,53.4,640,40,9,221.4
2025-12-02 17:17:46+05:30,1256,174.4,36.6,33.5,52.9,618,31,1,190.3
2025-12-02 17:18:46+05:30,1256,167.0,39.4,33.2,51.9,739,19,1,162.4
2025-12-02 17:19:46+05:30,1256,171.7,42.6,33.4,52.1,643,20,0,184.5
2025-12-02 17:20:46+05:30,1256,171.1,44.1,33.8,53.0,691,36,5,180.6
2025-12-02 17:21:46+05:30,1256,167.6,36.8,33.2,52.1,591,12,4,142.0
2025-12-02 17:22:46+05:30,1256,170.4,37.6,33.3,49.2,669,22,6,202.4
2025-12-02 17:23:46+05:30,1256,173.3,44.0,32.7,53.5,644,14,6,179.6
2025-12-02 17:24:46+05:30,1256,174.7,41.0,33.1,51.8,706,25,8,186.6
2025-12-02 17:25:46+05:30,1256,166.6,38.5,33.3,52.6,619,41,5,186.1
2025-12-02 17:26:46+05:30,1256,169.3,42.5,33.6,54.2,672,42,5,140.1
2025-12-02 17:27:46+05:30,1256,163.8,37.2,33.6,49.5,566,45,3,170.5
2025-12-02 17:28:46+05:30,1256,168.2,41.4,33.6,52.3,667,36,0,161.4
2025-12-02 17:29:46+05:30,1256,171.6,39.9,32.7,53.2,658,46,5,217.1
2025-12-02 17:30:46+05:30,1256,164.0,41.0,33.7,50.8,722,21,5,176.8
2025-12-02 17:31:46+05:30,1256,167.2,38.4,33.6,51.0,659,28,7,158.2
2025-12-02 17:32:46+05:30,1256,173.5,38.1,33.5,53.4,631,25,0,149.5
2025-12-02 17:33:46+05:30,1256,167.1,40.3,33.3,51.0,594,36,2,177.6
2025-12-02 17:34:46+05:30,1256,170.3,34.5,32.9,51.8,631,50,2,175.4
2025-12-02 17:35:46+05:30,1256,171.9,37.1,33.6,51.6,595,34,9,173.8
2025-12-02 17:36:46+05:30,1256,171.8,38.6,32.9,54.3,643,37,1,166.8
2025-12-02 17:37:46+05:30,1256,170.0,38.5,33.2,50.5,664,34,9,186.0
2025-12-02 17:38:46+05:30,1256,169.7,37.8,33.2,52.5,693,35,5,169.5
2025-12-02 17:39:46+05:30,1256,173.6,35.4,33.6,55.2,660,26,6,170.3
2025-12-02 17:40:46+05:30,1256,170.1,37.6,33.4,46.8,640,34,4,179.9
2025-12-02 17:41:46+05:30,1256,172.0,44.6,32.9,52.2,694,20,1,182.6
2025-12-02 17:42:46+05:30,1256,168.0,39.3,33.0,51.2,685,35,1,164.7
2025-12-02 17:43:46+05:30,1256,172.8,36.5,33.8,49.7,646,34,1,179.5
2025-12-02 17:44:46+05:30,1256,169.2,47.8,33.2,53.3,611,31,1,173.7
2025-12-02 17:45:46+05:30,1256,173.3,42.6,33.9,49.5,649,19,10,197.9
2025-12-02 17:46:46+05:30,1256,167.0,43.5,33.4,50.5,665,26,1,168.0
2025-12-02 17:47:46+05:30,1256,169.6,34.9,33.4,53.6,567,23,5,195.1
2025-12-02 17:48:46+05:30,1256,174.9,41.5,33.2,51.0,638,22,5,143.8
2025-12-02 17:49:46+05:30,1256,173.0,43.5,33.9,50.3,651,13,0,206.3
2025-12-02 17:50:46+05:30,1256,172.5,39.4,32.6,51.8,718,36,0,202.6
2025-12-02 17:51:46+05:30,1256,168.8,39.9,33.5,49.2,663,33,7,157.8
2025-12-02 17:52:46+05:30,1256,168.6,39.3,33.2,49.4,701,27,1,211.8
2025-12-02 17:53:46+05:30,1256,169.0,40.5,33.7,50.5,680,39,3,209.4
2025-12-02 17:54:46+05:30,1256,172.3,40.7,33.1,53.0,664,30,8,151.6
2025-12-02 17:55:46+05:30,1256,171.7,45.0,33.6,50.3,672,40,0,185.7
2025-12-02 17:56:46+05:30,1256,173.2,34.6,33.8,51.7,609,22,6,172.4
2025-12-02 17:57:46+05:30,1256,173.3,36.1,33.5,48.9,635,34,3,181.7
2025-12-02 17:58:46+05:30,1256,168.7,39.9,32.9,52.7,631,30,4,218.7
2025-12-02 17:59:46+05:30,1256,169.6,43.6,33.5,52.6,614,27,1,195.2
2025-12-02 18:00:46+05:30,1256,166.1,38.0,33.0,51.9,642,36,4,180.6
2025-12-02 18:01:46+05:30,1256,161.9,42.3,33.5,53.3,631,17,4,144.5
2025-12-02 18:02:46+05:30,1256,169.8,36.4,33.3,50.8,632,17,1,209.3
2025-12-02 18:03:46+05:30,1256,173.3,35.4,33.1,53.4,601,42,0,158.7
2025-12-02 18:04:46+05:30,1256,169.7,43.4,33.1,53.3,652,43,5,198.4
2025-12-02 18:05:46+05:30,1256,171.7,40.6,33.9,53.9,669,47,10,199.9
2025-12-02 18:06:46+05:30,1256,168.5,46.2,33.4,54.1,657,37,6,174.7
2025-12-02 18:07:46+05:30,1256,170.8,43.4,33.2,53.1,661,28,8,189.0
2025-12-02 18:08:46+05:30,1256,166.7,38.9,33.1,51.7,615,24,5,197.8
2025-12-02 18:09:46+05:30,1256,173.5,40.5,33.2,50.4,689,42,0,174.6
2025-12-02 18:10:46+05:30,1256,171.2,42.1,33.1,54.4,607,29,3,150.8
2025-12-02 18:11:46+05:30,1256,167.9,39.3,33.0,54.3,677,39,1,174.2
2025-12-02 18:12:46+05:30,1256,167.1,37.9,33.4,55.0,626,6,2,179.5
2025-12-02 18:13:46+05:30,1256,172.0,35.1,33.1,51.4,546,11,4,199.4
2025-12-02 18:14:46+05:30,1256,172.4,36.6,33.2,53.9,682,20,6,166.7
2025-12-02 18:15:46+05:30,1256,165.0,42.0,33.3,50.4,705,26,7,181.5
2025-12-02 18:16:46+05:30,1256,170.9,39.0,33.6,52.1,616,33,2,197.0
2025-12-02 18:17:46+05:30,1256,169.1,41.5,33.4,55.1,688,31,6,183.3
2025-12-02 18:18:46+05:30,1256,173.3,42.2,33.2,49.6,639,9,3,188.4
2025-12-02 18:19:46+05:30,1256,169.3,41.5,33.4,53.3,573,22,4,195.1
2025-12-02 18:20:46+05:30,1256,171.9,40.3,33.0,48.3,654,24,6,138.8
2025-12-02 18:21:46+05:30,1256,171.7,36.3,33.3,50.9,683,48,3,205.0
2025-12-02 18:22:46+05:30,1256,169.9,35.9,33.3,53.8,745,36,4,159.5
2025-12-02 18:23:46+05:30,1256,165.7,38.1,33.5,49.2,654,12,3,192.6
2025-12-02 18:24:46+05:30,1256,169.4,39.9,33.5,54.9,704,40,3,155.9
2025-12-02 18:25:46+05:30,1256,171.3,43.8,33.4,51.4,695,31,6,208.4
2025-12-02 18:26:46+05:30,1256,172.3,44.3,33.6,54.8,579,40,0,178.1
2025-12-02 18:27:46+05:30,1256,171.8,34.2,32.9,54.6,639,14,4,180.7
2025-12-02 18:28:46+05:30,1256,169.6,39.5,33.1,51.6,649,19,6,165.6
2025-12-02 18:29:46+05:30,1256,173.3,39.7,33.6,51.7,583,14,8,184.6
2025-12-02 18:30:46+05:30,1256,167.8,35.4,33.5,48.8,626,26,7,175.4
2025-12-02 18:31:46+05:30,1256,169.0,38.7,33.1,52.5,629,15,11,206.4
2025-12-02 18:32:46+05:30,1256,172.0,43.8,33.8,48.7,619,31,4,192.6
2025-12-02 18:33:46+05:30,1256,170.7,39.6,33.6,52.6,698,27,5,208.2
2025-12-02 18:34:46+05:30,1256,170.1,37.6,33.1,55.0,778,24,7,165.2
2025-12-02 18:35:46+05:30,1256,164.6,44.8,33.2,52.1,672,34,3,166.3
2025-12-02 18:36:46+05:30,1256,169.4,40.8,33.4,51.5,604,27,6,181.0
2025-12-02 18:37:46+05:30,1256,166.3,36.7,33.3,55.1,587,46,9,184.8
2025-12-02 18:38:46+05:30,1256,171.6,35.3,33.3,49.2,649,36,9,152.1
2025-12-02 18:39:46+05:30,1256,173.9,44.0,33.1,49.9,692,24,7,185.0
2025-12-02 18:40:46+05:30,1256,169.9,42.0,33.4,50.8,735,43,8,159.3
2025-12-02 18:41:46+05:30,1256,169.4,41.9,33.3,48.9,602,31,8,211.9
2025-12-02 18:42:46+05:30,1256,167.1,35.6,33.4,54.5,649,14,6,159.2
2025-12-02 18:43:46+05:30,1256,164.8,43.6,33.2,50.3,618,30,0,155.3
2025-12-02 18:44:46+05:30,1256,168.4,40.5,33.5,50.3,622,32,10,182.9
2025-12-02 18:45:46+05:30,1256,175.3,44.3,33.2,53.8,644,24,11,171.0
2025-12-02 18:46:46+05:30,1256,172.3,39.9,33.5,52.7,688,34,2,162.1
2025-12-02 18:47:46+05:30,1256,171.9,39.3,33.3,53.2,707,26,7,191.0
2025-12-02 18:48:46+05:30,1256,169.1,39.8,33.1,50.7,688,42,8,197.7
2025-12-02 18:49:46+05:30,1256,173.3,35.4,33.4,52.2,646,30,7,218.4
2025-12-02 18:50:46+05:30,1256,173.7,43.3,33.7,51.2,745,11,1,166.2
2025-12-02 18:51:46+05:30,1256,168.4,38.5,33.2,51.8,629,53,7,156.1
2025-12-02 18:52:46+05:30,1256,166.1,39.6,33.1,53.2,605,20,3,189.1
2025-12-02 18:53:46+05:30,1256,168.4,43.3,32.4,52.1,626,29,6,192.8
2025-12-02 18:54:46+05:30,1256,168.6,44.5,33.3,47.1,636,20,5,208.6
2025-12-02 18:55:46+05:30,1256,172.0,41.2,32.8,52.5,630,27,4,155.3
2025-12-02 18:56:46+05:30,1256,172.9,38.2,33.2,59.2,540,31,5,166.9
2025-12-02 18:57:46+05:30,1256,169.9,32.3,33.9,46.8,623,29,9,165.2
2025-12-02 18:58:46+05:30,1256,173.9,41.5,33.8,52.2,582,19,7,174.0
2025-12-02 18:59:46+05:30,1256,167.2,35.9,33.8,48.2,705,29,3,187.3
2025-12-02 19:00:46+05:30,1256,171.5,40.0,33.2,54.0,640,36,6,153.8
2025-12-02 19:01:46+05:30,1256,164.2,43.7,33.7,51.8,666,29,0,213.6
2025-12-02 19:02:46+05:30,1256,173.5,38.7,33.5,50.8,568,17,1,137.8
2025-12-02 19:03:46+05:30,1256,173.1,40.6,32.9,55.7,648,31,2,179.2
2025-12-02 19:04:46+05:30,1256,168.0,37.6,33.1,53.4,611,52,9,187.9
2025-12-02 19:05:46+05:30,1256,173.4,40.7,33.0,48.2,709,23,3,167.9
2025-12-02 19:06:46+05:30,1256,170.0,47.2,32.8,52.9,582,13,3,161.5
2025-12-02 19:07:46+05:30,1256,169.9,38.7,33.8,48.6,620,31,7,140.6
2025-12-02 19:08:46+05:30,1256,167.6,40.1,33.3,53.8,690,25,9,156.8
2025-12-02 19:09:46+05:30,1256,165.8,40.7,33.2,53.4,633,49,4,174.4
2025-12-02 19:10:46+05:30,1256,167.6,38.0,33.2,53.8,676,34,6,176.1
2025-12-02 19:11:46+05:30,1256,169.1,33.4,33.3,54.2,659,31,5,188.8
2025-12-02 19:12:46+05:30,1256,171.5,39.8,33.1,53.8,619,32,2,168.9
2025-12-02 19:13:46+05:30,1256,171.6,38.2,33.3,51.0,662,24,0,134.5
2025-12-02 19:14:46+05:30,1256,171.5,43.7,33.3,52.5,643,27,3,226.8
2025-12-02 19:15:46+05:30,1256,173.9,43.8,33.2,47.9,664,25,7,166.2
2025-12-02 19:16:46+05:30,1256,167.0,38.3,33.6,48.6,653,24,3,187.5
2025-12-02 19:17:46+05:30,1256,167.6,41.0,33.4,51.5,543,31,6,191.9
2025-12-02 19:18:46+05:30,1256,171.5,35.9,33.2,52.3,614,24,4,177.0
2025-12-02 19:19:46+05:30,1256,162.9,40.8,34.0,52.2,671,41,0,173.3
2025-12-02 19:20:46+05:30,1256,168.5,38.9,33.2,48.8,624,25,7,164.4
2025-12-02 19:21:46+05:30,1256,173.7,46.0,33.1,52.8,668,42,5,151.9
2025-12-02 19:22:46+05:30,1256,164.8,37.6,33.2,54.0,697,34,7,175.8
2025-12-02 19:23:46+05:30,1256,173.3,41.2,33.0,51.6,682,33,4,158.5
2025-12-02 19:24:46+05:30,1256,165.1,42.9,33.3,52.4,661,35,6,192.3
2025-12-02 19:25:46+05:30,1256,166.7,41.5,33.0,52.4,587,40,6,181.6
2025-12-02 19:26:46+05:30,1256,169.5,42.4,33.1,49.8,655,31,0,212.6
2025-12-02 19:27:46+05:30,1256,170.9,36.2,33.3,53.5,666,30,6,160.4
2025-12-02 19:28:46+05:30,1256,168.2,38.8,33.4,48.5,583,13,5,215.1
2025-12-02 19:29:46+05:30,1256,165.4,40.9,32.9,50.4,658,37,4,204.7
2025-12-02 19:30:46+05:30,1256,172.9,39.4,32.9,50.5,648,20,2,168.4
2025-12-02 19:31:46+05:30,1256,171.2,35.3,33.4,57.0,631,14,5,179.7
2025-12-02 19:32:46+05:30,1256,164.2,38.8,33.5,54.0,658,30,2,158.7
2025-12-02 19:33:46+05:30,1256,172.6,40.9,33.0,54.5,595,18,5,174.1
2025-12-02 19:34:46+05:30,1256,168.9,41.0,33.5,53.8,718,26,1,196.7
2025-12-02 19:35:46+05:30,1256,168.7,41.7,32.9,51.3,653,32,7,160.7
2025-12-02 19:36:46+05:30,1256,168.1,40.2,33.1,52.0,603,33,4,187.3
2025-12-02 19:37:46+05:30,1256,168.9,37.2,33.8,51.5,681,40,6,195.6
2025-12-02 19:38:46+05:30,1256,170.5,41.9,33.4,51.5,645,43,3,192.3
2025-12-02 19:39:46+05:30,1256,166.9,39.1,33.0,49.2,618,30,7,199.1
2025-12-02 19:40:46+05:30,1256,170.0,39.0,33.3,53.5,703,30,0,139.2
2025-12-02 19:41:46+05:30,1256,174.7,34.8,32.9,52.8,691,45,4,162.9
2025-12-02 19:42:46+05:30,1256,170.3,44.4,33.9,52.9,630,36,4,157.7
2025-12-02 19:43:46+05:30,1256,163.8,36.9,33.2,53.8,637,15,4,156.6
2025-12-02 19:44:46+05:30,1256,169.9,44.8,33.1,48.8,512,30,6,171.2
2025-12-02 19:45:46+05:30,1256,173.7,36.2,32.9,55.9,634,26,2,136.1
2025-12-02 19:46:46+05:30,1256,169.3,36.9,33.0,50.7,700,18,6,177.7
2025-12-02 19:47:46+05:30,1256,170.5,42.2,33.0,50.1,631,16,3,151.5
2025-12-02 19:48:46+05:30,1256,165.1,39.6,33.5,50.3,673,15,2,176.7
2025-12-02 19:49:46+05:30,1256,167.2,43.1,33.4,53.0,620,45,7,217.2
2025-12-02 19:50:46+05:30,1256,170.2,44.0,32.7,54.0,681,27,6,187.5
2025-12-02 19:51:46+05:30,1256,169.6,38.3,33.4,52.4,580,27,5,157.3
2025-12-02 19:52:46+05:30,1256,171.6,35.8,33.2,54.0,646,43,6,154.1
2025-12-02 19:53:46+05:30,1256,171.6,41.6,33.2,54.0,683,30,6,156.6
2025-12-02 19:54:46+05:30,1256,167.5,40.7,33.3,48.5,648,35,11,173.3
2025-12-02 19:55:46+05:30,1256,162.9,41.1,33.4,52.7,654,16,1,159.1
2025-12-02 19:56:46+05:30,1256,169.6,42.5,33.1,53.6,723,18,3,184.1
2025-12-02 19:57:46+05:30,1256,170.6,41.0,33.4,53.0,671,38,3,167.7
2025-12-02 19:58:46+05:30,1256,170.0,44.2,33.1,51.9,600,11,4,156.8
2025-12-02 19:59:46+05:30,1256,171.0,41.8,33.5,52.3,713,44,3,151.1
2025-12-02 20:00:46+05:30,1256,169.6,38.0,33.5,51.3,617,27,4,186.8
2025-12-02 20:01:46+05:30,1256,178.6,38.0,33.3,55.0,698,26,0,198.6
2025-12-02 20:02:46+05:30,1256,167.7,40.1,32.7,54.2,655,27,9,181.9
2025-12-02 20:03:46+05:30,1256,175.1,37.6,33.3,50.6,619,14,7,185.8
2025-12-02 20:04:46+05:30,1256,175.1,46.8,33.1,54.8,663,37,4,201.2
2025-12-02 20:05:46+05:30,1256,168.7,37.5,33.0,51.5,671,28,0,186.2
2025-12-02 20:06:46+05:30,1256,165.2,37.0,33.0,53.0,622,32,6,181.6
2025-12-02 20:07:46+05:30,1256,164.9,36.4,33.3,53.8,646,38,8,204.4
2025-12-02 20:08:46+05:30,1256,171.7,38.0,32.9,52.9,542,19,4,181.8
2025-12-02 20:09:46+05:30,1256,171.7,37.0,33.2,52.1,688,22,3,167.7
2025-12-02 20:10:46+05:30,1256,170.3,42.5,33.4,55.7,626,25,2,187.6
2025-12-02 20:11:46+05:30,1256,173.3,40.0,33.1,47.3,663,19,9,218.8
2025-12-02 20:12:46+05:30,1256,167.7,37.2,33.2,51.5,618,23,4,170.4
2025-12-02 20:13:46+05:30,1256,167.9,42.8,33.4,50.4,578,29,0,186.9
2025-12-02 20:14:46+05:30,1256,175.1,39.9,33.7,48.1,595,38,0,189.2
2025-12-02 20:15:46+05:30,1256,170.9,35.2,33.9,51.8,633,47,8,185.0
2025-12-02 20:16:46+05:30,1256,174.7,42.3,33.4,50.4,731,49,4,154.9
2025-12-02 20:17:46+05:30,1256,171.5,41.0,34.0,50.3,662,25,5,200.1
2025-12-02 20:18:46+05:30,1256,165.6,36.2,33.3,54.5,585,40,2,193.1
2025-12-02 20:19:46+05:30,1256,168.1,34.8,33.4,53.1,681,27,8,177.1
2025-12-02 20:20:46+05:30,1256,170.6,37.8,33.0,57.2,662,30,9,186.8
2025-12-02 20:21:46+05:30,1256,169.5,34.9,33.3,52.8,613,50,3,200.2
2025-12-02 20:22:46+05:30,1256,171.4,35.4,32.9,52.2,657,25,9,180.8
2025-12-02 20:23:46+05:30,1256,169.3,39.1,33.4,54.0,676,31,2,190.5
2025-12-02 20:24:46+05:30,1256,166.6,40.1,33.7,51.3,683,15,5,182.3
2025-12-02 20:25:46+05:30,1256,165.5,34.9,33.0,48.9,667,24,1,171.3
2025-12-02 20:26:46+05:30,1256,172.4,45.7,33.1,49.9,541,21,5,183.5
2025-12-02 20:27:46+05:30,1256,170.3,33.6,33.4,49.5,660,26,0,181.1
2025-12-02 20:28:46+05:30,1256,169.7,39.6,32.9,53.7,636,29,1,182.1
2025-12-02 20:29:46+05:30,1256,168.4,40.6,33.1,54.3,596,50,4,199.4
2025-12-02 20:30:46+05:30,1256,170.3,41.0,33.0,52.2,670,6,4,158.5
2025-12-02 20:31:46+05:30,1256,166.5,36.9,33.3,53.9,624,27,3,201.9
2025-12-02 20:32:46+05:30,1256,169.6,38.2,33.1,55.1,585,46,9,180.1
2025-12-02 20:33:46+05:30,1256,166.7,44.5,33.4,53.4,692,12,8,158.5
2025-12-02 20:34:46+05:30,1256,170.1,39.5,33.2,52.7,600,31,0,168.2
2025-12-02 20:35:46+05:30,1256,169.4,35.3,33.5,50.1,712,43,8,198.5
2025-12-02 20:36:46+05:30,1256,169.7,39.2,33.2,54.0,711,43,10,173.8
2025-12-02 20:37:46+05:30,1256,170.4,40.9,33.5,54.7,618,35,6,174.9
2025-12-02 20:38:46+05:30,1256,169.6,33.4,33.3,52.5,590,30,9,174.9
2025-12-02 20:39:46+05:30,1256,170.8,38.0,33.3,48.2,653,7,1,149.2
2025-12-02 20:40:46+05:30,1256,173.0,41.6,33.8,50.5,699,24,1,174.8
2025-12-02 20:41:46+05:30,1256,168.5,37.2,33.3,51.9,635,28,4,198.3
2025-12-02 20:42:46+05:30,1256,170.4,37.5,33.4,50.7,683,51,6,161.2
2025-12-02 20:43:46+05:30,1256,177.9,33.3,33.3,55.2,647,43,6,184.0
2025-12-02 20:44:46+05:30,1256,173.2,39.0,33.1,53.4,669,29,3,206.9
2025-12-02 20:45:46+05:30,1256,174.1,33.7,33.5,51.9,701,34,1,183.1
2025-12-02 20:46:46+05:30,1256,165.5,44.7,33.4,50.3,584,32,8,174.1
2025-12-02 20:47:46+05:30,1256,173.6,40.7,33.0,49.4,603,11,6,170.7
2025-12-02 20:48:46+05:30,1256,173.6,40.6,33.3,48.3,584,42,3,208.8
2025-12-02 20:49:46+05:30,1256,172.7,38.2,33.5,53.0,709,26,2,152.5
2025-12-02 20:50:46+05:30,1256,171.2,40.1,33.3,53.8,664,52,3,199.3
2025-12-02 20:51:46+05:30,1256,173.4,40.8,34.1,52.3,631,33,9,176.8
2025-12-02 20:52:46+05:30,1256,165.7,39.7,33.4,54.6,672,25,9,190.7
2025-12-02 20:53:46+05:30,1256,168.2,40.3,33.6,49.6,733,34,2,153.0
2025-12-02 20:54:46+05:30,1256,169.9,34.8,33.6,49.3,611,33,4,196.3
2025-12-02 20:55:46+05:30,1256,164.4,39.0,33.2,51.4,726,28,3,165.2
2025-12-02 20:56:46+05:30,1256,175.8,38.9,33.0,48.6,648,20,4,202.9
2025-12-02 20:57:46+05:30,1256,168.0,38.2,33.7,51.7,679,11,2,154.4
2025-12-02 20:58:46+05:30,1256,173.1,39.2,33.2,52.9,723,35,4,164.6
2025-12-02 20:59:46+05:30,1256,169.3,39.9,32.7,51.4,617,28,3,149.0
2025-12-02 21:00:46+05:30,1256,171.4,39.2,33.3,51.4,594,34,2,183.0
2025-12-02 21:01:46+05:30,1256,171.1,36.3,33.2,54.7,645,38,8,156.8
2025-12-02 21:02:46+05:30,1256,172.5,36.0,33.7,50.1,684,14,1,181.1
2025-12-02 21:03:46+05:30,1256,166.6,38.6,32.4,50.0,654,25,9,160.7
2025-12-02 21:04:46+05:30,1256,170.3,41.2,33.0,51.2,703,26,4,167.6
2025-12-02 21:05:46+05:30,1256,178.2,40.8,33.4,51.5,656,17,2,168.6
2025-12-02 21:06:46+05:30,1256,170.7,39.5,33.4,52.6,720,9,4,172.5
2025-12-02 21:07:46+05:30,1256,173.2,43.0,33.6,51.2,660,30,8,160.4
2025-12-02 21:08:46+05:30,1256,169.3,37.8,33.5,54.8,672,33,2,151.6
2025-12-02 21:09:46+05:30,1256,169.0,39.6,33.2,53.0,680,38,4,191.3
2025-12-02 21:10:46+05:30,1256,167.8,39.1,33.3,49.5,672,27,2,190.0
2025-12-02 21:11:46+05:30,1256,170.8,35.1,33.4,54.1,664,42,4,165.1
2025-12-02 21:12:46+05:30,1256,167.9,37.9,33.2,51.1,688,36,5,191.0
2025-12-02 21:13:46+05:30,1256,166.8,39.8,32.8,51.8,612,0,12,185.8
2025-12-02 21:14:46+05:30,1256,172.3,43.9,33.1,53.3,670,41,1,192.1
2025-12-02 21:15:46+05:30,1256,165.9,35.3,33.1,50.5,591,12,5,162.1
2025-12-02 21:16:46+05:30,1256,172.4,38.6,33.5,54.9,693,41,6,185.2
2025-12-02 21:17:46+05:30,1256,167.2,34.5,33.3,52.3,697,52,2,163.8
2025-12-02 21:18:46+05:30,1256,169.4,40.9,33.3,50.5,677,30,6,195.6
2025-12-02 21:19:46+05:30,1256,165.3,42.3,32.8,51.1,715,28,5,192.2
2025-12-02 21:20:46+05:30,1256,164.3,41.2,33.7,53.7,646,28,9,167.6
2025-12-02 21:21:46+05:30,1256,165.1,36.2,33.1,49.5,701,28,7,202.0
2025-12-02 21:22:46+05:30,1256,168.8,44.5,33.3,49.4,610,27,1,156.1
2025-12-02 21:23:46+05:30,1256,167.0,41.9,32.7,52.5,643,35,5,204.1
2025-12-02 21:24:46+05:30,1256,170.9,47.3,33.9,50.8,649,49,6,163.9
2025-12-02 21:25:46+05:30,1256,174.8,42.0,33.8,52.2,678,40,3,186.3
2025-12-02 21:26:46+05:30,1256,173.0,36.6,32.9,53.0,675,15,9,176.5
2025-12-02 21:27:46+05:30,1256,166.4,42.0,33.0,52.5,723,27,7,166.2
2025-12-02 21:28:46+05:30,1256,170.5,42.7,33.4,54.1,693,30,1,182.0
2025-12-02 21:29:46+05:30,1256,173.5,35.1,33.1,50.5,584,39,11,176.8
2025-12-02 21:30:46+05:30,1256,166.3,45.6,33.9,52.5,663,25,9,182.7
2025-12-02 21:31:46+05:30,1256,166.9,40.3,33.8,54.4,628,41,4,208.3
2025-12-02 21:32:46+05:30,1256,165.3,42.5,33.4,52.0,546,45,13,210.0
2025-12-02 21:33:46+05:30,1256,169.2,44.0,33.7,53.8,600,36,10,200.3
2025-12-02 21:34:46+05:30,1256,169.8,38.0,33.4,51.4,695,23,6,157.1
2025-12-02 21:35:46+05:30,1256,163.3,42.5,33.4,52.5,634,41,11,185.3
2025-12-02 21:36:46+05:30,1256,173.2,40.0,33.2,52.9,573,28,7,205.2
2025-12-02 21:37:46+05:30,1256,172.2,41.6,33.0,51.2,763,35,7,196.5
2025-12-02 21:38:46+05:30,1256,165.1,39.7,33.4,48.5,638,36,8,183.3
2025-12-02 21:39:46+05:30,1256,170.9,39.4,32.8,54.1,750,46,0,174.1
2025-12-02 21:40:46+05:30,1256,167.9,39.0,33.5,52.0,577,31,10,157.8
2025-12-02 21:41:46+05:30,1256,170.2,37.6,33.8,52.1,666,21,1,204.6
2025-12-02 21:42:46+05:30,1256,170.7,39.5,33.1,48.6,530,39,3,171.3
2025-12-02 21:43:46+05:30,1256,169.4,40.9,33.0,53.2,677,26,8,192.1
2025-12-02 21:44:46+05:30,1256,167.2,34.6,33.3,52.9,639,15,4,196.4
2025-12-02 21:45:46+05:30,1256,171.1,39.4,33.5,52.9,598,9,4,177.0
2025-12-02 21:46:46+05:30,1256,168.4,40.3,33.0,52.3,719,31,4,172.7
2025-12-02 21:47:46+05:30,1256,170.8,44.9,33.2,53.1,559,17,2,174.9
2025-12-02 21:48:46+05:30,1256,173.9,40.2,33.9,53.5,639,21,6,181.7
2025-12-02 21:49:46+05:30,1256,170.3,41.9,33.3,51.9,685,37,8,151.4
2025-12-02 21:50:46+05:30,1256,171.7,38.1,33.5,54.6,635,33,8,167.0
2025-12-02 21:51:46+05:30,1256,167.6,41.2,33.9,52.5,554,32,2,132.6
2025-12-02 21:52:46+05:30,1256,170.3,43.2,33.3,50.4,676,25,3,155.2
2025-12-02 21:53:46+05:30,1256,167.8,35.3,33.6,47.4,664,36,0,241.2
2025-12-02 21:54:46+05:30,1256,167.4,42.0,33.2,50.0,667,41,6,189.3
2025-12-02 21:55:46+05:30,1256,174.1,40.8,32.8,54.2,657,40,7,171.1
2025-12-02 21:56:46+05:30,1256,169.0,40.7,33.6,52.1,661,34,9,160.4
2025-12-02 21:57:46+05:30,1256,170.3,38.5,33.6,53.4,733,37,1,216.5
2025-12-02 21:58:46+05:30,1256,171.4,41.3,33.5,53.8,591,23,5,171.2
2025-12-02 21:59:46+05:30,1256,171.7,42.4,33.7,54.8,681,13,10,167.2
2025-12-02 22:00:46+05:30,1256,162.7,36.5,33.4,54.2,591,18,11,174.0
2025-12-02 22:01:46+05:30,1256,164.3,41.6,33.4,48.6,665,23,6,176.1
2025-12-02 22:02:46+05:30,1256,167.7,45.1,33.6,50.8,706,38,8,176.9
2025-12-02 22:03:46+05:30,1256,168.5,40.1,33.2,55.2,696,31,5,194.3
2025-12-02 22:04:46+05:30,1256,171.1,40.1,33.0,52.5,735,25,2,176.0
2025-12-02 22:05:46+05:30,1256,171.3,40.2,33.3,49.4,691,41,2,213.7
2025-12-02 22:06:46+05:30,1256,165.4,36.9,33.0,53.4,651,24,8,180.5
2025-12-02 22:07:46+05:30,1256,173.6,39.0,33.0,52.2,638,21,7,173.1
2025-12-02 22:08:46+05:30,1256,175.0,40.2,33.1,51.4,666,23,3,186.6
2025-12-02 22:09:46+05:30,1256,171.7,40.0,33.4,50.6,693,36,2,199.9
2025-12-02 22:10:46+05:30,1256,171.3,44.3,33.2,50.1,652,32,3,195.2
2025-12-02 22:11:46+05:30,1256,168.7,35.9,33.4,51.9,675,7,2,198.1
2025-12-02 22:12:46+05:30,1256,172.2,43.9,33.4,50.3,687,31,5,182.9
2025-12-02 22:13:46+05:30,1256,167.0,39.7,33.4,55.6,638,29,7,198.3
2025-12-02 22:14:46+05:30,1256,166.5,41.3,33.3,52.2,579,32,7,172.9
2025-12-02 22:15:46+05:30,1256,170.6,38.5,33.7,54.7,696,19,4,174.8
2025-12-02 22:16:46+05:30,1256,170.6,39.4,33.7,53.1,574,45,4,189.1
2025-12-02 22:17:46+05:30,1256,164.6,39.0,33.0,49.7,687,30,1,193.8
2025-12-02 22:18:46+05:30,1256,168.4,35.5,33.1,51.9,698,35,1,187.3
2025-12-02 22:19:46+05:30,1256,172.2,41.2,33.0,48.6,706,13,3,159.0
2025-12-02 22:20:46+05:30,1256,172.2,44.0,33.3,54.1,660,40,3,174.3
2025-12-02 22:21:46+05:30,1256,171.3,38.5,33.8,49.6,668,20,6,181.1
2025-12-02 22:22:46+05:30,1256,168.5,45.7,33.4,54.3,677,33,9,187.7
2025-12-02 22:23:46+05:30,1256,168.1,43.2,32.9,52.0,716,25,4,172.5
2025-12-02 22:24:46+05:30,1256,170.3,40.1,33.9,55.1,659,20,0,222.1
2025-12-02 22:25:46+05:30,1256,168.0,38.9,33.1,52.0,710,33,6,193.7
2025-12-02 22:26:46+05:30,1256,166.3,47.1,33.3,53.1,650,31,7,176.3
2025-12-02 22:27:46+05:30,1256,168.3,41.2,33.5,53.7,698,25,4,147.2
2025-12-02 22:28:46+05:30,1256,170.3,39.7,33.2,52.7,536,24,5,170.8
2025-12-02 22:29:46+05:30,1256,165.1,44.7,33.3,51.9,659,32,5,240.8
2025-12-02 22:30:46+05:30,1256,171.9,38.9,33.0,52.9,611,24,9,176.5
2025-12-02 22:31:46+05:30,1256,169.9,37.7,33.9,53.7,575,25,6,177.3
2025-12-02 22:32:46+05:30,1256,171.9,41.7,33.0,52.7,615,27,4,208.0
2025-12-02 22:33:46+05:30,1256,171.8,44.1,32.7,54.3,660,41,4,220.2
2025-12-02 22:34:46+05:30,1256,176.4,34.7,33.4,52.5,623,25,1,170.6
2025-12-02 22:35:46+05:30,1256,167.8,39.7,32.8,52.8,560,32,7,209.1
2025-12-02 22:36:46+05:30,1256,168.5,40.2,32.4,55.2,613,27,3,185.1
2025-12-02 22:37:46+05:30,1256,170.9,39.2,33.2,52.6,654,40,5,209.4
2025-12-02 22:38:46+05:30,1256,168.3,46.2,32.8,53.5,657,37,5,209.4
2025-12-02 22:39:46+05:30,1256,170.1,36.8,32.9,52.4,671,33,4,177.3
2025-12-02 22:40:46+05:30,1256,169.7,42.9,33.3,54.2,652,17,4,164.7
2025-12-02 22:41:46+05:30,1256,176.3,41.9,33.6,51.0,659,14,7,165.2
2025-12-02 22:42:46+05:30,1256,171.5,41.3,33.1,51.4,702,23,5,163.5
2025-12-02 22:43:46+05:30,1256,170.9,40.2,33.0,54.0,713,40,10,123.1
2025-12-02 22:44:46+05:30,1256,172.8,39.3,33.6,52.9,672,22,3,179.9
2025-12-02 22:45:46+05:30,1256,171.4,41.0,33.2,51.8,603,41,5,178.7
2025-12-02 22:46:46+05:30,1256,173.0,44.3,33.4,54.8,654,36,5,156.5
2025-12-02 22:47:46+05:30,1256,169.1,43.2,33.7,54.8,693,19,5,190.7
2025-12-02 22:48:46+05:30,1256,172.8,41.4,33.3,52.8,623,35,12,179.4
2025-12-02 22:49:46+05:30,1256,166.9,37.2,33.8,50.4,580,17,5,201.3
2025-12-02 22:50:46+05:30,1256,169.5,37.0,33.7,54.7,653,30,10,178.7
2025-12-02 22:51:46+05:30,1256,172.1,37.1,33.5,50.6,611,22,9,191.1
2025-12-02 22:52:46+05:30,1256,169.8,41.4,33.4,51.5,547,20,0,184.3
2025-12-02 22:53:46+05:30,1256,170.2,42.5,33.3,53.9,734,7,3,182.3
2025-12-02 22:54:46+05:30,1256,170.2,39.2,33.3,52.0,737,35,4,202.7
2025-12-02 22:55:46+05:30,1256,173.2,37.2,33.4,51.2,703,46,3,188.2
2025-12-02 22:56:46+05:30,1256,169.7,46.0,33.1,55.8,585,19,5,159.5
2025-12-02 22:57:46+05:30,1256,170.8,39.2,32.9,52.4,676,20,7,139.4
2025-12-02 22:58:46+05:30,1256,171.6,39.9,33.8,51.2,577,48,6,140.6
2025-12-02 22:59:46+05:30,1256,170.4,40.2,33.3,53.7,627,24,3,186.6
2025-12-02 23:00:46+05:30,1256,171.4,40.4,33.6,51.4,607,30,9,164.2
2025-12-02 23:01:46+05:30,1256,170.5,39.7,33.7,50.5,683,36,3,186.8
2025-12-02 23:02:46+05:30,1256,175.4,36.0,33.5,53.8,591,41,4,193.3
2025-12-02 23:03:46+05:30,1256,165.1,39.6,33.3,53.5,768,27,11,175.0
2025-12-02 23:04:46+05:30,1256,170.4,38.3,33.2,50.7,676,30,5,179.3
2025-12-02 23:05:46+05:30,1256,172.5,45.7,33.5,47.9,714,11,5,180.8
2025-12-02 23:06:46+05:30,1256,167.1,48.3,33.1,47.3,652,27,5,207.9
2025-12-02 23:07:46+05:30,1256,167.5,41.7,33.3,51.8,596,29,5,180.3
2025-12-02 23:08:46+05:30,1256,169.0,39.4,33.3,51.7,644,28,2,172.2
2025-12-02 23:09:46+05:30,1256,165.6,39.3,32.8,51.9,604,35,4,189.3
2025-12-02 23:10:46+05:30,1256,171.2,36.4,33.7,52.2,628,29,3,166.7
2025-12-02 23:11:46+05:30,1256,173.0,42.3,33.2,50.4,578,36,7,228.4
2025-12-02 23:12:46+05:30,1256,174.3,40.2,33.3,51.4,687,13,4,168.9
2025-12-02 23:13:46+05:30,1256,171.0,36.0,33.4,51.2,615,43,5,151.6
2025-12-02 23:14:46+05:30,1256,166.1,36.3,32.8,53.6,669,26,4,178.1
2025-12-02 23:15:46+05:30,1256,170.8,42.0,33.1,55.8,654,13,4,213.0
2025-12-02 23:16:46+05:30,1256,172.1,41.1,33.1,51.8,703,19,1,193.6
2025-12-02 23:17:46+05:30,1256,168.2,40.0,33.1,54.8,649,38,4,198.0
2025-12-02 23:18:46+05:30,1256,168.5,36.1,33.1,51.9,697,22,4,137.9
2025-12-02 23:19:46+05:30,1256,174.6,43.7,33.3,54.1,647,39,9,201.7
2025-12-02 23:20:46+05:30,1256,170.4,40.8,32.8,51.5,713,31,9,188.3
2025-12-02 23:21:46+05:30,1256,167.5,38.1,33.5,56.2,672,30,8,184.2
2025-12-02 23:22:46+05:30,1256,173.5,39.5,33.6,50.0,676,27,9,195.8
2025-12-02 23:23:46+05:30,1256,165.9,41.5,33.6,52.1,585,14,4,199.3
2025-12-02 23:24:46+05:30,1256,171.2,39.8,33.2,55.9,623,23,9,177.7
2025-12-02 23:25:46+05:30,1256,169.9,40.7,33.4,51.4,672,28,3,195.5
2025-12-02 23:26:46+05:30,1256,171.3,40.7,33.8,55.4,686,43,3,164.7
2025-12-02 23:27:46+05:30,1256,169.4,38.5,33.4,52.7,615,29,9,179.4
2025-12-02 23:28:46+05:30,1256,176.1,33.4,33.7,53.3,644,33,7,177.1
2025-12-02 23:29:46+05:30,1256,172.7,44.3,33.6,52.8,643,18,5,194.7
2025-12-02 23:30:46+05:30,1256,163.6,39.7,33.6,50.7,673,43,0,176.2
2025-12-02 23:31:46+05:30,1256,170.9,42.9,33.3,51.1,724,38,3,208.9
2025-12-02 23:32:46+05:30,1256,173.6,41.7,33.5,52.8,671,14,2,152.2
2025-12-02 23:33:46+05:30,1256,170.6,39.6,33.2,50.8,702,24,7,213.8
2025-12-02 23:34:46+05:30,1256,171.3,41.1,33.5,53.0,616,25,0,215.3
2025-12-02 23:35:46+05:30,1256,171.8,38.7,33.2,53.3,666,23,0,211.3
2025-12-02 23:36:46+05:30,1256,169.3,41.8,33.4,48.6,675,12,1,177.7
2025-12-02 23:37:46+05:30,1256,174.4,42.6,33.3,52.3,657,30,6,174.4
2025-12-02 23:38:46+05:30,1256,175.9,40.9,33.1,51.6,603,37,4,173.1
2025-12-02 23:39:46+05:30,1256,163.6,37.1,33.1,50.9,586,29,2,165.3
2025-12-02 23:40:46+05:30,1256,165.6,39.0,33.3,54.3,668,31,3,165.5
2025-12-02 23:41:46+05:30,1256,170.8,43.1,33.3,52.0,603,22,0,197.4
2025-12-02 23:42:46+05:30,1256,163.5,44.2,33.5,50.9,768,7,2,187.3
2025-12-02 23:43:46+05:30,1256,169.8,39.4,33.0,54.3,676,19,3,174.3
2025-12-02 23:44:46+05:30,1256,173.5,38.6,33.4,50.2,577,37,10,161.9
2025-12-02 23:45:46+05:30,1256,167.3,37.5,33.8,52.6,641,27,8,204.5
2025-12-02 23:46:46+05:30,1256,171.8,36.2,33.2,54.0,613,16,2,191.6
2025-12-02 23:47:46+05:30,1256,172.2,38.4,33.5,51.1,757,13,7,164.6
2025-12-02 23:48:46+05:30,1256,173.5,40.1,33.6,53.5,655,21,2,165.4
2025-12-02 23:49:46+05:30,1256,169.5,40.1,32.8,52.7,646,28,5,185.2
2025-12-02 23:50:46+05:30,1256,172.1,38.0,33.1,52.6,667,21,2,189.7
2025-12-02 23:51:46+05:30,1256,168.9,47.0,33.5,51.1,638,46,7,219.3
2025-12-02 23:52:46+05:30,1256,174.3,43.0,33.8,50.6,662,23,4,144.4
2025-12-02 23:53:46+05:30,1256,169.7,38.0,34.0,54.7,680,21,0,131.2
2025-12-02 23:54:46+05:30,1256,171.7,37.3,33.8,52.8,588,22,8,166.3
2025-12-02 23:55:46+05:30,1256,169.9,41.0,33.3,53.1,706,34,2,194.9
2025-12-02 23:56:46+05:30,1256,166.4,41.4,33.7,52.3,687,26,9,154.6
2025-12-02 23:57:46+05:30,1256,164.2,39.1,33.1,50.5,712,33,8,238.0
2025-12-02 23:58:46+05:30,1256,165.8,33.2,33.5,49.7,667,33,3,197.8
2025-12-02 23:59:46+05:30,1256,169.4,41.0,33.5,48.7,698,26,4,181.2
2025-12-03 00:00:46+05:30,1256,168.9,41.0,32.9,52.2,606,41,7,207.9
2025-12-03 00:01:46+05:30,1256,172.0,41.0,33.0,54.2,691,36,4,174.8
2025-12-03 00:02:46+05:30,1256,170.6,38.5,33.2,48.8,694,26,7,196.5
2025-12-03 00:03:46+05:30,1256,166.8,38.6,33.7,53.0,565,29,4,182.7
2025-12-03 00:04:46+05:30,1256,171.8,45.7,33.1,51.4,627,29,0,222.1
2025-12-03 00:05:46+05:30,1256,168.4,42.3,33.4,54.8,594,31,5,142.0
2025-12-03 00:06:46+05:30,1256,173.5,35.6,33.3,52.6,666,36,3,177.1
2025-12-03 00:07:46+05:30,1256,170.6,41.0,32.9,50.8,637,21,5,163.5
2025-12-03 00:08:46+05:30,1256,166.9,43.0,33.2,53.6,619,34,14,172.6
2025-12-03 00:09:46+05:30,1256,173.2,44.8,33.7,50.9,648,24,1,162.9
2025-12-03 00:10:46+05:30,1256,171.5,37.0,33.2,51.2,621,26,0,190.6
2025-12-03 00:11:46+05:30,1256,166.2,36.1,33.6,51.1,524,15,2,167.6
2025-12-03 00:12:46+05:30,1256,167.6,36.6,33.1,51.2,664,39,3,171.1
2025-12-03 00:13:46+05:30,1256,170.2,36.5,33.3,49.6,515,34,6,204.9
2025-12-03 00:14:46+05:30,1256,176.5,40.6,33.4,51.8,599,33,1,202.7
2025-12-03 00:15:46+05:30,1256,171.6,39.3,33.1,51.7,615,34,0,143.6
2025-12-03 00:16:46+05:30,1256,168.4,39.5,34.3,49.4,592,42,2,198.0
2025-12-03 00:17:46+05:30,1256,167.6,41.4,33.4,53.5,585,19,5,160.0
2025-12-03 00:18:46+05:30,1256,167.9,43.7,33.4,52.5,706,16,9,167.1
2025-12-03 00:19:46+05:30,1256,166.8,41.7,33.1,52.3,638,33,8,159.0
2025-12-03 00:20:46+05:30,1256,162.8,39.9,33.6,52.5,688,31,1,196.2
2025-12-03 00:21:46+05:30,1256,170.6,36.2,33.5,49.9,704,32,6,140.5
2025-12-03 00:22:46+05:30,1256,173.8,42.8,33.7,52.7,645,41,6,206.3
2025-12-03 00:23:46+05:30,1256,171.6,39.0,33.5,52.5,567,28,8,197.4
2025-12-03 00:24:46+05:30,1256,167.4,41.0,33.5,56.4,614,25,5,162.7
2025-12-03 00:25:46+05:30,1256,170.6,35.2,33.9,53.3,659,27,5,190.3
2025-12-03 00:26:46+05:30,1256,170.6,37.1,33.4,51.4,627,38,3,174.4
2025-12-03 00:27:46+05:30,1256,170.8,41.3,33.3,50.0,681,24,8,179.4
2025-12-03 00:28:46+05:30,1256,169.3,37.7,33.2,48.0,623,12,1,162.2
2025-12-03 00:29:46+05:30,1256,170.4,40.7,33.2,50.9,553,22,0,189.8
2025-12-03 00:30:46+05:30,1256,167.3,43.5,33.0,52.3,786,7,4,191.1
2025-12-03 00:31:46+05:30,1256,170.5,38.7,33.0,48.5,671,0,7,159.0
2025-12-03 00:32:46+05:30,1256,165.3,38.4,33.5,53.5,766,43,7,151.5
2025-12-03 00:33:46+05:30,1256,172.5,41.9,33.3,55.7,653,21,3,142.8
2025-12-03 00:34:46+05:30,1256,170.0,40.2,33.2,51.0,711,10,6,164.8
2025-12-03 00:35:46+05:30,1256,170.4,41.7,33.2,49.2,621,25,3,189.4
2025-12-03 00:36:46+05:30,1256,175.0,40.5,33.7,54.6,575,16,4,181.0
2025-12-03 00:37:46+05:30,1256,171.9,40.1,33.1,51.3,742,33,4,156.2
2025-12-03 00:38:46+05:30,1256,167.5,37.6,33.3,50.2,664,42,3,162.3
2025-12-03 00:39:46+05:30,1256,166.3,45.0,33.5,47.8,651,14,4,151.7
2025-12-03 00:40:46+05:30,1256,175.4,36.8,33.2,51.8,687,37,6,181.4
2025-12-03 00:41:46+05:30,1256,171.7,40.4,33.5,49.8,604,11,6,189.5
2025-12-03 00:42:46+05:30,1256,169.7,37.8,33.0,54.1,724,24,4,172.6
2025-12-03 00:43:46+05:30,1256,172.8,41.9,33.3,53.0,626,32,7,184.7
2025-12-03 00:44:46+05:30,1256,166.2,38.2,33.4,52.9,677,30,2,172.7
2025-12-03 00:45:46+05:30,1256,166.1,43.1,33.4,52.4,614,19,4,179.2
2025-12-03 00:46:46+05:30,1256,175.6,42.7,33.8,50.6,679,25,10,153.6
2025-12-03 00:47:46+05:30,1256,170.1,38.5,33.1,49.8,674,35,6,202.6
2025-12-03 00:48:46+05:30,1256,168.1,43.0,33.1,49.9,627,24,9,217.7
2025-12-03 00:49:46+05:30,1256,169.7,38.0,34.0,50.9,654,20,2,177.6
2025-12-03 00:50:46+05:30,1256,173.7,32.9,33.0,52.2,642,26,5,165.8
2025-12-03 00:51:46+05:30,1256,168.6,41.5,33.5,51.5,681,46,0,178.7
2025-12-03 00:52:46+05:30,1256,168.3,42.3,33.3,53.0,721,21,3,151.1
2025-12-03 00:53:46+05:30,1256,171.2,37.7,33.5,54.2,608,18,4,182.0
2025-12-03 00:54:46+05:30,1256,168.4,44.2,33.7,49.0,672,6,5,196.8
2025-12-03 00:55:46+05:30,1256,176.6,37.0,33.5,52.0,694,28,4,212.7
2025-12-03 00:56:46+05:30,1256,171.4,38.0,32.8,51.9,601,34,9,181.4
2025-12-03 00:57:46+05:30,1256,168.2,44.0,33.0,55.8,557,28,4,178.3
2025-12-03 00:58:46+05:30,1256,167.1,38.8,33.4,49.5,737,27,1,141.7
2025-12-03 00:59:46+05:30,1256,172.9,40.3,32.9,54.5,700,35,7,170.7
2025-12-03 01:00:46+05:30,1256,168.7,38.7,33.1,50.6,628,32,2,173.9
2025-12-03 01:01:46+05:30,1256,165.6,38.4,33.0,52.9,642,49,7,176.4
2025-12-03 01:02:46+05:30,1256,169.4,40.9,33.5,51.2,648,24,4,187.8
2025-12-03 01:03:46+05:30,1256,170.1,39.2,33.5,53.3,654,30,7,205.7
2025-12-03 01:04:46+05:30,1256,172.4,34.4,33.5,51.9,651,28,4,171.8
2025-12-03 01:05:46+05:30,1256,167.6,41.3,33.1,53.1,507,25,0,181.6
2025-12-03 01:06:46+05:30,1256,166.9,35.3,33.4,51.7,578,17,2,158.5
2025-12-03 01:07:46+05:30,1256,164.0,39.2,32.8,55.4,616,12,7,149.5
2025-12-03 01:08:46+05:30,1256,170.7,41.7,33.1,50.4,657,27,5,169.8
2025-12-03 01:09:46+05:30,1256,170.5,43.7,33.2,48.0,619,18,5,202.5
2025-12-03 01:10:46+05:30,1256,173.4,39.5,33.7,54.9,722,9,2,148.1
2025-12-03 01:11:46+05:30,1256,166.3,39.8,33.1,56.1,611,26,0,148.7
2025-12-03 01:12:46+05:30,1256,173.3,41.6,33.7,50.9,760,10,5,160.3
2025-12-03 01:13:46+05:30,1256,173.5,33.9,33.1,51.9,590,34,0,171.5
2025-12-03 01:14:46+05:30,1256,173.7,41.8,33.2,55.6,688,17,3,195.5
2025-12-03 01:15:46+05:30,1256,164.8,37.7,33.3,50.7,618,50,7,151.1
2025-12-03 01:16:46+05:30,1256,170.2,40.2,33.4,50.5,604,32,0,168.9
2025-12-03 01:17:46+05:30,1256,172.0,40.0,32.7,50.0,628,16,5,186.4
2025-12-03 01:18:46+05:30,1256,170.6,36.1,33.1,52.2,696,27,4,180.1
2025-12-03 01:19:46+05:30,1256,166.6,41.5,33.1,56.0,620,19,1,184.7
2025-12-03 01:20:46+05:30,1256,167.5,38.7,32.8,53.0,578,36,2,169.3
2025-12-03 01:21:46+05:30,1256,172.4,42.2,32.9,53.5,664,38,0,158.2
2025-12-03 01:22:46+05:30,1256,171.4,45.0,33.4,51.9,637,28,4,185.9
2025-12-03 01:23:46+05:30,1256,170.4,39.5,33.7,52.3,646,35,6,147.2
2025-12-03 01:24:46+05:30,1256,164.7,43.3,33.3,48.4,598,22,7,176.9
2025-12-03 01:25:46+05:30,1256,175.4,33.7,33.3,50.8,664,28,2,176.3
2025-12-03 01:26:46+05:30,1256,167.3,39.4,33.1,52.9,708,24,4,193.8
2025-12-03 01:27:46+05:30,1256,169.2,40.4,33.5,51.9,723,50,2,197.3
2025-12-03 01:28:46+05:30,1256,170.3,36.6,33.2,50.9,761,18,9,144.2
2025-12-03 01:29:46+05:30,1256,169.7,42.8,33.4,53.9,611,33,6,202.8
2025-12-03 01:30:46+05:30,1256,165.2,40.4,33.2,51.4,701,21,6,201.3
2025-12-03 01:31:46+05:30,1256,166.5,47.3,33.7,50.6,609,27,8,185.6
2025-12-03 01:32:46+05:30,1256,171.7,41.8,33.4,51.9,649,37,3,167.2
2025-12-03 01:33:46+05:30,1256,167.8,42.5,33.3,53.0,634,38,0,195.8
2025-12-03 01:34:46+05:30,1256,171.1,38.6,33.3,53.6,648,32,3,176.5
2025-12-03 01:35:46+05:30,1256,167.3,39.1,33.5,50.3,680,30,5,169.8
2025-12-03 01:36:46+05:30,1256,167.6,41.5,33.5,52.0,658,29,6,189.7
2025-12-03 01:37:46+05:30,1256,174.5,31.3,33.2,56.8,637,16,3,158.9
2025-12-03 01:38:46+05:30,1256,170.6,42.0,33.2,51.4,630,24,5,205.4
2025-12-03 01:39:46+05:30,1256,165.3,36.1,33.1,51.6,661,34,0,193.8
2025-12-03 01:40:46+05:30,1256,167.4,46.2,33.3,51.3,710,20,4,154.1
2025-12-03 01:41:46+05:30,1256,167.5,41.1,33.4,54.1,625,26,6,185.2
2025-12-03 01:42:46+05:30,1256,168.1,46.0,33.3,52.0,704,22,7,146.2
2025-12-03 01:43:46+05:30,1256,172.7,41.0,33.1,52.1,601,24,3,201.0
2025-12-03 01:44:46+05:30,1256,173.0,36.5,33.2,50.6,634,40,4,187.6
2025-12-03 01:45:46+05:30,1256,168.3,40.4,32.9,51.9,601,19,3,171.7
2025-12-03 01:46:46+05:30,1256,166.3,40.6,33.2,53.8,602,35,4,189.9
2025-12-03 01:47:46+05:30,1256,165.3,41.7,33.9,52.8,656,49,7,186.7
2025-12-03 01:48:46+05:30,1256,172.0,41.5,34.0,54.7,637,37,6,166.0
2025-12-03 01:49:46+05:30,1256,167.8,38.6,33.8,51.6,673,30,4,150.1
2025-12-03 01:50:46+05:30,1256,169.9,39.4,33.7,51.5,661,36,6,166.7
2025-12-03 01:51:46+05:30,1256,171.9,42.1,33.3,50.3,753,31,7,195.8
2025-12-03 01:52:46+05:30,1256,168.8,36.1,33.3,52.9,577,13,9,190.7
2025-12-03 01:53:46+05:30,1256,172.7,36.6,33.2,53.2,618,16,7,201.9
2025-12-03 01:54:46+05:30,1256,172.9,48.8,33.6,52.0,668,26,5,192.4
2025-12-03 01:55:46+05:30,1256,166.7,44.8,33.8,49.7,630,33,5,196.9
2025-12-03 01:56:46+05:30,1256,171.8,43.2,33.2,52.6,666,30,4,140.1
2025-12-03 01:57:46+05:30,1256,168.3,44.1,33.5,48.3,568,30,5,190.5
2025-12-03 01:58:46+05:30,1256,167.3,40.1,33.0,51.5,651,33,10,194.6
2025-12-03 01:59:46+05:30,1256,173.3,39.6,33.2,54.9,565,42,4,154.7
2025-12-03 02:00:46+05:30,1256,177.7,39.5,33.3,56.3,587,36,1,190.6
2025-12-03 02:01:46+05:30,1256,167.7,41.1,33.6,50.4,637,35,5,181.9
2025-12-03 02:02:46+05:30,1256,169.6,38.9,33.5,51.5,606,37,6,175.2
2025-12-03 02:03:46+05:30,1256,175.3,37.0,32.9,52.5,734,23,9,195.3
2025-12-03 02:04:46+05:30,1256,167.2,39.2,33.0,54.0,666,15,1,176.7
2025-12-03 02:05:46+05:30,1256,170.2,46.5,32.7,49.4,563,34,5,179.0
2025-12-03 02:06:46+05:30,1256,168.8,36.8,33.6,49.7,633,37,6,215.9
2025-12-03 02:07:46+05:30,1256,170.5,45.6,33.6,49.4,629,24,4,152.7
2025-12-03 02:08:46+05:30,1256,169.8,43.8,33.1,49.0,719,22,5,201.0
2025-12-03 02:09:46+05:30,1256,167.9,38.3,33.6,52.4,653,33,7,189.3
2025-12-03 02:10:46+05:30,1256,168.0,42.9,32.7,55.1,587,62,0,212.3
2025-12-03 02:11:46+05:30,1256,167.3,36.3,33.3,55.0,685,26,4,155.1
2025-12-03 02:12:46+05:30,1256,171.4,42.6,33.3,51.5,685,25,7,213.6
2025-12-03 02:13:46+05:30,1256,166.1,39.6,33.3,49.9,616,48,5,157.4
2025-12-03 02:14:46+05:30,1256,175.1,32.7,33.0,49.1,687,54,0,215.6
2025-12-03 02:15:46+05:30,1256,165.3,42.7,33.3,51.5,651,17,5,165.6
2025-12-03 02:16:46+05:30,1256,167.2,38.6,33.4,55.9,650,12,8,178.3
2025-12-03 02:17:46+05:30,1256,166.9,39.5,32.9,46.5,640,20,0,192.0
2025-12-03 02:18:46+05:30,1256,169.2,42.4,33.5,55.3,740,23,6,200.3
2025-12-03 02:19:46+05:30,1256,171.0,42.5,33.6,49.8,608,32,5,206.2
2025-12-03 02:20:46+05:30,1256,174.4,39.7,33.6,52.1,676,20,6,212.5
2025-12-03 02:21:46+05:30,1256,175.5,37.0,32.6,49.8,715,28,6,164.6
2025-12-03 02:22:46+05:30,1256,176.5,37.6,33.4,49.7,605,26,1,201.4
2025-12-03 02:23:46+05:30,1256,168.5,44.9,33.8,53.4,676,5,3,167.8
2025-12-03 02:24:46+05:30,1256,165.4,42.3,33.5,52.9,711,18,3,187.1
2025-12-03 02:25:46+05:30,1256,173.6,36.0,32.8,53.3,679,52,7,205.7
2025-12-03 02:26:46+05:30,1256,173.6,33.7,33.3,55.2,614,19,1,178.9
2025-12-03 02:27:46+05:30,1256,163.6,42.1,33.4,52.8,664,36,5,197.5
2025-12-03 02:28:46+05:30,1256,169.6,38.5,33.3,50.5,646,16,3,185.3
2025-12-03 02:29:46+05:30,1256,171.4,41.7,33.2,53.5,663,29,4,186.7
2025-12-03 02:30:46+05:30,1256,169.5,42.7,33.0,50.8,605,13,3,184.6
2025-12-03 02:31:46+05:30,1256,173.6,40.9,33.6,51.2,667,32,0,162.2
2025-12-03 02:32:46+05:30,1256,168.6,35.9,33.4,52.0,670,38,1,169.9
2025-12-03 02:33:46+05:30,1256,169.2,33.7,33.5,51.9,616,35,2,179.0
2025-12-03 02:34:46+05:30,1256,169.2,39.1,33.3,55.9,654,26,5,197.5
2025-12-03 02:35:46+05:30,1256,169.0,38.5,33.4,47.3,679,24,3,185.9
2025-12-03 02:36:46+05:30,1256,171.2,36.4,33.4,51.8,698,34,1,181.1
2025-12-03 02:37:46+05:30,1256,164.7,35.4,33.4,51.7,699,32,5,142.5
2025-12-03 02:38:46+05:30,1256,170.8,40.8,33.2,48.5,692,25,13,155.8
2025-12-03 02:39:46+05:30,1256,174.2,45.8,33.4,51.2,628,40,4,198.4
2025-12-03 02:40:46+05:30,1256,169.3,38.4,32.8,49.5,655,32,0,134.8
2025-12-03 02:41:46+05:30,1256,171.6,41.2,32.8,51.5,485,30,2,174.6
2025-12-03 02:42:46+05:30,1256,167.7,42.3,33.2,53.0,616,41,7,165.8
2025-12-03 02:43:46+05:30,1256,169.5,34.9,33.3,47.4,721,29,6,203.0
2025-12-03 02:44:46+05:30,1256,168.8,40.9,32.9,52.5,690,34,6,197.6
2025-12-03 02:45:46+05:30,1256,173.7,42.6,33.7,51.7,695,26,3,192.3
2025-12-03 02:46:46+05:30,1256,170.3,44.7,33.1,56.6,633,30,11,183.8
2025-12-03 02:47:46+05:30,1256,174.9,44.1,33.0,51.8,695,35,8,188.1
2025-12-03 02:48:46+05:30,1256,172.1,40.1,33.1,49.9,657,32,2,195.4
2025-12-03 02:49:46+05:30,1256,174.1,37.3,33.4,54.0,577,36,2,199.3
2025-12-03 02:50:46+05:30,1256,164.8,42.7,32.9,51.9,660,30,0,183.5
2025-12-03 02:51:46+05:30,1256,170.0,35.3,32.9,52.9,654,35,8,181.8
2025-12-03 02:52:46+05:30,1256,171.6,35.1,33.4,53.2,715,23,2,152.5
2025-12-03 02:53:46+05:30,1256,171.0,41.4,33.7,49.9,599,20,5,179.2
2025-12-03 02:54:46+05:30,1256,161.8,40.7,33.1,52.5,592,46,1,167.7
2025-12-03 02:55:46+05:30,1256,172.5,37.4,33.9,50.0,589,30,4,168.9
2025-12-03 02:56:46+05:30,1256,171.3,41.5,33.5,52.1,681,46,6,158.0
2025-12-03 02:57:46+05:30,1256,172.5,42.0,33.1,50.6,678,32,4,176.0
2025-12-03 02:58:46+05:30,1256,174.1,41.8,33.5,53.0,621,31,2,228.1
2025-12-03 02:59:46+05:30,1256,169.3,41.6,33.4,53.4,610,12,3,171.3
2025-12-03 03:00:46+05:30,1256,165.0,39.4,33.6,52.5,609,42,6,170.4
2025-12-03 03:01:46+05:30,1256,174.4,39.2,33.0,52.4,673,24,10,181.2
2025-12-03 03:02:46+05:30,1256,166.8,44.0,33.5,53.5,610,25,2,148.3
2025-12-03 03:03:46+05:30,1256,171.9,40.7,32.8,53.0,612,28,4,160.9
2025-12-03 03:04:46+05:30,1256,163.7,34.8,33.4,53.5,659,30,7,151.9
2025-12-03 03:05:46+05:30,1256,165.0,40.2,33.1,53.5,691,16,4,184.4
2025-12-03 03:06:46+05:30,1256,169.0,36.3,32.7,50.5,627,19,2,190.7
2025-12-03 03:07:46+05:30,1256,171.9,36.8,33.5,52.1,703,37,0,154.9
2025-12-03 03:08:46+05:30,1256,174.9,42.3,33.0,48.5,668,22,9,198.1
2025-12-03 03:09:46+05:30,1256,165.2,41.4,33.0,56.5,673,30,11,178.4
2025-12-03 03:10:46+05:30,1256,170.9,40.8,33.2,55.8,669,28,4,168.5
2025-12-03 03:11:46+05:30,1256,169.7,36.5,33.3,49.2,650,33,4,157.4
2025-12-03 03:12:46+05:30,1256,169.7,37.4,33.1,50.2,608,19,8,173.8
2025-12-03 03:13:46+05:30,1256,169.1,40.8,33.4,54.7,689,29,6,173.4
2025-12-03 03:14:46+05:30,1256,166.9,39.3,33.3,51.0,582,27,11,167.3
2025-12-03 03:15:46+05:30,1256,168.4,38.3,33.3,50.4,731,47,1,196.8
2025-12-03 03:16:46+05:30,1256,166.2,37.8,33.0,52.3,653,17,2,161.8
2025-12-03 03:17:46+05:30,1256,166.1,34.1,33.1,49.4,661,17,3,195.0
2025-12-03 03:18:46+05:30,1256,170.1,37.6,33.4,53.7,616,28,1,206.3
2025-12-03 03:19:46+05:30,1256,172.6,40.1,33.2,52.6,654,22,7,201.6
2025-12-03 03:20:46+05:30,1256,168.0,40.6,33.2,50.2,577,35,0,174.0
2025-12-03 03:21:46+05:30,1256,169.1,40.3,33.4,51.4,671,24,10,171.4
2025-12-03 03:22:46+05:30,1256,169.5,38.4,33.7,52.3,756,41,7,181.3
2025-12-03 03:23:46+05:30,1256,172.2,43.2,33.2,51.4,655,38,1,144.5
2025-12-03 03:24:46+05:30,1256,173.6,37.1,33.6,52.2,639,17,6,196.4
2025-12-03 03:25:46+05:30,1256,169.5,35.6,33.0,50.0,570,30,2,199.6
2025-12-03 03:26:46+05:30,1256,167.7,43.0,33.5,48.5,699,19,1,174.8
2025-12-03 03:27:46+05:30,1256,173.4,42.3,32.9,52.8,664,30,5,152.7
2025-12-03 03:28:46+05:30,1256,173.4,43.7,33.6,54.3,622,1,3,189.0
2025-12-03 03:29:46+05:30,1256,174.0,37.3,33.3,51.3,751,23,4,185.5
2025-12-03 03:30:46+05:30,1256,174.1,39.3,33.5,52.6,566,38,7,221.1
2025-12-03 03:31:46+05:30,1256,170.4,39.7,33.8,51.1,770,18,3,189.6
2025-12-03 03:32:46+05:30,1256,166.7,40.8,33.8,53.0,710,24,6,186.3
2025-12-03 03:33:46+05:30,1256,164.0,38.9,33.4,53.3,619,31,5,141.2
2025-12-03 03:34:46+05:30,1256,170.7,33.0,33.5,52.8,582,16,2,130.3
2025-12-03 03:35:46+05:30,1256,173.8,38.8,32.7,51.6,674,28,3,204.0
2025-12-03 03:36:46+05:30,1256,172.3,40.0,33.9,55.9,650,30,4,158.8
2025-12-03 03:37:46+05:30,1256,170.2,43.1,33.2,53.9,621,24,1,205.5
2025-12-03 03:38:46+05:30,1256,172.8,41.3,32.8,52.9,657,33,5,152.7
2025-12-03 03:39:46+05:30,1256,173.5,40.6,33.3,53.1,690,34,1,184.8
2025-12-03 03:40:46+05:30,1256,168.5,40.8,33.3,52.3,606,38,4,154.2
2025-12-03 03:41:46+05:30,1256,169.0,42.9,33.2,56.6,639,30,9,178.2
2025-12-03 03:42:46+05:30,1256,167.4,37.9,33.5,52.9,751,38,4,163.7
2025-12-03 03:43:46+05:30,1256,167.5,38.8,33.6,51.2,592,29,9,174.3
2025-12-03 03:44:46+05:30,1256,173.7,36.5,33.6,51.6,613,32,6,173.7
2025-12-03 03:45:46+05:30,1256,174.4,37.1,32.7,54.3,626,28,6,192.3
2025-12-03 03:46:46+05:30,1256,168.3,41.8,33.8,52.2,673,22,5,154.8
2025-12-03 03:47:46+05:30,1256,173.3,40.0,32.9,52.1,622,41,0,188.3
2025-12-03 03:48:46+05:30,1256,171.5,41.5,33.1,47.7,716,24,7,214.1
2025-12-03 03:49:46+05:30,1256,170.5,41.0,33.2,52.1,578,24,9,167.4
2025-12-03 03:50:46+05:30,1256,170.2,42.8,33.2,48.2,639,17,5,203.8
2025-12-03 03:51:46+05:30,1256,172.1,43.8,33.3,48.5,661,43,6,195.7
2025-12-03 03:52:46+05:30,1256,171.0,39.5,33.5,52.2,615,41,3,190.9
2025-12-03 03:53:46+05:30,1256,174.3,43.1,33.1,51.3,726,32,8,175.1
2025-12-03 03:54:46+05:30,1256,162.1,37.1,33.0,46.5,631,39,7,199.9
2025-12-03 03:55:46+05:30,1256,169.3,41.0,33.7,51.0,721,31,0,171.3
2025-12-03 03:56:46+05:30,1256,171.1,41.1,33.6,46.6,652,36,0,179.9
2025-12-03 03:57:46+05:30,1256,170.5,34.6,33.1,50.3,678,41,0,176.9
2025-12-03 03:58:46+05:30,1256,169.6,37.7,33.0,52.6,572,33,5,182.9
2025-12-03 03:59:46+05:30,1256,168.0,37.9,32.9,51.2,622,32,2,158.8
2025-12-03 04:00:46+05:30,1256,170.0,39.4,33.1,52.5,580,40,1,183.9
2025-12-03 04:01:46+05:30,1256,169.5,39.1,33.0,50.7,552,22,2,179.0
2025-12-03 04:02:46+05:30,1256,172.5,45.4,32.8,51.4,551,44,10,192.3
2025-12-03 04:03:46+05:30,1256,171.8,40.1,33.3,52.9,696,34,2,190.1
2025-12-03 04:04:46+05:30,1256,173.5,40.4,33.6,50.9,666,26,7,163.9
2025-12-03 04:05:46+05:30,1256,174.1,43.3,33.3,50.6,714,25,3,184.4
2025-12-03 04:06:46+05:30,1256,174.5,32.5,33.4,52.8,676,38,8,181.6
2025-12-03 04:07:46+05:30,1256,162.7,38.1,33.6,47.2,675,24,5,166.5
2025-12-03 04:08:46+05:30,1256,163.3,38.1,34.0,53.5,598,30,0,213.5
2025-12-03 04:09:46+05:30,1256,170.9,43.2,33.3,53.0,570,43,1,179.3
2025-12-03 04:10:46+05:30,1256,167.2,42.4,33.1,48.6,665,33,8,153.9
2025-12-03 04:11:46+05:30,1256,170.3,40.6,33.3,52.3,688,42,4,199.2
2025-12-03 04:12:46+05:30,1256,168.1,38.5,33.0,52.2,553,26,7,168.0
2025-12-03 04:13:46+05:30,1256,163.1,37.1,33.3,51.3,642,21,1,202.3
2025-12-03 04:14:46+05:30,1256,173.7,40.2,33.6,56.4,613,39,1,143.2
2025-12-03 04:15:46+05:30,1256,169.5,44.1,33.5,54.8,593,32,5,189.0
2025-12-03 04:16:46+05:30,1256,164.9,41.6,33.5,52.0,615,22,3,163.8
2025-12-03 04:17:46+05:30,1256,171.9,44.0,33.2,52.3,551,28,6,189.6
2025-12-03 04:18:46+05:30,1256,174.1,40.1,33.9,50.9,643,30,7,180.6
2025-12-03 04:19:46+05:30,1256,172.6,40.2,32.9,52.4,623,25,6,201.2
2025-12-03 04:20:46+05:30,1256,170.7,40.7,33.3,54.6,695,47,11,178.9
2025-12-03 04:21:46+05:30,1256,167.9,38.0,33.7,56.1,711,45,4,176.8
2025-12-03 04:22:46+05:30,1256,172.4,43.8,33.5,53.3,667,43,8,164.5
2025-12-03 04:23:46+05:30,1256,165.8,44.6,33.5,52.4,644,31,4,165.6
2025-12-03 04:24:46+05:30,1256,169.7,39.4,33.0,48.3,656,23,4,168.7
2025-12-03 04:25:46+05:30,1256,168.2,40.5,33.4,51.3,673,11,1,121.6
2025-12-03 04:26:46+05:30,1256,170.7,36.6,33.5,52.7,722,37,1,191.1
2025-12-03 04:27:46+05:30,1256,167.2,41.4,33.2,49.7,640,29,1,170.7
2025-12-03 04:28:46+05:30,1256,170.7,38.1,33.4,49.0,574,16,9,193.7
2025-12-03 04:29:46+05:30,1256,174.4,46.8,33.9,50.1,569,13,6,224.7
2025-12-03 04:30:46+05:30,1256,169.1,44.3,33.2,51.1,622,46,7,161.0
2025-12-03 04:31:46+05:30,1256,176.0,40.0,33.1,48.9,649,46,6,198.3
2025-12-03 04:32:46+05:30,1256,167.5,38.1,33.1,51.2,617,32,11,172.8
2025-12-03 04:33:46+05:30,1256,170.9,37.1,33.4,48.6,538,26,6,156.2
2025-12-03 04:34:46+05:30,1256,170.7,42.4,33.3,52.0,668,29,7,173.8
2025-12-03 04:35:46+05:30,1256,167.7,36.8,33.1,57.2,693,26,8,193.6
2025-12-03 04:36:46+05:30,1256,169.5,38.0,33.4,49.4,768,42,2,214.4
2025-12-03 04:37:46+05:30,1256,171.4,37.4,33.3,53.4,624,30,5,178.4
2025-12-03 04:38:46+05:30,1256,171.5,40.0,33.5,56.0,612,38,5,178.0
2025-12-03 04:39:46+05:30,1256,168.3,33.2,33.6,52.5,680,25,1,163.9
2025-12-03 04:40:46+05:30,1256,174.2,41.9,33.7,52.6,676,35,11,184.4
2025-12-03 04:41:46+05:30,1256,170.3,40.4,33.5,54.1,649,31,5,176.4
2025-12-03 04:42:46+05:30,1256,171.6,40.7,32.5,55.3,603,7,2,165.6
2025-12-03 04:43:46+05:30,1256,172.3,37.4,33.4,53.4,708,38,7,182.3
2025-12-03 04:44:46+05:30,1256,166.8,41.7,33.2,50.2,611,20,5,203.3
2025-12-03 04:45:46+05:30,1256,172.9,37.8,33.8,47.8,664,18,5,179.9
2025-12-03 04:46:46+05:30,1256,166.7,42.9,33.1,53.7,662,22,0,184.4
2025-12-03 04:47:46+05:30,1256,173.9,36.1,33.1,52.9,678,30,1,133.1
2025-12-03 04:48:46+05:30,1256,167.2,38.8,33.3,47.9,660,40,6,184.7
2025-12-03 04:49:46+05:30,1256,172.5,39.6,33.4,55.3,587,19,6,193.5
2025-12-03 04:50:46+05:30,1256,172.6,36.6,33.5,51.5,621,30,10,192.2
2025-12-03 04:51:46+05:30,1256,169.5,42.0,33.2,51.6,643,35,1,158.1
2025-12-03 04:52:46+05:30,1256,171.7,39.2,33.2,52.8,668,43,8,185.4
2025-12-03 04:53:46+05:30,1256,173.2,36.6,33.4,48.5,659,14,1,161.7
2025-12-03 04:54:46+05:30,1256,168.1,33.8,33.2,55.4,631,23,4,189.5
2025-12-03 04:55:46+05:30,1256,164.9,35.7,33.0,53.5,675,34,7,207.5
2025-12-03 04:56:46+05:30,1256,170.5,42.9,33.5,51.5,659,46,6,197.3
2025-12-03 04:57:46+05:30,1256,166.5,38.0,33.0,56.1,634,47,5,196.1
2025-12-03 04:58:46+05:30,1256,167.0,38.3,34.0,51.6,656,47,7,211.1
2025-12-03 04:59:46+05:30,1256,170.2,39.2,33.6,53.1,630,24,10,210.8
2025-12-03 05:00:46+05:30,1256,171.6,40.8,32.6,53.5,718,42,3,166.5
2025-12-03 05:01:46+05:30,1256,168.8,41.8,32.9,49.4,617,27,6,183.5
2025-12-03 05:02:46+05:30,1256,166.4,36.2,33.2,54.9,597,20,2,213.8
2025-12-03 05:03:46+05:30,1256,170.9,38.2,33.1,50.4,671,39,5,157.1
2025-12-03 05:04:46+05:30,1256,171.0,35.2,33.3,54.1,605,9,4,211.0
2025-12-03 05:05:46+05:30,1256,165.7,43.0,33.6,51.9,618,28,1,194.9
2025-12-03 05:06:46+05:30,1256,164.5,39.7,33.5,52.6,676,20,7,204.1
2025-12-03 05:07:46+05:30,1256,169.7,39.7,33.1,53.2,688,25,5,156.7
2025-12-03 05:08:46+05:30,1256,168.1,39.4,33.7,52.4,676,33,5,192.4
2025-12-03 05:09:46+05:30,1256,170.3,39.4,33.5,53.6,683,38,1,209.3
2025-12-03 05:10:46+05:30,1256,171.7,43.5,33.6,51.8,586,39,2,184.3
2025-12-03 05:11:46+05:30,1256,169.9,34.8,33.5,54.5,702,30,8,168.6
2025-12-03 05:12:46+05:30,1256,167.5,44.0,33.7,51.8,684,48,0,181.4
2025-12-03 05:13:46+05:30,1256,167.0,38.9,33.7,54.0,599,33,2,173.4
2025-12-03 05:14:46+05:30,1256,173.0,43.1,33.7,51.3,596,24,3,210.5
2025-12-03 05:15:46+05:30,1256,172.1,37.5,33.3,57.0,587,41,3,176.0
2025-12-03 05:16:46+05:30,1256,168.9,44.3,33.8,49.3,597,30,6,202.5
2025-12-03 05:17:46+05:30,1256,168.9,43.8,32.8,53.3,656,31,3,160.5
2025-12-03 05:18:46+05:30,1256,163.8,43.8,33.5,51.4,633,42,4,175.8
2025-12-03 05:19:46+05:30,1256,174.4,43.0,33.4,48.0,674,39,6,155.4
2025-12-03 05:20:46+05:30,1256,178.1,38.9,33.0,53.2,620,39,5,212.4
2025-12-03 05:21:46+05:30,1256,170.3,39.7,33.6,53.4,633,23,8,166.7
2025-12-03 05:22:46+05:30,1256,161.9,43.5,33.2,53.7,615,21,4,150.6
2025-12-03 05:23:46+05:30,1256,167.6,39.8,33.3,50.7,607,35,5,171.2
2025-12-03 05:24:46+05:30,1256,169.5,39.6,32.8,55.4,658,42,9,196.1
2025-12-03 05:25:46+05:30,1256,168.6,38.3,33.5,50.1,622,21,3,225.4
2025-12-03 05:26:46+05:30,1256,171.5,37.5,33.4,52.5,684,36,5,206.7
2025-12-03 05:27:46+05:30,1256,169.4,40.2,33.1,51.5,614,53,6,179.0
2025-12-03 05:28:46+05:30,1256,171.5,39.2,33.8,58.6,645,18,0,160.4
2025-12-03 05:29:46+05:30,1256,171.8,40.0,33.3,47.9,589,30,10,176.9
2025-12-03 05:30:46+05:30,1256,170.5,37.1,33.6,54.7,605,33,7,219.4
2025-12-03 05:31:46+05:30,1256,171.6,34.8,33.1,51.3,629,40,3,190.8
2025-12-03 05:32:46+05:30,1256,164.6,41.2,33.5,52.3,621,16,2,155.9
2025-12-03 05:33:46+05:30,1256,168.3,41.6,33.1,51.2,559,36,8,201.1
2025-12-03 05:34:46+05:30,1256,164.9,37.5,33.2,46.6,659,38,4,148.1
2025-12-03 05:35:46+05:30,1256,165.9,42.6,33.9,51.9,577,19,9,156.7
2025-12-03 05:36:46+05:30,1256,172.2,32.2,32.5,56.6,639,32,2,163.8
2025-12-03 05:37:46+05:30,1256,169.0,41.0,33.2,52.9,722,22,3,203.9
2025-12-03 05:38:46+05:30,1256,167.7,34.9,33.2,51.3,635,41,4,206.5
2025-12-03 05:39:46+05:30,1256,176.0,43.0,33.3,52.6,588,37,7,203.8
2025-12-03 05:40:46+05:30,1256,167.1,36.4,33.5,53.8,607,40,7,175.1
2025-12-03 05:41:46+05:30,1256,168.2,42.9,33.4,54.3,654,32,8,190.6
2025-12-03 05:42:46+05:30,1256,167.7,40.5,33.2,54.3,711,28,0,187.2
2025-12-03 05:43:46+05:30,1256,166.6,38.5,33.3,54.1,627,18,7,165.1
2025-12-03 05:44:46+05:30,1256,174.9,35.3,33.8,47.5,740,43,4,179.2
2025-12-03 05:45:46+05:30,1256,170.4,38.9,33.3,54.4,701,38,2,220.5
2025-12-03 05:46:46+05:30,1256,174.2,39.9,33.9,51.5,625,24,0,195.5
2025-12-03 05:47:46+05:30,1256,168.9,45.2,34.2,54.2,659,34,1,171.6
2025-12-03 05:48:46+05:30,1256,168.3,38.7,32.7,52.4,695,43,2,170.3
2025-12-03 05:49:46+05:30,1256,175.3,41.1,33.2,53.7,664,12,5,193.7
2025-12-03 05:50:46+05:30,1256,172.9,44.2,33.5,51.1,717,22,4,174.2
2025-12-03 05:51:46+05:30,1256,170.9,39.5,33.2,53.4,606,40,2,197.8
2025-12-03 05:52:46+05:30,1256,169.6,42.4,33.3,56.3,575,37,0,172.9
2025-12-03 05:53:46+05:30,1256,170.3,37.2,33.4,54.0,546,15,4,203.8
2025-12-03 05:54:46+05:30,1256,164.0,42.4,33.2,49.7,647,35,4,156.4
2025-12-03 05:55:46+05:30,1256,172.4,45.7,33.2,51.3,709,24,3,157.8
2025-12-03 05:56:46+05:30,1256,167.7,41.3,33.7,50.2,617,19,3,165.5
2025-12-03 05:57:46+05:30,1256,168.4,38.8,33.5,50.7,630,25,5,184.2
2025-12-03 05:58:46+05:30,1256,174.1,42.7,33.9,55.5,611,20,4,167.9
2025-12-03 05:59:46+05:30,1256,169.9,39.8,33.4,54.8,582,28,4,158.9
2025-12-03 06:00:46+05:30,1256,171.6,36.7,33.8,53.3,580,51,0,196.2
2025-12-03 06:01:46+05:30,1256,173.4,41.9,33.8,47.6,655,29,5,176.2
2025-12-03 06:02:46+05:30,1256,164.1,39.2,33.3,52.2,687,33,9,156.8
2025-12-03 06:03:46+05:30,1256,165.5,38.8,33.5,51.9,613,44,9,189.6
2025-12-03 06:04:46+05:30,1256,168.9,41.7,33.9,51.2,638,16,6,160.8
2025-12-03 06:05:46+05:30,1256,168.1,46.6,33.7,52.8,598,33,4,207.0
2025-12-03 06:06:46+05:30,1256,172.9,36.1,33.3,52.7,611,38,2,137.8
2025-12-03 06:07:46+05:30,1256,169.3,38.1,33.2,52.7,650,13,3,136.1
2025-12-03 06:08:46+05:30,1256,169.8,44.3,33.9,55.0,711,35,12,206.8
2025-12-03 06:09:46+05:30,1256,170.5,41.2,33.4,50.8,629,30,3,172.8
2025-12-03 06:10:46+05:30,1256,175.6,45.7,32.8,52.1,721,33,4,159.1
2025-12-03 06:11:46+05:30,1256,168.5,38.5,33.8,50.6,677,34,8,154.1
2025-12-03 06:12:46+05:30,1256,173.1,44.6,32.8,49.2,659,19,2,190.8
2025-12-03 06:13:46+05:30,1256,169.3,42.2,33.2,51.0,612,29,1,151.2
2025-12-03 06:14:46+05:30,1256,173.1,38.5,33.4,55.3,777,27,4,179.0
2025-12-03 06:15:46+05:30,1256,173.7,38.0,33.7,49.1,708,28,3,219.8
2025-12-03 06:16:46+05:30,1256,167.6,38.7,33.2,53.4,634,43,5,163.2
2025-12-03 06:17:46+05:30,1256,171.1,40.7,33.2,51.5,703,41,5,149.8
2025-12-03 06:18:46+05:30,1256,168.2,43.1,33.1,50.2,690,23,4,157.4
2025-12-03 06:19:46+05:30,1256,168.0,38.8,33.9,51.4,727,17,5,172.8
2025-12-03 06:20:46+05:30,1256,168.1,38.4,33.0,50.0,638,37,3,186.0
2025-12-03 06:21:46+05:30,1256,172.5,41.5,33.2,52.3,653,42,8,152.0
2025-12-03 06:22:46+05:30,1256,169.4,41.6,33.5,54.7,646,57,4,126.8
2025-12-03 06:23:46+05:30,1256,172.1,44.0,33.7,50.5,650,24,3,197.9
2025-12-03 06:24:46+05:30,1256,166.0,42.1,32.7,50.0,711,0,11,192.9
2025-12-03 06:25:46+05:30,1256,172.4,42.7,32.9,53.6,589,5,6,186.9
2025-12-03 06:26:46+05:30,1256,167.3,37.8,33.8,48.8,690,31,3,156.2
2025-12-03 06:27:46+05:30,1256,175.3,36.5,33.1,52.0,649,43,1,163.6
2025-12-03 06:28:46+05:30,1256,165.5,40.5,34.1,50.7,654,26,4,181.8
2025-12-03 06:29:46+05:30,1256,169.1,42.8,33.1,54.1,618,46,3,183.2
2025-12-03 06:30:46+05:30,1256,164.9,41.4,32.8,49.8,690,19,5,172.6
2025-12-03 06:31:46+05:30,1256,174.5,44.6,34.0,53.7,594,37,6,185.8
2025-12-03 06:32:46+05:30,1256,180.1,39.0,33.6,52.5,637,33,5,174.8
2025-12-03 06:33:46+05:30,1256,172.5,38.4,33.1,50.9,624,45,4,182.1
2025-12-03 06:34:46+05:30,1256,167.7,36.9,33.2,52.3,631,18,0,180.5
2025-12-03 06:35:46+05:30,1256,172.3,37.1,33.7,52.1,591,25,2,156.4
2025-12-03 06:36:46+05:30,1256,169.6,39.6,33.2,49.3,684,31,3,180.9
2025-12-03 06:37:46+05:30,1256,167.1,43.6,33.5,51.5,688,26,10,160.7
2025-12-03 06:38:46+05:30,1256,167.5,38.9,33.4,49.8,630,27,5,193.0
2025-12-03 06:39:46+05:30,1256,170.0,37.7,33.1,50.5,694,34,1,178.1
2025-12-03 06:40:46+05:30,1256,164.2,42.8,33.4,52.8,666,14,5,193.6
2025-12-03 06:41:46+05:30,1256,173.9,40.2,33.1,50.6,623,31,12,195.8
2025-12-03 06:42:46+05:30,1256,170.7,37.7,33.2,54.1,535,25,1,190.3
2025-12-03 06:43:46+05:30,1256,175.0,46.7,33.2,49.7,621,28,2,201.1
2025-12-03 06:44:46+05:30,1256,172.3,41.7,33.4,48.7,735,35,7,158.6
2025-12-03 06:45:46+05:30,1256,168.2,36.5,33.1,51.5,653,36,3,162.4
2025-12-03 06:46:46+05:30,1256,172.1,37.9,33.4,52.2,635,17,2,200.0
2025-12-03 06:47:46+05:30,1256,170.5,40.8,33.1,49.2,622,55,0,163.9
2025-12-03 06:48:46+05:30,1256,170.6,37.3,33.3,51.1,684,17,3,142.3
2025-12-03 06:49:46+05:30,1256,161.6,35.3,33.6,52.3,697,36,4,215.4
2025-12-03 06:50:46+05:30,1256,167.8,35.1,33.3,53.9,688,41,12,181.7
2025-12-03 06:51:46+05:30,1256,170.5,39.0,33.3,48.4,726,39,8,172.3
2025-12-03 06:52:46+05:30,1256,171.6,37.3,33.2,54.2,614,5,5,154.8
2025-12-03 06:53:46+05:30,1256,173.3,36.5,32.8,48.8,650,19,4,176.8
2025-12-03 06:54:46+05:30,1256,172.7,41.4,33.8,55.7,727,23,6,166.5
2025-12-03 06:55:46+05:30,1256,170.3,39.3,33.2,52.6,625,23,0,175.5
2025-12-03 06:56:46+05:30,1256,172.7,41.0,33.1,55.5,646,15,10,187.1
2025-12-03 06:57:46+05:30,1256,164.3,44.9,32.6,54.1,638,32,6,199.4
2025-12-03 06:58:46+05:30,1256,166.6,42.6,33.6,51.6,651,40,0,161.5
2025-12-03 06:59:46+05:30,1256,173.2,42.0,33.1,55.9,638,40,6,178.5
2025-12-03 07:00:46+05:30,1256,170.7,41.4,33.7,52.3,660,31,8,169.7
2025-12-03 07:01:46+05:30,1256,170.5,37.2,33.6,49.8,616,23,5,176.7
2025-12-03 07:02:46+05:30,1256,170.9,42.3,32.8,51.9,686,17,3,189.8
2025-12-03 07:03:46+05:30,1256,169.6,42.4,32.5,50.1,708,25,5,171.0
2025-12-03 07:04:46+05:30,1256,169.9,39.7,33.9,52.3,670,8,6,167.0
2025-12-03 07:05:46+05:30,1256,173.6,45.6,33.4,52.3,649,35,5,158.0
2025-12-03 07:06:46+05:30,1256,169.6,46.2,32.7,52.6,677,16,3,172.2
2025-12-03 07:07:46+05:30,1256,168.3,40.4,33.4,49.9,628,31,3,167.4
2025-12-03 07:08:46+05:30,1256,171.8,38.7,33.5,52.2,613,6,6,161.2
2025-12-03 07:09:46+05:30,1256,168.3,39.6,33.1,50.5,622,57,4,189.1
2025-12-03 07:10:46+05:30,1256,166.6,43.8,33.6,48.9,644,36,6,158.0
2025-12-03 07:11:46+05:30,1256,167.2,39.5,33.7,50.0,660,23,0,218.5
2025-12-03 07:12:46+05:30,1256,175.5,40.9,33.2,55.1,631,25,7,190.7
2025-12-03 07:13:46+05:30,1256,172.3,41.6,33.8,55.5,619,41,8,155.2
2025-12-03 07:14:46+05:30,1256,167.8,40.4,33.6,50.3,627,23,7,179.5
2025-12-03 07:15:46+05:30,1256,172.5,46.0,33.0,53.5,587,27,6,146.6
2025-12-03 07:16:46+05:30,1256,164.9,33.4,33.3,53.2,626,18,1,190.9
2025-12-03 07:17:46+05:30,1256,171.7,39.6,33.2,51.5,678,35,10,174.3
2025-12-03 07:18:46+05:30,1256,171.9,40.0,33.5,52.3,703,19,4,190.3
2025-12-03 07:19:46+05:30,1256,169.0,44.8,33.3,51.3,701,48,3,166.7
2025-12-03 07:20:46+05:30,1256,169.4,39.4,33.3,54.9,597,40,2,183.4
2025-12-03 07:21:46+05:30,1256,167.8,38.6,33.0,53.1,733,25,7,173.0
2025-12-03 07:22:46+05:30,1256,169.6,34.9,33.4,50.0,639,37,0,176.6
2025-12-03 07:23:46+05:30,1256,166.4,43.2,33.8,51.1,739,33,5,180.0
2025-12-03 07:24:46+05:30,1256,174.8,39.6,33.4,52.7,692,42,5,189.1
2025-12-03 07:25:46+05:30,1256,172.5,41.3,33.2,52.1,639,38,4,169.5
2025-12-03 07:26:46+05:30,1256,171.7,40.0,32.9,52.6,713,43,9,171.3
2025-12-03 07:27:46+05:30,1256,170.1,36.8,33.3,56.2,529,42,5,189.3
2025-12-03 07:28:46+05:30,1256,171.8,40.0,33.3,51.6,633,6,0,175.8
2025-12-03 07:29:46+05:30,1256,171.9,41.0,33.3,50.5,715,10,5,187.4
2025-12-03 07:30:46+05:30,1256,164.6,37.3,33.4,52.1,605,51,0,183.4
2025-12-03 07:31:46+05:30,1256,172.0,40.5,33.4,54.1,705,19,4,194.0
2025-12-03 07:32:46+05:30,1256,170.7,38.3,33.1,53.4,638,30,3,198.6
2025-12-03 07:33:46+05:30,1256,171.0,43.9,32.9,55.4,774,22,6,194.1
2025-12-03 07:34:46+05:30,1256,169.0,36.4,33.5,50.4,755,35,0,192.8
2025-12-03 07:35:46+05:30,1256,169.5,37.3,33.4,53.5,645,19,0,187.2
2025-12-03 07:36:46+05:30,1256,169.4,33.1,33.3,51.3,631,42,6,202.0
2025-12-03 07:37:46+05:30,1256,167.4,41.1,33.6,51.9,662,31,7,192.5
2025-12-03 07:38:46+05:30,1256,171.1,42.6,33.1,51.8,658,31,4,173.9
2025-12-03 07:39:46+05:30,1256,172.8,34.5,33.5,54.0,679,31,0,183.9
2025-12-03 07:40:46+05:30,1256,172.6,40.9,33.1,47.3,615,40,5,209.1
2025-12-03 07:41:46+05:30,1256,170.2,41.9,33.5,51.2,625,31,2,175.6
2025-12-03 07:42:46+05:30,1256,167.5,41.8,33.4,52.0,571,34,0,174.2
2025-12-03 07:43:46+05:30,1256,168.8,38.0,32.8,51.9,756,47,7,167.9
2025-12-03 07:44:46+05:30,1256,175.5,37.5,33.1,49.2,579,43,7,143.5
2025-12-03 07:45:46+05:30,1256,168.2,44.9,33.6,53.3,605,30,2,177.5
2025-12-03 07:46:46+05:30,1256,168.5,44.1,32.8,52.0,654,31,2,191.7
2025-12-03 07:47:46+05:30,1256,165.5,40.1,33.3,50.4,643,32,1,162.9
2025-12-03 07:48:46+05:30,1256,172.8,38.9,33.5,49.8,614,42,8,169.6
2025-12-03 07:49:46+05:30,1256,171.2,43.4,33.4,54.3,659,22,1,167.5
2025-12-03 07:50:46+05:30,1256,173.4,39.2,33.3,52.2,550,19,4,186.8
2025-12-03 07:51:46+05:30,1256,164.5,38.1,33.4,51.7,623,28,3,203.1
2025-12-03 07:52:46+05:30,1256,171.4,40.7,33.4,55.3,778,33,7,158.8
2025-12-03 07:53:46+05:30,1256,167.9,44.9,33.4,51.1,662,18,8,178.3
2025-12-03 07:54:46+05:30,1256,170.1,38.9,33.7,52.9,677,21,0,183.2
2025-12-03 07:55:46+05:30,1256,167.8,40.7,33.0,53.3,632,45,5,154.7
2025-12-03 07:56:46+05:30,1256,167.5,42.2,33.9,50.6,652,28,10,206.9
2025-12-03 07:57:46+05:30,1256,167.5,39.7,33.5,51.0,725,28,1,178.9
2025-12-03 07:58:46+05:30,1256,170.8,41.5,33.8,49.8,643,21,5,194.0
2025-12-03 07:59:46+05:30,1256,176.2,39.4,34.1,53.1,597,50,8,178.5
2025-12-03 08:00:46+05:30,1256,173.3,41.6,33.2,52.5,652,15,1,178.7
2025-12-03 08:01:46+05:30,1256,168.3,44.5,33.4,51.8,668,25,2,189.9
2025-12-03 08:02:46+05:30,1256,170.0,42.4,33.3,51.8,624,32,6,191.6
2025-12-03 08:03:46+05:30,1256,172.9,36.7,33.3,50.6,676,35,3,156.7
2025-12-03 08:04:46+05:30,1256,169.5,46.6,33.5,54.1,659,27,4,186.7
2025-12-03 08:05:46+05:30,1256,176.5,42.6,33.1,51.9,676,25,4,176.9
2025-12-03 08:06:46+05:30,1256,167.3,45.1,32.9,48.7,665,37,10,164.5
2025-12-03 08:07:46+05:30,1256,176.3,44.9,33.4,53.2,580,30,0,206.3
2025-12-03 08:08:46+05:30,1256,169.1,41.4,33.4,52.7,648,20,3,180.9
2025-12-03 08:09:46+05:30,1256,169.1,39.3,33.9,48.2,665,41,4,180.8
2025-12-03 08:10:46+05:30,1256,169.5,40.6,33.4,53.0,680,42,3,145.7
2025-12-03 08:11:46+05:30,1256,167.5,38.6,33.1,55.6,616,35,1,164.5
2025-12-03 08:12:46+05:30,1256,167.9,41.1,32.6,56.4,515,57,0,163.4
2025-12-03 08:13:46+05:30,1256,170.5,40.1,33.2,52.6,657,30,6,210.8
2025-12-03 08:14:46+05:30,1256,166.9,36.2,33.6,51.7,633,28,6,149.4
2025-12-03 08:15:46+05:30,1256,173.7,39.3,33.5,51.5,663,27,5,192.8
2025-12-03 08:16:46+05:30,1256,171.3,41.1,33.3,57.2,556,25,6,191.3
2025-12-03 08:17:46+05:30,1256,170.0,34.4,33.5,53.8,576,47,0,160.0
2025-12-03 08:18:46+05:30,1256,164.3,36.2,33.3,55.4,688,32,5,162.4
2025-12-03 08:19:46+05:30,1256,172.2,39.6,33.0,46.6,515,34,4,183.8
2025-12-03 08:20:46+05:30,1256,172.5,37.7,32.9,54.3,636,19,3,140.7
2025-12-03 08:21:46+05:30,1256,166.5,39.8,33.3,54.4,604,50,0,169.9
2025-12-03 08:22:46+05:30,1256,165.6,41.0,33.5,50.7,661,40,3,161.9
2025-12-03 08:23:46+05:30,1256,170.2,37.4,32.9,50.9,625,32,5,176.4
2025-12-03 08:24:46+05:30,1256,170.0,40.0,33.9,51.6,651,22,0,180.2
2025-12-03 08:25:46+05:30,1256,171.0,40.0,32.8,48.9,671,31,4,189.9
2025-12-03 08:26:46+05:30,1256,170.9,39.4,33.5,51.9,646,19,4,188.5
2025-12-03 08:27:46+05:30,1256,171.0,42.7,33.0,51.1,704,37,5,143.2
2025-12-03 08:28:46+05:30,1256,169.8,44.7,33.4,51.4,597,18,2,202.5
2025-12-03 08:29:46+05:30,1256,172.7,36.4,33.2,49.5,619,35,5,154.3
2025-12-03 08:30:46+05:30,1256,169.6,47.9,33.3,53.9,613,14,4,171.9
2025-12-03 08:31:46+05:30,1256,174.9,42.4,33.0,53.4,642,41,5,197.8
2025-12-03 08:32:46+05:30,1256,166.3,41.5,33.4,54.4,612,36,3,179.9
2025-12-03 08:33:46+05:30,1256,171.1,40.1,33.1,51.8,719,28,6,157.7
2025-12-03 08:34:46+05:30,1256,171.3,44.6,33.2,50.7,645,18,6,176.5
2025-12-03 08:35:46+05:30,1256,171.6,37.7,33.5,51.8,659,40,5,182.6
2025-12-03 08:36:46+05:30,1256,168.4,36.2,33.3,54.1,664,28,6,184.6
2025-12-03 08:37:46+05:30,1256,168.0,37.5,33.7,52.3,684,36,9,189.7
2025-12-03 08:38:46+05:30,1256,173.5,36.3,33.3,53.0,630,23,6,200.1
2025-12-03 08:39:46+05:30,1256,166.5,45.3,33.6,52.2,704,28,4,158.0
2025-12-03 08:40:46+05:30,1256,172.8,37.4,33.4,52.7,735,34,5,174.9
2025-12-03 08:41:46+05:30,1256,172.3,37.7,33.9,53.5,593,36,7,186.4
2025-12-03 08:42:46+05:30,1256,164.3,39.7,32.7,50.1,660,30,3,199.6
2025-12-03 08:43:46+05:30,1256,177.4,42.7,33.2,47.1,651,27,10,150.4
2025-12-03 08:44:46+05:30,1256,166.5,38.0,33.3,53.4,636,14,3,186.7
2025-12-03 08:45:46+05:30,1256,173.3,40.9,33.0,53.1,644,37,1,162.7
2025-12-03 08:46:46+05:30,1256,166.7,35.0,33.5,51.2,532,23,6,161.0
2025-12-03 08:47:46+05:30,1256,169.7,40.5,33.5,51.1,502,11,7,186.3
2025-12-03 08:48:46+05:30,1256,167.4,40.3,32.6,53.4,585,33,10,152.3
2025-12-03 08:49:46+05:30,1256,169.3,40.1,33.1,53.5,581,26,5,174.7
2025-12-03 08:50:46+05:30,1256,165.2,34.0,33.5,53.4,693,30,2,200.4
2025-12-03 08:51:46+05:30,1256,175.6,37.5,33.3,53.4,628,35,4,183.4
2025-12-03 08:52:46+05:30,1256,173.4,42.3,33.6,51.5,663,11,1,185.6
2025-12-03 08:53:46+05:30,1256,169.2,39.1,33.7,52.4,595,19,11,153.1
2025-12-03 08:54:46+05:30,1256,173.0,41.4,33.8,50.4,654,33,2,135.1
2025-12-03 08:55:46+05:30,1256,168.5,39.8,33.0,53.7,705,24,9,149.3
2025-12-03 08:56:46+05:30,1256,168.1,41.1,33.0,52.4,668,18,4,188.1
2025-12-03 08:57:46+05:30,1256,165.7,41.0,33.4,50.7,644,24,5,147.5
2025-12-03 08:58:46+05:30,1256,170.6,40.6,33.2,54.3,663,31,7,189.6
2025-12-03 08:59:46+05:30,1256,169.6,43.4,33.4,49.9,637,26,3,193.6
2025-12-03 09:00:46+05:30,1256,173.3,41.5,33.2,53.1,735,20,5,183.5
2025-12-03 09:01:46+05:30,1256,173.3,35.7,32.9,50.9,572,17,0,175.7
2025-12-03 09:02:46+05:30,1256,172.4,43.2,33.1,53.4,691,53,0,184.8
2025-12-03 09:03:46+05:30,1256,169.5,41.0,33.4,53.8,589,32,3,178.6
2025-12-03 09:04:46+05:30,1256,165.8,36.4,33.3,50.7,667,41,2,222.0
2025-12-03 09:05:46+05:30,1256,173.0,42.7,33.3,54.3,680,17,9,169.4
2025-12-03 09:06:46+05:30,1256,168.4,41.2,33.6,55.2,673,21,11,158.2
2025-12-03 09:07:46+05:30,1256,170.8,38.0,32.9,50.2,657,30,3,169.5
2025-12-03 09:08:46+05:30,1256,173.6,40.1,33.3,50.6,613,28,6,198.2
2025-12-03 09:09:46+05:30,1256,167.8,39.0,32.8,54.2,675,52,7,166.1
2025-12-03 09:10:46+05:30,1256,163.8,40.6,33.4,55.1,583,22,1,154.2
2025-12-03 09:11:46+05:30,1256,169.5,36.0,33.0,52.9,591,22,2,200.9
2025-12-03 09:12:46+05:30,1256,167.6,43.7,33.3,52.6,702,24,4,171.2
2025-12-03 09:13:46+05:30,1256,170.5,41.3,33.4,51.2,646,39,7,204.7
2025-12-03 09:14:46+05:30,1256,171.6,40.9,32.9,53.2,683,25,8,203.6
2025-12-03 09:15:46+05:30,1256,170.6,40.3,33.1,51.7,635,26,7,182.8
2025-12-03 09:16:46+05:30,1256,167.3,36.0,33.5,50.4,645,21,4,185.3
2025-12-03 09:17:46+05:30,1256,173.6,41.5,33.0,51.8,687,27,5,181.8
2025-12-03 09:18:46+05:30,1256,172.5,44.6,32.9,51.8,709,22,4,195.4
2025-12-03 09:19:46+05:30,1256,168.6,38.4,32.9,55.2,636,25,7,160.0
2025-12-03 09:20:46+05:30,1256,164.7,35.1,33.2,51.7,664,28,4,186.2
2025-12-03 09:21:46+05:30,1256,171.7,43.5,33.7,50.5,645,24,6,213.1
2025-12-03 09:22:46+05:30,1256,170.7,41.9,33.4,51.1,610,33,7,184.2
2025-12-03 09:23:46+05:30,1256,174.0,41.7,33.5,49.0,645,7,7,179.9
2025-12-03 09:24:46+05:30,1256,166.2,38.6,32.8,56.7,679,18,5,174.5
2025-12-03 09:25:46+05:30,1256,166.1,44.3,33.2,54.6,649,20,4,187.0
2025-12-03 09:26:46+05:30,1256,168.0,37.1,32.6,56.1,745,40,3,206.9
2025-12-03 09:27:46+05:30,1256,170.4,37.7,33.6,49.4,648,8,3,140.2
2025-12-03 09:28:46+05:30,1256,164.1,41.5,33.3,51.7,648,38,4,183.8
2025-12-03 09:29:46+05:30,1256,173.9,41.7,33.2,54.4,584,27,9,184.8
2025-12-03 09:30:46+05:30,1256,168.6,38.8,33.2,50.9,615,35,3,218.8
2025-12-03 09:31:46+05:30,1256,172.5,41.2,33.0,49.5,675,18,7,163.0
2025-12-03 09:32:46+05:30,1256,170.0,36.4,33.1,51.2,613,34,8,209.9
2025-12-03 09:33:46+05:30,1256,175.6,41.6,33.4,51.3,672,23,7,189.3
2025-12-03 09:34:46+05:30,1256,173.0,42.3,32.7,50.5,608,41,6,187.8
2025-12-03 09:35:46+05:30,1256,172.1,39.2,33.5,50.3,665,33,11,169.2
2025-12-03 09:36:46+05:30,1256,171.5,46.2,33.3,51.7,668,16,7,186.2
2025-12-03 09:37:46+05:30,1256,170.1,40.9,33.4,53.4,718,31,0,212.1
2025-12-03 09:38:46+05:30,1256,171.1,38.9,33.3,49.9,652,31,4,169.5
2025-12-03 09:39:46+05:30,1256,169.9,37.7,33.6,53.8,601,15,3,152.5
2025-12-03 09:40:46+05:30,1256,170.7,42.2,33.7,52.8,651,29,3,162.1
2025-12-03 09:41:46+05:30,1256,167.5,35.6,33.8,54.0,624,41,3,149.7
2025-12-03 09:42:46+05:30,1256,171.6,43.0,32.9,48.2,644,20,5,153.1
2025-12-03 09:43:46+05:30,1256,169.8,40.0,33.3,51.0,537,27,5,180.6
2025-12-03 09:44:46+05:30,1256,172.2,36.1,33.4,54.3,657,30,4,173.9
2025-12-03 09:45:46+05:30,1256,169.2,41.1,33.5,51.1,625,24,0,186.3
2025-12-03 09:46:46+05:30,1256,171.6,37.8,33.0,53.0,596,26,3,149.6
2025-12-03 09:47:46+05:30,1256,175.4,40.8,32.8,49.6,645,35,6,189.9
2025-12-03 09:48:46+05:30,1256,172.6,46.0,34.1,51.6,688,18,7,147.0
2025-12-03 09:49:46+05:30,1256,170.8,38.6,33.7,52.0,664,40,3,190.4
2025-12-03 09:50:46+05:30,1256,172.2,35.2,33.3,51.9,701,32,9,162.2
2025-12-03 09:51:46+05:30,1256,172.5,42.4,33.3,48.0,679,17,4,175.2
2025-12-03 09:52:46+05:30,1256,174.7,40.8,33.5,50.5,687,51,8,182.0
2025-12-03 09:53:46+05:30,1256,167.8,43.3,33.4,53.0,640,36,6,200.1
2025-12-03 09:54:46+05:30,1256,168.8,39.7,34.1,52.1,639,36,7,223.2
2025-12-03 09:55:46+05:30,1256,166.8,39.9,33.5,52.4,765,40,4,168.6
2025-12-03 09:56:46+05:30,1256,171.4,42.4,33.5,53.7,684,29,8,186.0
2025-12-03 09:57:46+05:30,1256,173.3,40.9,33.4,51.6,568,19,5,185.7
2025-12-03 09:58:46+05:30,1256,168.8,36.4,33.7,55.9,750,27,5,191.8
2025-12-03 09:59:46+05:30,1256,175.0,36.2,33.7,51.1,666,38,11,211.3
2025-12-03 10:00:46+05:30,1256,168.8,45.5,32.9,51.8,598,45,4,167.2
2025-12-03 10:01:46+05:30,1256,173.1,39.5,33.4,50.6,625,39,6,187.1
2025-12-03 10:02:46+05:30,1256,168.5,37.4,33.1,48.5,588,26,0,165.9
2025-12-03 10:03:46+05:30,1256,172.2,44.2,33.4,55.4,661,37,6,174.1
2025-12-03 10:04:46+05:30,1256,169.2,38.9,33.1,56.3,667,10,3,156.5
2025-12-03 10:05:46+05:30,1256,171.3,43.8,33.6,54.6,675,31,0,196.3
2025-12-03 10:06:46+05:30,1256,172.0,42.5,33.0,54.5,650,26,1,143.2
2025-12-03 10:07:46+05:30,1256,170.7,39.8,33.3,54.5,667,26,3,157.2
2025-12-03 10:08:46+05:30,1256,171.2,42.0,32.7,51.0,674,28,0,233.8
2025-12-03 10:09:46+05:30,1256,169.1,39.2,33.5,47.7,619,36,5,185.3
2025-12-03 10:10:46+05:30,1256,167.3,43.3,33.5,52.7,574,24,4,174.2
2025-12-03 10:11:46+05:30,1256,173.0,33.8,33.5,53.2,610,30,3,159.9
2025-12-03 10:12:46+05:30,1256,175.1,39.5,33.1,54.2,727,36,10,179.3
2025-12-03 10:13:46+05:30,1256,176.7,39.9,33.0,53.7,646,17,9,173.4
2025-12-03 10:14:46+05:30,1256,170.5,40.0,33.6,49.9,616,32,0,181.5
2025-12-03 10:15:46+05:30,1256,169.8,43.2,33.4,53.4,687,32,4,198.2
2025-12-03 10:16:46+05:30,1256,169.9,39.1,33.3,53.7,645,49,4,166.6
2025-12-03 10:17:46+05:30,1256,173.5,41.2,32.8,52.7,632,32,1,143.4
2025-12-03 10:18:46+05:30,1256,174.9,45.8,33.1,48.8,602,17,4,205.2
2025-12-03 10:19:46+05:30,1256,169.8,42.6,33.4,51.1,648,15,5,203.9
2025-12-03 10:20:46+05:30,1256,172.1,41.6,33.7,54.8,584,33,5,154.3
2025-12-03 10:21:46+05:30,1256,167.6,39.7,33.8,52.9,639,26,4,187.1
2025-12-03 10:22:46+05:30,1256,166.6,36.6,33.4,49.6,683,33,5,175.1
2025-12-03 10:23:46+05:30,1256,171.1,43.8,33.1,51.1,701,27,5,188.6
2025-12-03 10:24:46+05:30,1256,168.5,42.4,33.3,53.4,721,34,1,180.6
2025-12-03 10:25:46+05:30,1256,170.7,39.1,33.2,51.4,595,37,3,185.3
2025-12-03 10:26:46+05:30,1256,166.4,39.4,33.5,54.1,609,17,8,151.3
2025-12-03 10:27:46+05:30,1256,170.5,41.5,33.2,53.2,664,34,2,177.4
2025-12-03 10:28:46+05:30,1256,170.1,40.6,33.6,54.0,595,23,0,184.8
2025-12-03 10:29:46+05:30,1256,176.5,41.5,33.7,54.4,717,27,6,171.0
2025-12-03 10:30:46+05:30,1256,173.0,39.5,32.8,52.6,639,21,7,187.6
2025-12-03 10:31:46+05:30,1256,172.4,43.6,33.3,49.6,593,47,3,206.6
2025-12-03 10:32:46+05:30,1256,173.0,39.5,33.7,52.6,617,16,0,192.5
2025-12-03 10:33:46+05:30,1256,170.5,41.0,33.3,53.1,666,37,9,194.4
2025-12-03 10:34:46+05:30,1256,172.6,37.9,33.1,50.9,616,29,0,185.1
2025-12-03 10:35:46+05:30,1256,170.0,45.3,32.9,51.3,717,25,2,181.9
2025-12-03 10:36:46+05:30,1256,172.0,36.0,33.5,52.1,712,23,7,157.2
2025-12-03 10:37:46+05:30,1256,174.0,42.1,33.4,46.8,653,33,0,168.8
2025-12-03 10:38:46+05:30,1256,164.3,41.6,33.2,49.8,772,18,8,204.2
2025-12-03 10:39:46+05:30,1256,170.9,41.7,33.1,53.6,609,34,5,193.3
